;Feng Guide


#introduction
Section
"Feng Wei is a 'Jack of all trades, master of none' character who delivers extremely well when it comes down to poking at small distances with his jab strings ""1,3"", ""1,2"", ""1,1"", a psuedo homing mid ""B+4"" and a i14 ""DF+1"". Combining this with 'Evasive' moveset of Feng makes him a unique blend of evasive offense. Whole of his gameplan revolves arond instigating the opponent to retaliate into his poking after which Feng can retaliate back with his fast Counter-hit tools like ""B+1"", ""1,1"", ""UF+2"", highly rewarding parries like ""F+1+2"" and Back Kenpo ""B+3+4"" evasion. Even though Feng might look too good on paper, he is extremely balanced and has to take risks against defensive players be it by dashing or by choosing risky pokes like ""DB+3"" to keep the offense. 
"
"Feng is extremely beginner friendly, strong fundamental based character with enough ""speciic' scenario based options that can be handy in alot of matchups (i.g Nina/Anna). If you're a fan of keeping up the high pace and high awareness in split second decisions, this character is built for you."


#strengths
Strength
Pokes: Has one of the best arsenal of pokes if not the best. Variety of lows and mids extremely compatible to each other.
"Strong Defensive Tools: Arguably the most risk-free rewarding stances in the game ""F+3+4"" and ""B+3+4"" on addition with other retaliation options such as ""B+1"" and ""UF+2""."
Ease Of Play: Simple commands promotes player to dive straight into mindgames rather than struggling with execution.



#weaknesses
Weakness
Has to engage in multiple interactions which requires strong awareness and may expose the player to counterhits.
Weak to sidestep left, even though he has a i12 mid which tracks to both sides. It creates distance on hit which renders the whole concept of poking difficult to enforce.
Struggles in mid-range, backdash into duck at mid range is one of the effective strategies against feng.


#heat_system
Mechanic
"Feng's heat system adds another of mindgame allowing a mid extension to ""B4 -> B4, 3+4"", which is +7 on-block but 'interuppted by i11/SSR"". This move also greatly enhances his wall damage unlocking a ""Spike Ender"" in open and wall situations both.
He may also access this extension directly by ""3+4"".
Moreover, FF1+2 (full hold) becomes a guard-break with i10 guaranteed complimented by ""B1"" turning into a KND/wallsplat on-hit with guaranteed follow-up."



#key_moves
Command;Description
1 jab (plus extensions)
B4 (plus extensions)
DF1
DF4 (plus extensions)
F2,1
FFF+3
QCF1+2
B3
FF4
FF2
WS1
WS2
D4
D2
DB3
DB2 (and followups)
QCF1
SS4
FCDF4 
SS1+2
F4
F3












#panic_moves
Command;Description
UB+1;"Feng's ""Backswing Blow"", extremely risky being -15 on-block, gives a guaranteed followup on CH"
UF+2;Sidestep evasive panic button, minimal risk being -10 and gives a free followup on CH
B1;KND on CH with a free followup, comes at i10
F3+4;Shifting cloud parry, Feng gets a full launch upon parrying any 2 hits (elbows/knees/headbutts not included)
B3+4;Back kenpo, Feng's evasive backstep stance

#punishers_standing
Startup;Command;Description
i10 ;1,3;"""+8"" on hit, leaves close on hit"
i10 ;1,2,2;"Max damage i10 punish. ""+3 on hit"" but leaves far, can go into BT at ""+5"" as well"
i12;B4,2;Can transition in FC as well
i13;B1+2;Fastest heat engager
i15;UF+4
i18;F4



#punishers_crouching
Startup;Command;Description
i11;WS+4
i13;WS1,2;"""-1"" on hit, leaves closer on hit for continued pressure"
i13;WS1,3;Heat engager punish
i15;WS+3
i18;FC DF+2



#punishers_whiff
Command;Description
B1+2;Fastest heat engager whiff punish, good range
DF4,3;i15 wallsplat mid-high string, can be pseudo hit-confirm
F4;Natural i18 launcher
F3,4;Most damaging launcher Feng has, comes out at i21

#combos_normal
Starter;Combo
Uf+4 | Ws+3;df+1 > FF+4, 3 > 1 > B+3










#combos_beginner
Starter;Combo








#combos_ender
Type;Combo
wall_break;F2,1,1+2
floor_break;F4,3 or B3 -> QCF1+2
carry;F3,4


#combos_wall
Type;Combo
normal;F3,1 -> B1+2
normal;1,3 -> B1+2
tornado;DF+3 -> B1+2 -> normal wall combo
normal;DF+1 -> B4, 3+4 (in heat) -> BT D+3


#combos_small
Starter;Combo
UF3;4~3
UF+2 CH;D4 -> B1+2 / B1+2
F3+4 -> 1+2;D3+4
B1 CH;B1+2
QCF1+2 CH;B1+2






#stances
Type;Command / Name;Description
stance;F3+4;"Shifting cloud (STC), inbuilt launching parry stance for the initial 3f - 18f (no elbows/knees/headbutt)
Stays in STC upon absorbing a single hit.
Used for retaliating against jab string, DF+1 strings etc"
stance;B3+4;Back Kenpo (KNP), evasive backstep generally used to evade without commiting a backdash. Can transition into STC by holding 'F'.  
stance;QCF/Snakedash;"Player may access this stance by inputting 'QCF'. Can transition into WS by ""D,DF n'  or invoke 'neutral' by cancelling QCF with 'up'. 
This stance is generally used to switch timings and in closing distances."


#frame_traps
Starter;Trap
1;B1
D4;B1
DF1;B1
DB3;WS2


#knowledge_checks
Command;Description
F4,2;-14 on-block but i10 punishers will whiff if attempted in panic.
FCDF4 -> BT mix;Opponent may option-select the BT mixup here by duck jabbing 
DF4,3 -> F3+4;Quick retaliation with 1,2 jabs will result in getting launched




#defense_tips
Title;Description
Sidestep Left
Backdash -> Duck at midrange
Elbow/Knees


#defense_moves
Command;Description
1,3
B4,2
DF1
DB3
D2
QCF1+2
FCDF4



#resources_external
Url;Name






#credits
name;url;role
TBA;;author





#about_author
Section




#about
Property;Value
GameVersion;2.04.00
LastUpdated;2025-08-13
