;Paul-Guide


#introduction
Section
"In diesem Meer aus Aggression, das Tekken 8 ist, ist Paul ein erfrischend defensiver Charakter, der auf Reads für GROSSE Belohnungen setzt. Seine Punishes von 10 bis hin zu 18 Frames sind extrem schmerzhaft und genau darauf ausgelegt, dass der Gegner Angst hat, irgendetwas anderes zu machen. Sobald der Gegner einfriert, ist für Paul Party angesagt. Duckt der Gegner, hat Paul einen starken Heat Engager auf Mid (""QCB2""), der auf Block safe ist und in Heat launcht. Außerdem hat er mit Hammer of the Gods (""F1+2"") einen langsameren Mid, der +3 auf Block ist und bei Counter Hit einen Deathfist als Follow-up ermöglicht. Bleibt der Gegner stehen, fegt ihn Pauls starker Demolition Man (""d4, 2, 1+2"") von den Füßen und es geht zurück in die Neutral. Paul hat ein komplettes Wurfspiel (""2+4~B"", ""DF1+3"" und ""UF1+2"") sowie zusätzliche Würfe, die die Seiten tauschen (""B1+4"" und ""F, F+1+2""). Das Spannendste an Paul ist sein Hang zu hohem Schaden. Wenn du seine Execution meisterst, hat er unglaublichen Schaden in Wandcombos, den höchsten im ganzen Spiel (""3,2"", Backsway Up Cancel ""QCF2""). "
Paul ist leicht zu lernen und hat ein extrem hohes Skill Ceiling. Sobald du Paul beherrschst, lassen sich die Fähigkeiten und das Wissen, das du gewinnst, leicht auf andere Charaktere übertragen!


#strengths
Strength
Schaden: Pauls Schadenspotenzial ist unerreicht. Mit sauberer Execution ist er locker der Charakter mit dem meisten Schaden im Spiel. Selbst ohne seine schwere Wandcombo teilt er ordentlich aus. 
Wanddruck: Sehr starke Mids und ein Low mit Knockdown machen diesen Charakter an der Wand zum Albtraum. 
Komplettes Wurfspiel: Einer der wenigen Charaktere mit einem perfekten Wurfspiel. Er hat einen Wurf für jeden Break-Input.
"Defensivmonster: Pauls Counter-Hit-Moves und sein allgegenwärtiges ""DF2"" halten viele Gegner mit wenig Risiko auf Abstand."


#weaknesses
Weakness
"Klobig: Viele beschreiben Paul als ""clunky"" oder ""slow"". Viele seiner Moves haben einen langsameren Startup (zum Beispiel 14F ""Df1"")"
"Generfte Panic Buttons: Seit die Schulter ""D1+2"" kürzlich generft wurde, geht sie nicht mehr unter Jabs durch. Er hat nur noch ""F1+4"" und ""4"" als Panic Moves, und die lassen sich leicht baiten. Mit Paul musst du damit klarkommen, viel zu blocken, und in einem Spiel wie Tekken 8 ist das extrem beängstigend."
"Standardcombos können manchmal danebengehen (schuld ist ""DPD.df+2,1""), und er ist anfällig für Sidesteps nach rechts. "


#heat_system
Mechanic
"In Heat hat Paul Guard-Break-Attacken (""H.D1,2*"", ""H.B2,1*""). Sein Deathfist ist mit -12 außerdem sicherer. Durch den Abstand ist er oft sogar komplett safe. Er kann ""H.FF2,1+2"" einsetzen, einen starken, vorrückenden Mid-Mid-String nur für Heat, der +1 auf Block ist. Auf Hit gibt es einen Wall Splat. Auch sein ""H.DF1+3, QCF2"" gibt aus größerer Entfernung einen Wall Splat."



#key_moves
Command;Description
DF1 (and extensions);"Df1 ist Pauls wichtigster Mid-Poke und hat viele Fortsetzungen. ""Df1,1,2"" ist ein Mid-High-Mid-String, der bei Counter Hit einen Deathfist als Follow-up gibt. Viele ducken die 1, weil sie ein High ist. Das kannst du mit ""df1"", Backsway Cancel in ""df1"" checken. Du kannst auch ""df1"", Backsway 2 (""qcb+2"") für den safen Mid-Heat-Engager machen. Df1, Backsway 4 (""qcb+4"") ist Pauls schneller, homender High, der bei Counter Hit launcht. Df1, Backsway 1+2 (""QCB+1+2"") ist der ausweichende Mid-Launcher, der nur -14 ist. Df1 ""[backsway 3,2,1](qcb+3,2,1)"" oder ""[3,2,3](qcb+3,2,3)"" gibt einen Wall Splat bzw. einen Launch bei Counter Hit und bestraft damit Masher. Viele dieser Optionen lassen sich mit SSR schlagen, aber wenn du den DF1-Backsway-Cancel meisterst, kannst du JEDEN Move aus Pauls Repertoire machen, was unendliche Möglichkeiten eröffnet  "
DF2;"Pauls bester Keep-out-Button. Er launcht keine geduckten Gegner, ist aber mit -8 auf Block komplett safe. Gute Reichweite und Potenzial für eine verheerende Combo. Seine beste Eigenschaft ist, dass er unter Jabs durchgeht. Gegen Charaktere, die mit Jabs poken (Mishimas, Dragunov), ist er extrem effektiv.  Ein gutes Setup ist ""QCF1"" in ""DF2"", denn wer gern mit einem Jab kontert, wird gelauncht."
F4;Meiner Meinung nach wohl Pauls bester Move. Dieser Move kann einfach alles. Er ist ein relativ schneller, homender, safer Mid mit Low Crush, der Heat aktiviert. In früheren Seasons hat er in Heat sogar voll gelauncht (verrückt). Das ist der Button, wenn du auf Range 3 nicht weißt, was du tun sollst. Er hat eine große Reichweite und erwischt Leute, die viel sidesteppen. Nur -5 auf Block. 
B4;Für mich Pauls bester Low. Er hat 20F Startup, ist auf Hit aber +4 und bereitet damit perfekt einen schnellen Mix aus Mid oder einem weiteren schnellen Low vor. Nur -12 auf Block, also für den Großteil des Casts nur ein minimaler Punish. Dieser Low ist ein Lackmustest dafür, ob dein Gegner gern masht. Wird er von B4 getroffen und drückt danach, kannst du deine Offense frame-tight halten und direkt einen schnellen Button drücken, um ihn zu unterbrechen. Wird er getroffen und macht nichts, ist er vielleicht eher zögerlich und blockt gern, und du kannst ein weiteres B4 oder sogar einen Demolition Man vorbereiten. Dieser Low hat außerdem ordentliches Tracking zu seiner schwachen Seite. 
F2;"Das ist Pauls ""electric."" Ein 13F High, der Heat aktiviert. Nur -5 auf Block und kann auf Hit auch in die neue Stance Deep Dive übergehen. Er hat etwas Tracking zu beiden Seiten, ist aber vor allem wegen seiner Geschwindigkeit ein super Button zum Unterbrechen oder für Whiff Punishes. Umgekehrt ist er selbst fast unmöglich zu whiff-punishen. "
QCF3;"Ein weiterer zentraler Low von Paul. Neutral auf Hit, -14 auf Block. Ordentlicher Schaden, und das Beste: Er weicht aus. Im letzten Teil des Moves ist Paul geduckt, deshalb geht er oft unter Highs durch. Bei Counter Hit gibt es ""D2"" als Follow-up (durchbricht den Boden, löst Floor Blasts aus) oder einen garantierten Demoman. Ein Lackmustest-Move: Mit den 0F auf Hit zeigt er dir, was für ein Spieler dein Gegner ist. Masht er, ist er aggressiv. Macht er nichts, ist er eher zögerlich. Dieser Low bereitet auch deine Mids vor (""QCF3+4"")."
F1+2 ;"Pauls wichtigster Move, der auf Block plus ist. Er wurde gebufft und gibt jetzt bei Counter Hit ein garantiertes Follow-up. Wenn du df hältst, geht er auch in Deep Dive über. Normalerweise ist er +3 auf Block, beim Übergang in Deep Dive 0 auf Block. Mit diesem Move kannst du mit deiner Offense mehr Druck machen. Du kannst sofort ""df1"" machen, um deinen Gegner an Ort und Stelle zu halten, oder einen Low, um weiter Schaden zu machen. Noch ein Lackmustest-Button. Achte genau darauf, was dein Gegner macht, während er bei -3 ist. "
QCB4;"Pauls schneller, homender High, der bei Counter Hit launcht. Ein toller Keep-out-Move mit ordentlicher Reichweite und +1 auf Block. Mit unterschiedlichem Timing eingesetzt, ist er ein verheerender Counter-Hit-Button, bei dem dein Gegner es sich zweimal überlegt, ob er näher kommt. Lässt sich mit ""DF2"" kombinieren."
QCB1+2 | B3+4, 1+2;"Pauls Launcher/Punisher mit großer Reichweite. Er weicht vielen Highs aus und ist nur -14. Er hat eine absurde Reichweite, ideal gegen Leute, die gedankenlos jabben oder aus großer Entfernung einen High-Move einsetzen. Wenn du ""B3+4"" machst und danach 1+2 drückst, kommt der Move 2 Frames schneller und wird zu einem großartigen Launcher, der viele Optionen schlägt."
QCF2;Pauls Markenzeichen, der Deathfist. -17 auf Block, macht aber 45 Schaden. Setz ihn nie in der Neutral ein, aber wenn er trifft, richtet er enormen mentalen Schaden an und lässt deinen Gegner alles hinterfragen. In Heat ist er -12 auf Block und launcht deinen Gegner aus ordentlicher Entfernung an die Wand. Als Heat Dash eingesetzt ist er auf Block komplett safe. Launcht in Heat außerdem. 
D4, 2, 1+2 (Demoman);"Pauls berühmter Low mit Knockdown. Macht viel Schaden und gibt als Combo-Ender einen Wall Splat. An der Wand bilden dieser Move und ""QCB2"" oder ""UB2"" Pauls gefürchtetes 50/50. Auf Block ist er -31, also ein GROSSES Risiko. Die Reichweite kann problematisch kurz sein, aber das lässt sich ausgleichen, indem du vor dem Input einen Dash machst. Trotz seiner Schwächen ist er ein nützliches Werkzeug in seinem Kit. "
B3;Pauls 14F Launcher aus dem Stand. Er hat kurze Reichweite, kann aber Low Heat Smashes zuverlässig punishen. In der Neutral kannst du diesen Launcher jederzeit rauswerfen. Er ist auf Block safe (-6). Erwischt auch Leute, die nach rechts sidesteppen. Du kannst B3 auch nach B4 einsetzen, denn viele sidesteppen nach rechts, um vielen von Pauls Optionen auszuweichen.
DF4;"Ein 17F Mid, der bei Counter Hit garantiert ""F2"", ""B1,2"" oder ""D1+2"" gibt. Ein starker, vorrückender Mid, der +8 auf Hit und nur -2 auf Block ist. Versucht dein Gegner danach einen langsameren Move, kannst du also einfach weiterdrücken. Du kannst danach auch sidesteppen und auf ein ""DF2"" fischen. Mit +8 auf Hit kann dein Gegner danach nicht steppen, das macht ihn zu einem tollen Werkzeug, um deinen Gegner in Schach zu halten. "
WS1,2~b (Sway);"Der voll verzögerbare 15F Mid-Mid-String aus der Hocke. Ein tolles vorrückendes Werkzeug, das bei Counter Hit auf der 2 außerdem garantiert ""[backsway 2](qcb+2)"" oder ""[backsway 4](qcb+4)"" gibt. Ist WS1 ein Counter Hit, ist auch die 2 garantiert. Nur -10 auf Block, und mit einem Backsway Cancel kannst du ihn safe machen. "
SS3;"Pauls Sidestep-Low. Auf Block ist er -12, auf Hit +4. Bei Counter Hit gibt es garantiert ""d1+2"". An der Wand ist das ein verheerender Move. Mix ihn mit SS ""QCB2"" oder ""UB2"" für die Chance auf einen Wall Splat. Er hat weniger Tracking als in T7 und ist wegen des Sidesteps etwas leichter zu lesen, aber trotzdem ein tolles Werkzeug, um den Druck aufrechtzuerhalten. Bereitet auf Hit an der Wand einen Demolition Man vor!"
DPD df+4 | FC DF4;Pauls neuer Low aus seiner neuen Stance. Sein 'Hatchet Kick'. Er ist +3 auf Hit und nur -13 auf Block. Super zum Mixen mit den Mids aus der Hocke oder aus seiner Deep-Dive-Stance. Nutze ihn, um aus Deep Dive weiter Druck zu machen. Vorsicht vor Counter Hits, denn er führt den Move im Stehen aus.
UB2;Dieser Move hat seine homende Counter-Hit-Launch-Eigenschaft aus T7 verloren, gibt dafür aber fast immer einen vollen Wall Splat, selbst wenn die Wand komplett senkrecht zu dir steht. Nur -5 auf Block. An der Wand ist dieser Move verheerend. Er lässt sich auch aufladen, um Homing zu bekommen, und in Heat kann er Leute aus EXTREM großer Entfernung an die Wand launchen, selbst wenn die Wand komplett links neben dir ist. 
D1;"Ein 14F Mid mit Mid- (""D1,2"") oder Low-Fortsetzung (""D1,4,2""). Der Low ist ein Klassiker, um Runden zu beenden. ""D1,2"" ist in Heat ein verstärkter Move und launcht deinen Gegner an die Wand, wenn die 2 trifft. D1 selbst ist ein wuchtiger Mid mit guter Hitbox, der Sidestepper erwischt. -9 auf Block. Wenn du nach D1 unten hältst, erholt sich Paul in der Hocke. "
D1+2;Ein 12F Mid, der bei Counter Hit ein Follow-up gibt. Bei manchen Setups ging er früher unter Jabs durch, aber der letzte Patch hat diese Eigenschaft entfernt. Du kannst ihn trotzdem einsetzen, wenn die Offense deines Gegners nicht frame-tight ist. Gibt einen MASSIVEN Counter Hit mit bis zu 55 Schaden. -18 auf Block, also als Panic Move sparsam einsetzen. 
F1+4 | U1+2;Pauls ausweichende Schulter. Realistisch gesehen sein einziger Panic Move. Er steppt nach links und macht eine Schulter. Sie weicht EXTREM gut aus, und du solltest sie einsetzen, wenn dein Gegner seine Offense ohne viel Nachdenken fortsetzt. Geht auch unter Highs durch (unter Lidias QCF4 und sogar Steves UF2). -14, also setz sie sparsam ein, weil Leute sie baiten können. 
H.FF2,1+2 | H.FC DF2,1+2;In Heat wird der FF2-String extrem stark. Dieser Move ist ein nicht unterbrechbarer, vorrückender Mid-Mid, der +1 auf Block ist. Auf Hit schickt er deinen Gegner weit an die Wand und gibt einen Wall Splat, also eine volle Wandcombo. Ein Trick, um den Move zuverlässig rauszubekommen: FF2 drücken, die 2 halten und dann 1 drücken und halten. 
DB1+2;Mid Power Crush, der einen Deathfist als Follow-up gibt. -14 auf Block. Mit 20F ist dieser Power Crush relativ schnell und kann viele Strings unterbrechen (zum Beispiel Clives 2,2,2, Dragunovs f3, 1+2 und Annas ff3,2)
B1+2;High Power Crush, der auf Block safe ist. Dieser Power Crush ist langsam genug, um viele Moves zu absorbieren, und eine sicherere Option, wenn der Gegner mit einem String drückt. 
QCF3+4;"Safer Mid-Knie aus dem Sway. Nutze ihn als Mixup mit ""qcf3"". Gibt auf Hit einen garantierten Deathfist. Bei Counter Hit ist er ein Launcher mit Tornado am Anfang. Nutze dieselbe Combo-Route wie bei ""qcf1+2"" (siehe Combo-Abschnitt). "
UF2;Das ist Pauls neuer Sprung-Move, der auf Block plus ist. Er ist ein High, also sparsam einsetzen. Auf Block kannst du DF halten, um in Deep Dive überzugehen. +5 auf Block und +2 mit Deep Dive. Außerdem ein Heat Engager, der launcht. 










#panic_moves
Command;Description
F1+4;Pauls ausweichende Schulter, kann sich um 180 Grad bis in den Rücken des Gegners bewegen. Nutze sie, wenn du mit dem Rücken zur Wand stehst oder in der Neutral.
Db1+2;Mid Power Crush, gibt auf Hit einen garantierten Deathfist.
B1+2;High Power Crush, safe auf Block, etwas langsamer, kann dich aber aus einer brenzligen Situation holen.
D1+2;12F Mid, der bei Counter Hit ein Follow-up gibt. Crusht keine Jabs mehr, also vorsichtig einsetzen.
Ub1;Pauls Backswing Blow. Wird sehr selten eingesetzt. Er geht nicht weit genug zurück, weicht aber trotzdem einigen High-Moves aus. 

#punishers_standing
Startup;Command;Description
i10;1,2;10F Punisher, minimaler Schaden
i10;2,3;10F Punisher, macht mehr Schaden als 1,2. Gibt +8 auf Hit. High, High
i12;B1,2;High-Mid-Punisher mit Wall Splat, gibt in der Neutral einen Knockdown für Oki und nahe der Wand einen Wall Splat
i12;D1+2
i13;F2;High, Punish mit Heat Engager
i14;B3;Pauls 14F Launcher, kurze Reichweite, kann aber Dinge wie Low Heat Smashes zuverlässig punishen
i15;DF2
i15;Uf3,4;Pauls Shredder, besser als ein normaler Hopkick wegen des doppelten Kicks, Leute laufen da rein.
i18;QCB 1+2 | B3+4,1+2;Pauls Punisher mit der größten Reichweite und dem meisten Schaden. Zum Punishen von Moves ab -18.
#punishers_crouching
Startup;Command;Description
i11;ws4
i13;ws3,2;Voll hit-confirmbar, gibt Wall Splat
i14;[fc df2,1](dpd. df+2,1) | fc df2:1 | H. fc df2,1+2;Gibt Wall Splat, große Reichweite
i15;ws2;Gibt jetzt im Gegensatz zu T7 eine volle Combo




#punishers_whiff
Command;Description
f2;Extrem schneller High, Heat Engager
qcf2;Mid mit dem meisten Schaden, Heat Engager
df2;Sicherster Launcher mit riesigem Schadenspotenzial
QCB1+2 | B3+4, 1+2;Am besten auf Range 2/3: Leute zum Whiffen verleiten und dann punishen. Launcher mit dem meisten Schaden.

#combos_normal
Starter;Combo
Df2 | Qcf1 | uf4 | CH f1+2*;qcf1 > df4 > df1 backsway df ws 1,2 > backsway deep dive 2,1 > deep dive 1 > wr2
B3;3 > df4 > 3,2 backsway deep dive 2,1 > deep dive 1 > wr2
uf3,4 | ff3,4;df4, 3,2 backsway deep dive 1+2 > deep dive 1 > wr2
Qcb1+2;qcf1 > df4 > df1 backsway df ws 1,2 > backsway deep dive 2,1 > deep dive 1 > wr2
Low parry | qcf1+2;qcf1 > df1 backsway df ws 1,2 > backsway deep dive 2,1






#combos_beginner
Starter;Combo
Df2 | Qcf1 | uf4 | CH f1+2*;df4 > df1 backsway ws 1,2 > backsway deep dive 2,1 > deep dive 1 > wr2
B3;3,2 > 3,2 backsway deep dive 2,1 > deep dive 1 > wr2
uf3,4 | ff3,4;3,2 backsway deep dive 2,1 > deep dive 1 > wr2
Qcb1+2;df4 > 3,2 backsway deep dive 2,1 > deep dive 1 > wr2
Low parry;3,2 > 3,2 backsway deep dive 2,1
qcf1+2;df4 > 3,2 > 3,2 backsway deep dive 2,1


#combos_ender
Type;Combo
carry;FF2:1
floor_break;WR2
wall_break;Qcf2


#combos_wall
Type;Combo
normal;3,2 backsway 2
normal;3,2 D1+2 or 3,2 backsway up cancel qcf 2
tornado;qcb3,2,1 > low splat qcf2
tornado;qcb1+2 or db2 > 3,2 backsway up cancel qcf 2


#combos_small
Starter;Combo
4;db2 or dash up d1+2
d1+2;d1+2
db1+2 | ss1;qcf2
f1+2;qcf2
qcf3;d4,2,1+2 or d2
ss3;d1+2
df4;b1,2 or f2 (heat engager)




#stances
Type;Command / Name;Description
stance;sway/cormorant step;"Erreichbar mit einer ""qcf""- oder ""qcb""-Bewegung oder mit ""f3+4"" oder ""b3+4"". Geht auch aus der Neutral. "
stance;Deep dive;"Erreichbar mit ""qcf"" und einem ""df""-Input oder mit ""df3+4"""



#frame_traps
Starter;Trap
qcf3;2,3 or 1,2
f1+2;df1,1,2
b4;f2
f2 | f4;f1+4


#knowledge_checks
Command;Description
df1,1,2;Der 2. Hit von df1,1,2 ist ein High. Du musst ihn unterducken und launchen, bevor der letzte Hit kommt. Bist du zu langsam, trifft dich die letzte 2, und es gibt einen Deathfist als Follow-up.
qcf1 > df2;"Paul-Spieler machen das, um den Konter-Jab nach ""qcf1"" zu launchen. ""Df2"" geht unter vielen Jabs durch. "
H. d1,2*;Das ist Pauls Guard Break. Auf Block kannst du mit einem Jab oder einem Jab aus der Hocke kontern, und wenn d1 trifft (kein Counter Hit), blockst du. Auf Block kannst du auch SSR machen und launchen.
H. b2,1*;Ein weiterer Guard Break von Paul. Kontere auf Block mit einem Jab oder einem Jab aus der Hocke. Viele machen das oft an der Wand. Halte unbedingt zurück und drück Jab oder Jab aus der Hocke, um den 2. Hit zu unterbrechen. 
qcb3,2,1 | qcb3,2,3;Der letzte Hit ist entweder ein High oder ein Mid. Mit einem Fuzzy Duck blockst du den letzten Hit immer. Wenn du duckst, launch mit einem WS-Launcher. Wenn du blockst, nimm deinen 13F WS-Punisher. 
f2 > d1+2 (rip);Früher ist D1+2 Jabs ausgewichen, jetzt nicht mehr. Du musst nur jabben, um d1+2 zu stoppen. 

#defense_tips
Title;Description
Sidestep nach rechts;"Vielen von Pauls Moves fehlt Tracking zu seiner linken Seite (deiner rechten). ""Df1"" ist sein guter Move mit Tracking nach links, aber das sollte dich nicht davon abhalten, nach rechts zu sidesteppen. Viele Paul-Spieler fischen nach DF2, und vielen seiner DF1-Optionen kannst du mit einem Sidestep nach rechts und Ducken ausweichen. "
Bleib weit weg ODER ganz nah dran;Pauls gefährlichste Distanz ist etwa Range 2, weil viele seiner Keep-out-Moves so weit reichen. Du kannst noch weiter weg bleiben, um seine Keep-out-Moves zu baiten und zu punishen, oder noch näher rangehen, damit er seine Panic Moves einsetzen muss (die sehr gut punishbar sind). Viele von Pauls guten Moves haben einen langen Startup, was ihn anfällig für schnelle Counter-Hit-Moves macht. 
Kein sofortiger Tech Roll an der Wand;Wenn du an der Wand sofort einen Tech Roll machst, bist du ihm ausgeliefert. Sein 50/50 ist an der Wand (und sogar in der Neutral) zu gut. Das kannst du vermeiden, indem du liegen bleibst und aufstehst, nachdem er dich am Boden getroffen hat, oder zur Seite rollst (um von der Wand wegzukommen) und zurückhältst, um sicher aufzustehen. Um meinen Kumpel RemyMartin zu zitieren: '50/50 ist nur ein Mixup, wenn du mitmachst, also mach nicht mit.'
Blocke lieber stehend;Viele von Pauls Lows machen wenig Schaden oder haben sehr kurze Reichweite (ein einziger Backdash weicht Demolition Man selbst an der Wand aus). Versuch, gegen ihn meistens stehend zu blocken. 

#defense_moves
Command;Description
df1,1,2;Der zweite Hit ist ein High, also duck dich und punishe ihn. Bist du zu spät oder kassierst einen Counter Hit, ist der letzte Hit garantiert und gibt einen Deathfist als Follow-up. 
df1 (and its options);"Fast allen df1-Optionen (Backsway) kannst du mit SSR und Ducken ausweichen. Damit weichst du den Mids (""qcb2"", ""qcb1"", ""qcb1+2""), dem homenden High (""qcb4"") und dem Low (""qcb3"") aus."
F1+4 | U1+2;Jeder Paul setzt diesen Move ein, um aus einer Paniksituation rauszukommen. Du schlägst ihn, indem du deine Offense ab und zu pausierst. Meistens setzen sie ihn ein, wenn sie mit dem Rücken zur Wand stehen oder wenn du einen Stance-Move auf Block machst. 
Ws1,2 (string) | Df1 (string);Auf Block kannst du mit einem schnellen Mid (am besten 12F) oder einem Jab challengen, um fast alle Optionen zu stoppen (qcb1+2 geht trotzdem drunter durch). Achte auf ihre Moves auf Block. 
3,2;3,2 ist ein Mid-High-Move, den viele Pauls auf niedrigeren Rängen machen, um an ihre Backsway-Optionen zu kommen. Duck den letzten Hit immer und launch ihn.
F1+2 | F1+2 deep dive;F1+2 ist auf Block nur +3. Vielen seiner Optionen danach kannst du mit einem Backdash ausweichen oder sie blocken. Geht er in Deep Dive, kannst du mit ws4 unterbrechen (sollte traden) oder einfach die folgenden Moves blocken.
df1+3 (throw);Gibt einen Wall Splat oder, wenn er Heat hat, einen Launch an die Wand. Diesen Wurf zu breaken ist wichtig.
Ub2* | H.ff2,1+2;Beide Moves sind auf Block nur +1. Challenge, um die folgenden Moves zu unterbrechen.


#resources_external
Url;Name
https://youtu.be/UZHMJMiShEM?si=eH_JVCgDE_zO-6Pf;Paul-Guide-Video von Mwkan7
https://youtu.be/e7w84lycV7A?si=qY6xXHsi-ShoN_fK;Paul-Df1-Video 
https://youtu.be/hsJm7g9Dz8g?si=t9yoQGHTnEB-ua0Z;Optimierung von Pauls Combos und Wandcombos



#credits
name;url;role
Romanjelly;https://x.com/TheRomanjelly | https://www.youtube.com/@Romanjelly | https://www.twitch.tv/romanjelly;author





#about
Property;Value
GameVersion;3.02.02
LastUpdated;2026-09-27




#about_author
Section
Romanjelly ist ein indonesisch-amerikanischer Paul-Spezialist und einer der bekanntesten Paul-Spieler in den USA. Er ist dafür bekannt, Paul bis ins Detail im Training Mode zu analysieren, und teilt sein Wissen als Content Creator: Er streamt regelmäßig auf [Twitch](https://www.twitch.tv/romanjelly) und postet Paul-Content auf [YouTube](https://www.youtube.com/@Romanjelly). Außerdem bietet er [Coaching](https://docs.google.com/forms/d/e/1FAIpQLSd5wg9ArNG1YmdnU2BdJVYdn0CRW1oVwpBvALotigofrbK3eQ/viewform) für Spieler an, die ihr Tekken aufs nächste Level bringen wollen.
