;پال گائیڈ


#introduction
Section
"جارحیت کے اس سمندر میں جو ٹیکن 8 ہے، پال ایک تازگی بخش دفاعی کریکٹر ہے جو حریف کو پڑھ کر بڑے فائدے حاصل کرتا ہے۔ 10 فریم سے لے کر 18 فریم تک اس کے بلاک پنش انتہائی سخت ہیں اور خاص طور پر اس لیے بنائے گئے ہیں کہ حریف کچھ اور کرنے سے ڈرے۔ جب حریف جم جانا شروع کرے تو پال کا وقت آ جاتا ہے۔ اگر حریف جھکے تو پال کے پاس ایک طاقتور ہیٹ انگیجر مڈ (""QCB2"") ہے جو بلاک ہونے پر محفوظ ہے اور ہیٹ میں لانچ کرتا ہے۔ اس کے پاس ایک سست مڈ (""F1+2"") بھی ہے جو بلاک ہونے پر پلس 3 ہے اور کاؤنٹر ہٹ پر ڈیتھ فسٹ کا فالو اپ دیتا ہے۔ اگر حریف کھڑا رہے تو اس کا طاقتور ڈیمولیشن مین (""d4, 2, 1+2"") حریف کو گرا کر صورتحال کو دوبارہ نیوٹرل پر لے آتا ہے۔ پال کے پاس مکمل تھرو گیم (""2+4~B""، ""DF1+3"" اور ""UF1+2"") کے ساتھ ساتھ سائیڈ بدلنے والی اضافی تھروز (""B1+4"" اور ""F, F+1+2"") بھی ہیں۔ پال کی سب سے دلچسپ بات اس کا زیادہ ڈیمج ہے۔ جب اس کی ایگزیکیوشن پر عبور حاصل ہو جائے تو اس کا وال کومبو ڈیمج کمال کا ہے اور گیم میں سب سے زیادہ ہے (""3,2""، بیک سوے اپ کینسل ""QCF2"")۔ "
پال سیکھنے میں آسان کریکٹر ہے لیکن اس میں مہارت کی حد بہت اونچی ہے۔ ایک بار پال پر عبور حاصل کر لیں تو جو مہارت اور علم آپ حاصل کریں گے وہ آسانی سے دوسرے کریکٹرز پر بھی کام آئے گا!


#strengths
Strength
ڈیمج: پال کا ممکنہ ڈیمج بے مثال ہے۔ اچھی ایگزیکیوشن کے ساتھ وہ آسانی سے گیم کا سب سے زیادہ ڈیمج کرنے والا کریکٹر ہے۔ مشکل وال کومبو کے بغیر بھی اس کی مار بہت زوردار ہے۔ 
دیوار پر دباؤ: بہت مضبوط مڈز اور حریف کو گرانے والا لو اس کریکٹر کو دیوار کے پاس ایک ڈراؤنا خواب بنا دیتے ہیں۔ 
مکمل تھرو گیم: ان چند کریکٹرز میں سے ایک جن کا تھرو گیم بالکل مکمل ہے۔ تھرو توڑنے کے ہر بٹن کامبینیشن کے لیے اس کے پاس ایک تھرو ہے۔
"دفاعی دیو: پال کے کاؤنٹر ہٹ موووز اور ہمیشہ دستیاب ""DF2"" کم خطرے کے ساتھ بہت سے حریفوں کو دور رکھتے ہیں۔"


#weaknesses
Weakness
"بھاری پن: بہت سے لوگ پال کو ""clunky"" یا ""slow"" کہتے ہیں، یعنی بھاری اور سست۔ اس کے بہت سے موووز کا اسٹارٹ اپ سست ہے (مثال کے طور پر 14F والا ""Df1"")۔"
"کمزور کیے گئے پینک بٹن: حالیہ نرف کے بعد ""D1+2"" شولڈر اب جیبز کے نیچے سے نہیں گزرتا۔ اس کے پاس پینک موووز کے طور پر صرف ""F1+4"" اور ""4"" ہیں، جنہیں آسانی سے نکلوایا جا سکتا ہے۔ پال کے ساتھ آپ کو بہت زیادہ پیچھے ہٹ کر بلاک کرنے کی عادت ڈالنی ہوگی، اور ٹیکن 8 جیسی گیم میں یہ بہت ڈراؤنی بات ہے۔"
"بنیادی کومبوز کبھی کبھی چھوٹ جاتے ہیں (""DPD.df+2,1"" اس کی اصل وجہ ہے) اور یہ دائیں سائیڈ اسٹیپ کے خلاف کمزور ہے۔ "


#heat_system
Mechanic
"ہیٹ میں پال کے پاس گارڈ بریک حملے ہیں (""H.D1,2*""، ""H.B2,1*"")۔ اس کا ڈیتھ فسٹ بھی بلاک ہونے پر مائنس 12 کے ساتھ زیادہ محفوظ ہو جاتا ہے، اور فاصلے کی وجہ سے اکثر مکمل طور پر محفوظ ہوتا ہے۔ وہ ""H.FF2,1+2"" کر سکتا ہے، جو صرف ہیٹ میں دستیاب آگے بڑھنے والی مضبوط مڈ، مڈ اسٹرنگ ہے اور بلاک ہونے پر پلس 1 ہے۔ ہٹ ہونے پر یہ وال اسپلیٹ کرتی ہے۔ اس کا ""H.DF1+3, QCF2"" بھی زیادہ فاصلے سے وال اسپلیٹ کر سکتا ہے۔"



#key_moves
Command;Description
DF1 (and extensions);"پال کا مرکزی مڈ پوک Df1 ہے، اور اس کی بہت سی ایکسٹینشنز ہیں۔ ""Df1,1,2"" مڈ، ہائی، مڈ کاؤنٹر ہٹ اسٹرنگ ہے جو ڈیتھ فسٹ کا فالو اپ دیتی ہے۔ بہت سے لوگ 1 کے نیچے جھک جاتے ہیں کیونکہ یہ ہائی ہے۔ اسے جانچنے کے لیے آپ ""df1"" کے بعد بیک سوے کینسل کر کے دوبارہ ""df1"" کر سکتے ہیں۔ آپ ""df1"" کے بعد بیک سوے 2 (""qcb+2"") سے محفوظ ہیٹ انگیجر مڈ بھی کر سکتے ہیں۔ Df1 کے بعد بیک سوے 4 (""qcb+4"") پال کا تیز ہومنگ ہائی ہے جو کاؤنٹر ہٹ پر لانچ کرتا ہے۔ Df1 کے بعد بیک سوے 1+2 (""QCB+1+2"") بچ نکلنے والا مڈ لانچر ہے جو صرف مائنس 14 ہے۔ Df1 کے بعد ""[backsway 3,2,1](qcb+3,2,1)"" یا ""[3,2,3](qcb+3,2,3)"" بالترتیب وال اسپلیٹ یا کاؤنٹر ہٹ لانچ دیتے ہیں، اس لیے یہ بٹن دبانے والوں کو سزا دیتے ہیں۔ ان میں سے بہت سے آپشنز دائیں سائیڈ اسٹیپ سے ہار جاتے ہیں، لیکن DF1 بیک سوے کینسل پر عبور حاصل کر کے آپ پال کا کوئی بھی موو کر سکتے ہیں، جس سے لامحدود امکانات پیدا ہوتے ہیں۔  "
DF2;"حریف کو دور رکھنے کے لیے پال کا بہترین بٹن۔ یہ جھکے ہوئے حریف کو لانچ نہیں کرتا، لیکن بلاک ہونے پر مائنس 8 کے ساتھ مکمل طور پر محفوظ ہے۔ رینج اچھی ہے اور زبردست کومبو تک جا سکتا ہے۔ اس کی سب سے اچھی خوبی یہ ہے کہ یہ جیبز کے نیچے سے گزر جاتا ہے۔ جیبز سے پوک کرنے والے کریکٹرز (مشیما کریکٹرز، ڈریگونوف) کے خلاف یہ انتہائی مؤثر ہے۔ ""QCF1"" کے بعد ""DF2"" ایک اچھا سیٹ اپ ہے، کیونکہ جیب سے جواب دینے والے لانچ ہو جائیں گے۔"
F4;میری رائے میں شاید پال کا بہترین موو۔ یہ موو سب کچھ کرتا ہے۔ یہ نسبتاً تیز، لو کرش والا، ہومنگ، ہیٹ انگیجر اور محفوظ مڈ ہے۔ پچھلے سیزنز میں یہ ہیٹ میں مکمل لانچ کرتا تھا (کمال کی بات تھی)۔ جب رینج 3 پر سمجھ نہ آئے کہ کیا کریں تو یہی بٹن دبائیں۔ اس کی رینج بہت اچھی ہے اور یہ بہت زیادہ سائیڈ اسٹیپ کرنے والوں کو پکڑ لیتا ہے۔ بلاک ہونے پر صرف مائنس 5۔ 
B4;میری رائے میں یہ پال کا بہترین لو ہے۔ اس کا اسٹارٹ اپ 20F ہے، لیکن ہٹ ہونے پر یہ پلس 4 ہے، جو تیز مڈ یا ایک اور تیز لو کے مکس اپ کے لیے بالکل موزوں ہے۔ بلاک ہونے پر صرف مائنس 12، اس لیے زیادہ تر کریکٹرز کے لیے صرف معمولی پنش ہے۔ یہ لو اس بات کا امتحان ہے کہ آپ کا حریف بٹن دباتا ہے یا نہیں۔ اگر B4 لگنے کے بعد وہ بٹن دبائے تو آپ اپنا حملہ فریم ٹائٹ رکھ کر فوراً ایک تیز بٹن دبا کر اسے روک سکتے ہیں۔ اگر ہٹ لگنے کے بعد وہ کچھ نہ کرے تو شاید وہ محتاط ہے اور بلاک کرنا پسند کرتا ہے، جس سے ایک اور B4 یا ڈیمولیشن مین کا موقع بنتا ہے۔ اس لو کی ٹریکنگ پال کی کمزور سائیڈ کی طرف بھی کافی اچھی ہے۔ 
F2;"یہ پال کا ""electric."" ہے۔ 13F ہائی ہیٹ انگیجر۔ بلاک ہونے پر صرف مائنس 5، اور ہٹ ہونے پر نئے ڈیپ ڈائیو اسٹانس میں بھی جا سکتا ہے۔ اس کی ٹریکنگ دونوں طرف کچھ حد تک ہے، لیکن اپنی رفتار کی وجہ سے یہ حریف کو روکنے یا وِف پنش کرنے کے لیے بہترین بٹن ہے۔ اس کے برعکس اسے وِف پنش کرنا تقریباً ناممکن ہے۔ "
QCF3;"پال کا ایک اور بنیادی لو۔ ہٹ ہونے پر برابر، بلاک ہونے پر مائنس 14۔ معقول ڈیمج، اور سب سے اچھی بات یہ ہے کہ یہ بچ نکلنے والا ہے۔ موو کے آخری حصے میں پال جھک جاتا ہے، اس لیے اکثر ہائی حملوں کے نیچے سے نکل جاتا ہے۔ کاؤنٹر ہٹ پر یہ ""D2"" کا فالو اپ دیتا ہے (فرش توڑتا ہے اور فلور بلاسٹس فعال کرتا ہے) یا یقینی ڈیمولیشن مین۔ یہ امتحان والا موو ہے: ہٹ ہونے پر برابر (0F) ہونے کی وجہ سے یہ بتاتا ہے کہ آپ کا حریف کس قسم کا کھلاڑی ہے۔ اگر وہ بٹن دبائے تو جارحانہ ہے، اگر کچھ نہ کرے تو محتاط ہے۔ یہ لو آپ کے مڈز (""QCF3+4"") کے لیے بھی راستہ بناتا ہے۔"
F1+2 ;"پال کا مرکزی موو جو بلاک ہونے پر پلس ہے۔ اسے بف کیا گیا ہے اور اب کاؤنٹر ہٹ پر یقینی فالو اپ دیتا ہے۔ df دبائے رکھنے پر یہ ڈیپ ڈائیو میں بھی جا سکتا ہے۔ عام طور پر یہ بلاک ہونے پر پلس 3 ہے، اور ڈیپ ڈائیو میں جانے پر بلاک ہونے پر برابر (0) ہوتا ہے۔ اس موو سے آپ زیادہ دباؤ والا حملہ کر سکتے ہیں۔ آپ فوری ٹائمنگ پر ""df1"" کر کے حریف کو اپنی جگہ روک سکتے ہیں، یا لو سے ڈیمج جاری رکھ سکتے ہیں۔ یہ بھی امتحان والا بٹن ہے۔ جب حریف مائنس 3 پر ہو تو غور سے دیکھیں کہ وہ کیا کرتا ہے۔ "
QCB4;"پال کا تیز ہومنگ ہائی جو کاؤنٹر ہٹ پر لانچ کرتا ہے۔ یہ حریف کو دور رکھنے کا بہترین موو ہے، رینج معقول ہے اور بلاک ہونے پر پلس 1 ہے۔ مختلف ٹائمنگ کے ساتھ استعمال کرنے پر یہ زبردست کاؤنٹر ہٹ بٹن بن جاتا ہے جو حریف کو قریب آنے سے پہلے دو بار سوچنے پر مجبور کرے گا۔ اسے ""DF2"" کے ساتھ ملا کر استعمال کیا جا سکتا ہے۔"
QCB1+2 | B3+4, 1+2;"پال کا لمبی رینج والا لانچر اور پنشر۔ یہ موو بہت سے ہائی حملوں سے بچ نکلتا ہے اور صرف مائنس 14 ہے۔ اس کی رینج حد سے زیادہ لمبی ہے، جو بلا سوچے جیب مارنے والوں یا دور سے ہائی موو استعمال کرنے والوں کے خلاف بہترین ہے۔ اگر آپ ""B3+4"" کے بعد 1+2 دبائیں تو یہ موو 2 فریم تیز نکلتا ہے، جس سے یہ بہت سے آپشنز کو ہرانے والا شاندار لانچر بن جاتا ہے۔"
QCF2;پال کا مشہور ڈیتھ فسٹ۔ بلاک ہونے پر مائنس 17، لیکن 45 ڈیمج کرتا ہے۔ نیوٹرل میں اسے کبھی استعمال نہ کریں، لیکن اگر یہ لگ جائے تو حریف کو بہت بڑا ذہنی دھچکا لگتا ہے اور وہ ہر چیز پر شک کرنے لگتا ہے۔ ہیٹ میں یہ بلاک ہونے پر مائنس 12 ہے اور معقول فاصلے سے حریف کو دیوار تک لانچ کر دیتا ہے۔ ہیٹ ڈیش کے طور پر استعمال کرنے پر بلاک ہونے پر مکمل طور پر محفوظ ہے۔ ہیٹ میں لانچ بھی کرتا ہے۔ 
D4, 2, 1+2 (Demoman);"پال کا مشہور لو جو حریف کو گرا دیتا ہے۔ بہت زیادہ ڈیمج کرتا ہے اور کومبو اینڈر کے طور پر وال اسپلیٹ کرتا ہے۔ دیوار کے پاس یہ موو اور ""QCB2"" یا ""UB2"" مل کر پال کا خطرناک ففٹی ففٹی بناتے ہیں۔ بلاک ہونے پر یہ مائنس 31 ہے، اس لیے یہ بہت بڑا جوا ہے۔ اس کی رینج پریشان کن حد تک چھوٹی ہو سکتی ہے، لیکن موو سے پہلے ڈیش کر کے اس کمی کو کم کیا جا سکتا ہے۔ خامیوں کے باوجود یہ اب بھی اس کا ایک کارآمد ہتھیار ہے۔ "
B3;پال کا 14F اسٹینڈنگ لانچر۔ اس کی رینج کم ہے، لیکن اس سے لو ہیٹ اسمیش کو قابلِ اعتماد طریقے سے پنش کیا جا سکتا ہے۔ نیوٹرل میں آپ یہ لانچر کسی بھی وقت استعمال کر سکتے ہیں۔ بلاک ہونے پر محفوظ ہے (مائنس 6)۔ یہ دائیں سائیڈ اسٹیپ کرنے والوں کو بھی پکڑ لیتا ہے۔ B4 کے بعد B3 بھی استعمال کیا جا سکتا ہے، کیونکہ بہت سے لوگ پال کے آپشنز سے بچنے کے لیے دائیں سائیڈ اسٹیپ کرتے ہیں۔
DF4;"ایک 17F مڈ جو کاؤنٹر ہٹ پر یقینی ""F2""، ""B1,2"" یا ""D1+2"" دیتا ہے۔ یہ آگے بڑھنے والا مضبوط مڈ ہے جو ہٹ ہونے پر پلس 8 اور بلاک ہونے پر صرف مائنس 2 ہے، یعنی اگر حریف اس کے بعد کسی سست موو سے جواب دینے کی کوشش کرے تو آپ اسے نظر انداز کر کے حملہ جاری رکھ سکتے ہیں۔ آپ اس کے بعد سائیڈ اسٹیپ کر کے ""DF2"" کی کوشش بھی کر سکتے ہیں۔ ہٹ پر پلس 8 ہونے کی وجہ سے حریف اس کے بعد سائیڈ اسٹیپ نہیں کر پاتا، اس لیے یہ حریف کو قابو میں رکھنے کا بہترین ٹول ہے۔ "
WS1,2~b (Sway);"کراؤچ سے نکلنے والی، پوری طرح ڈیلے ہونے والی 15F مڈ، مڈ اسٹرنگ۔ یہ آگے بڑھنے کا بہترین ٹول ہے اور اگر 2 کاؤنٹر ہٹ ہو تو یقینی ""[backsway 2](qcb+2)"" یا ""[backsway 4](qcb+4)"" دیتی ہے۔ اگر WS1 کاؤنٹر ہٹ ہو تو 2 بھی یقینی ہو جاتا ہے۔ بلاک ہونے پر صرف مائنس 10، اور بیک سوے کینسل کر کے اسے محفوظ بنایا جا سکتا ہے۔ "
SS3;"پال کا سائیڈ اسٹیپ لو۔ بلاک ہونے پر مائنس 12 اور ہٹ ہونے پر پلس 4۔ کاؤنٹر ہٹ پر یقینی ""d1+2"" دیتا ہے۔ دیوار کے پاس یہ تباہ کن موو ہے۔ وال اسپلیٹ کے موقع کے لیے اسے سائیڈ اسٹیپ ""QCB2"" یا ""UB2"" کے ساتھ ملائیں۔ ٹیکن 7 کے مقابلے میں اس کی ٹریکنگ کم ہے اور سائیڈ اسٹیپ کی وجہ سے یہ تھوڑا پہلے سے نظر آ جاتا ہے، لیکن دباؤ جاری رکھنے کے لیے یہ اب بھی بہترین ٹول ہے۔ دیوار کے پاس ہٹ ہونے پر ڈیمولیشن مین کا سیٹ اپ بنتا ہے!"
DPD df+4 | FC DF4;پال کے نئے اسٹانس سے نکلنے والا اس کا نیا لو، اس کی 'ہیچٹ کک'۔ ہٹ ہونے پر پلس 3 اور بلاک ہونے پر صرف مائنس 13۔ کراؤچ یا ڈیپ ڈائیو اسٹانس سے نکلنے والے مڈز کے ساتھ ملانے کے لیے بہترین۔ ڈیپ ڈائیو سے دباؤ جاری رکھنے کے لیے اسے استعمال کریں۔ کاؤنٹر ہٹ سے محتاط رہیں کیونکہ وہ یہ موو کھڑے ہو کر کرتا ہے۔
UB2;اس موو کی ٹیکن 7 والی ہومنگ اور کاؤنٹر ہٹ پر لانچ کرنے کی خوبی ختم ہو گئی، لیکن بدلے میں اب یہ تقریباً ہمیشہ مکمل وال اسپلیٹ دیتا ہے، چاہے دیوار آپ کے بالکل عمودی رخ پر ہو۔ بلاک ہونے پر صرف مائنس 5۔ دیوار کے پاس یہ موو تباہ کن ہے۔ اسے چارج کر کے ہومنگ خوبی بھی حاصل کی جا سکتی ہے، اور ہیٹ میں یہ حریف کو انتہائی دور سے دیوار تک لانچ کر سکتا ہے، چاہے دیوار مکمل طور پر آپ کی بائیں طرف ہو۔ 
D1;"ایک 14F مڈ جس کی مڈ (""D1,2"") یا لو (""D1,4,2"") ایکسٹینشن ہے۔ لو والی ایکسٹینشن راؤنڈ ختم کرنے کا روایتی طریقہ ہے۔ ہیٹ میں ""D1,2"" طاقتور موو بن جاتا ہے اور اگر حریف کو 2 لگے تو وہ دیوار تک لانچ ہو جاتا ہے۔ D1 خود بھی اچھے ہٹ باکس والا وزنی مڈ ہے جو سائیڈ اسٹیپ کرنے والوں کو پکڑ لیتا ہے۔ بلاک ہونے پر مائنس 9۔ D1 کے بعد نیچے دبائے رکھنے سے پال کراؤچ میں ریکور ہوتا ہے۔ "
D1+2;ایک 12F مڈ جو کاؤنٹر ہٹ پر فالو اپ دیتا ہے۔ پہلے یہ کچھ سیٹ اپس میں جیبز کے نیچے سے گزر جاتا تھا، لیکن حالیہ پیچ نے یہ خوبی ختم کر دی۔ اگر حریف کا حملہ فریم ٹائٹ نہ ہو تو یہ اب بھی کام آ سکتا ہے۔ کاؤنٹر ہٹ پر 55 سے زیادہ کا بہت بڑا ڈیمج دیتا ہے۔ بلاک ہونے پر مائنس 18، اس لیے پینک موو کے طور پر کم کم استعمال کریں۔ 
F1+4 | U1+2;پال کا بچ نکلنے والا شولڈر۔ حقیقت میں یہی اس کا واحد پینک موو ہے۔ وہ بائیں طرف سائیڈ اسٹیپ کر کے کندھا مارتا ہے۔ یہ بہت زیادہ بچ نکلنے والا موو ہے اور اگر حریف زیادہ سوچے بغیر حملہ جاری رکھے تو اسے استعمال کرنا چاہیے۔ یہ ہائی حملوں کے نیچے سے بھی گزر سکتا ہے (لیڈیا کے QCF4 اور یہاں تک کہ اسٹیو کے UF2 کے نیچے سے بھی گزر جاتا ہے)۔ یہ مائنس 14 ہے، اس لیے کم کم استعمال کریں کیونکہ لوگ اسے نکلوا سکتے ہیں۔ 
H.FF2,1+2 | H.FC DF2,1+2;ہیٹ میں FF2 اسٹرنگ انتہائی طاقتور ہو جاتی ہے۔ یہ آگے بڑھنے والا مڈ، مڈ موو ہے جسے روکا نہیں جا سکتا اور بلاک ہونے پر پلس 1 ہے۔ ہٹ ہونے پر یہ حریف کو دور دیوار تک بھیج کر وال اسپلیٹ دیتا ہے، جس سے آپ کو مکمل وال کومبو ملتا ہے۔ اسے مسلسل نکالنے کی ترکیب یہ ہے کہ FF2 دبائیں، پھر 2 دبائے رکھیں، اور پھر 1 دبا کر رکھیں۔ 
DB1+2;مڈ پاور کرش جو ڈیتھ فسٹ کا فالو اپ دیتا ہے۔ بلاک ہونے پر مائنس 14۔ 20F کے ساتھ یہ پاور کرش نسبتاً تیز ہے اور بہت سے کریکٹرز کی اسٹرنگز کو روک سکتا ہے (مثلاً کلائیو کا 2,2,2، ڈریگونوف کا f3, 1+2 اور اینا کا ff3,2)۔
B1+2;ہائی پاور کرش جو بلاک ہونے پر محفوظ ہے۔ یہ پاور کرش اتنا سست ہے کہ بہت سے موووز جذب کر لیتا ہے، اور اگر حریف اسٹرنگ سے دباؤ ڈالنے کا فیصلہ کرے تو یہ زیادہ محفوظ آپشن ہے۔ 
QCF3+4;"سوے سے نکلنے والا محفوظ مڈ گھٹنے کا وار۔ اسے ""qcf3"" کے ساتھ مکس اپ کے لیے استعمال کریں۔ ہٹ ہونے پر یقینی ڈیتھ فسٹ دیتا ہے۔ کاؤنٹر ہٹ پر یہ شروع سے ہی ٹورنیڈو والا لانچر ہے۔ ""qcf1+2"" والا کومبو روٹ استعمال کریں (کومبو والا حصہ دیکھیں)۔ "
UF2;یہ پال کا نیا چھلانگ والا موو ہے جو بلاک ہونے پر پلس ہے۔ یہ ہائی ہے، اس لیے کم کم استعمال کریں۔ بلاک ہونے پر DF دبائے رکھ کر آپ ڈیپ ڈائیو میں جا سکتے ہیں۔ بلاک ہونے پر پلس 5 اور ڈیپ ڈائیو میں پلس 2۔ یہ لانچ کرنے والا ہیٹ انگیجر بھی ہے۔ 










#panic_moves
Command;Description
F1+4;پال کا بچ نکلنے والا شولڈر، جو تقریباً 180 ڈگری گھوم کر حریف کی پیٹھ تک جا سکتا ہے۔ اسے تب استعمال کریں جب آپ کی پیٹھ دیوار سے لگی ہو یا نیوٹرل میں۔
Db1+2;مڈ پاور کرش، ہٹ ہونے پر یقینی ڈیتھ فسٹ دیتا ہے۔
B1+2;ہائی پاور کرش، بلاک ہونے پر محفوظ اور تھوڑا سست، لیکن مشکل صورتحال سے نکال سکتا ہے۔
D1+2;کاؤنٹر ہٹ پر فالو اپ دینے والا 12F مڈ۔ اب جیبز کے نیچے سے نہیں گزرتا، استعمال کرتے وقت محتاط رہیں۔
Ub1;پال کا بیک سوئنگ بلو۔ بہت کم استعمال ہوتا ہے۔ وہ کافی دور تک نہیں جاتا، لیکن پھر بھی کچھ ہائی موووز سے بچ جاتا ہے۔ 

#punishers_standing
Startup;Command;Description
i10;1,2;کم ڈیمج والا 10F پنشر
i10;2,3;ڈیمج میں 1,2 سے بہتر 10F پنشر۔ ہٹ ہونے پر پلس 8۔ ہائی، ہائی
i12;B1,2;ہائی، مڈ وال اسپلیٹ پنشر، نیوٹرل میں اوکی کے لیے حریف کو گراتا ہے اور دیوار کے پاس وال اسپلیٹ کرتا ہے
i12;D1+2
i13;F2;ہائی، ہیٹ انگیجر سے پنش
i14;B3;پال کا 14F لانچر، رینج کم ہے لیکن لو ہیٹ اسمیش جیسی چیزوں کو قابلِ اعتماد طریقے سے پنش کرتا ہے
i15;DF2
i15;Uf3,4;پال کا شریڈر، دوہری کک کی وجہ سے عام ہاپ کک سے بہتر ہے؛ لوگ اکثر اس میں آ کر لگ جاتے ہیں۔
i18;QCB 1+2 | B3+4,1+2;پال کا لمبی رینج والا اور سب سے زیادہ ڈیمج والا پنشر۔ مائنس 18 یا اس سے زیادہ والے موووز کو پنش کرنے کے لیے۔
#punishers_crouching
Startup;Command;Description
i11;ws4
i13;ws3,2;مکمل طور پر ہٹ کنفرم ہو سکتا ہے، وال اسپلیٹ کرتا ہے
i14;[fc df2,1](dpd. df+2,1) | fc df2:1 | H. fc df2,1+2;وال اسپلیٹ کرتا ہے، لمبی رینج
i15;ws2;ٹیکن 7 کے برعکس اب مکمل کومبو دیتا ہے




#punishers_whiff
Command;Description
f2;انتہائی تیز ہائی ہیٹ انگیجر
qcf2;سب سے زیادہ ڈیمج والا مڈ، ہیٹ انگیجر
df2;سب سے محفوظ لانچر، بہت زیادہ ڈیمج کی صلاحیت کے ساتھ
QCB1+2 | B3+4, 1+2;رینج 2 یا 3 پر سب سے بہتر: حریف کو وِف کرنے پر اکسائیں اور پھر پنش کریں۔ سب سے زیادہ ڈیمج والا لانچر۔

#combos_normal
Starter;Combo
Df2 | Qcf1 | uf4 | CH f1+2*;qcf1 > df4 > df1 backsway df ws 1,2 > backsway deep dive 2,1 > deep dive 1 > wr2
B3;3 > df4 > 3,2 backsway deep dive 2,1 > deep dive 1 > wr2
uf3,4 | ff3,4;df4, 3,2 backsway deep dive 1+2 > deep dive 1 > wr2
Qcb1+2;qcf1 > df4 > df1 backsway df ws 1,2 > backsway deep dive 2,1 > deep dive 1 > wr2
Low parry | qcf1+2;qcf1 > df1 backsway df ws 1,2 > backsway deep dive 2,1






#combos_beginner
Starter;Combo
Df2 | Qcf1 | uf4 | CH f1+2*;df4 > df1 backsway ws 1,2 > backsway deep dive 2,1 > deep dive 1 > wr2
B3;3,2 > 3,2 backsway deep dive 2,1 > deep dive 1 > wr2
uf3,4 | ff3,4;3,2 backsway deep dive 2,1 > deep dive 1 > wr2
Qcb1+2;df4 > 3,2 backsway deep dive 2,1 > deep dive 1 > wr2
Low parry;3,2 > 3,2 backsway deep dive 2,1
qcf1+2;df4 > 3,2 > 3,2 backsway deep dive 2,1


#combos_ender
Type;Combo
carry;FF2:1
floor_break;WR2
wall_break;Qcf2


#combos_wall
Type;Combo
normal;3,2 backsway 2
normal;3,2 D1+2 or 3,2 backsway up cancel qcf 2
tornado;qcb3,2,1 > low splat qcf2
tornado;qcb1+2 or db2 > 3,2 backsway up cancel qcf 2


#combos_small
Starter;Combo
4;db2 or dash up d1+2
d1+2;d1+2
db1+2 | ss1;qcf2
f1+2;qcf2
qcf3;d4,2,1+2 or d2
ss3;d1+2
df4;b1,2 or f2 (heat engager)




#stances
Type;Command / Name;Description
stance;sway/cormorant step;"""qcf"" یا ""qcb"" موشن، یا ""f3+4"" یا ""b3+4"" ان پٹ کر کے اس میں جایا جاتا ہے۔ نیوٹرل میں بھی کیا جا سکتا ہے۔ "
stance;Deep dive;"""qcf"" کے بعد ""df"" ان پٹ کر کے یا ""df3+4"" سے اس میں جایا جاتا ہے"



#frame_traps
Starter;Trap
qcf3;2,3 or 1,2
f1+2;df1,1,2
b4;f2
f2 | f4;f1+4


#knowledge_checks
Command;Description
df1,1,2;اسٹرنگ df1,1,2 کا دوسرا ہٹ ہائی ہے۔ اس سے بچنے کے لیے آپ کو جھکنا ہوگا اور آخری ہٹ آنے سے پہلے لانچ کرنا ہوگا۔ اگر آپ بہت سست رہے تو آپ کو آخری 2 لگے گا، جو ڈیتھ فسٹ کا فالو اپ دیتا ہے۔
qcf1 > df2;"پال کھلاڑی ""qcf1"" کے بعد جواب میں آنے والی جیب کو لانچ کرنے کے لیے یہ کرتے ہیں۔ ""Df2"" بہت سی جیبز کے نیچے سے گزر جاتا ہے۔ "
H. d1,2*;یہ پال کا گارڈ بریک ہے۔ بلاک ہونے پر آپ ڈاؤن جیب یا جیب سے جواب دے سکتے ہیں، اور اگر d1 ہٹ ہو (کاؤنٹر ہٹ نہیں) تو پیچھے دبائے رکھیں۔ بلاک ہونے پر آپ دائیں سائیڈ اسٹیپ کر کے لانچر بھی لگا سکتے ہیں۔
H. b2,1*;پال کا ایک اور گارڈ بریک۔ بلاک ہونے پر ڈاؤن جیب یا جیب سے جواب دیں۔ لوگ اسے دیوار کے پاس بہت استعمال کرتے ہیں۔ پیچھے دبائے رکھیں اور دوسرے ہٹ کو روکنے کے لیے جیب یا ڈاؤن جیب دبائیں۔ 
qcb3,2,1 | qcb3,2,3;آخری ہٹ یا تو ہائی ہے یا مڈ۔ آخری موو کو ہمیشہ بلاک کرنے کے لیے آپ آخری ہٹ پر فزی ڈک کر سکتے ہیں۔ اگر آپ جھک جائیں تو وائل اسٹینڈنگ لانچر سے لانچ کریں۔ اگر بلاک کریں تو اپنا 13F وائل اسٹینڈنگ پنشر استعمال کریں۔ 
f2 > d1+2 (rip);پہلے D1+2 جیبز سے بچ جاتا تھا، اب نہیں۔ d1+2 کو روکنے کے لیے آپ کو بس جیب مارنی ہے۔ 

#defense_tips
Title;Description
دائیں سائیڈ اسٹیپ;"پال کے بہت سے موووز کی ٹریکنگ اس کی بائیں طرف (آپ کی دائیں طرف) کمزور ہے۔ ""Df1"" اس کا بائیں طرف اچھی ٹریکنگ والا موو ہے، لیکن اس کی وجہ سے آپ کو دائیں سائیڈ اسٹیپ سے نہیں رکنا چاہیے۔ بہت سے پال کھلاڑی DF2 کی کوشش کرتے ہیں، اور DF1 کے بعد کے اس کے بہت سے آپشنز دائیں سائیڈ اسٹیپ کر کے جھکنے سے بچے جا سکتے ہیں۔ "
بہت دور رہیں یا بہت قریب رہیں;پال کی سب سے خطرناک رینج تقریباً رینج 2 ہے، کیونکہ اس کے دور رکھنے والے بہت سے موووز وہاں تک پہنچتے ہیں۔ آپ اور دور جا کر یہ موووز نکلوا کر پنش کر سکتے ہیں، یا اور قریب رہ کر اسے پینک موووز استعمال کرنے پر مجبور کر سکتے ہیں (جو آسانی سے پنش ہوتے ہیں)۔ پال کے بہت سے اچھے موووز کا اسٹارٹ اپ لمبا ہے، جس کی وجہ سے وہ تیز کاؤنٹر ہٹ موووز کے سامنے کمزور ہے۔ 
دیوار کے پاس فوراً ٹیک رول نہ کریں;اگر آپ دیوار کے پاس فوراً ٹیک رول کریں تو آپ اس کے رحم و کرم پر ہوں گے۔ دیوار کے پاس (بلکہ نیوٹرل میں بھی) اس کا ففٹی ففٹی بہت زیادہ اچھا ہے۔ آپ زمین پر پڑے رہ کر اور زمین پر ہٹ لگنے کے بعد اٹھ کر، یا ایک طرف رول کر کے (دیوار سے نکلنے کے لیے) اور پیچھے دبائے رکھ کر محفوظ طریقے سے اٹھ کر اس سے بچ سکتے ہیں۔ میرے دوست RemyMartin کے بقول: 'ففٹی ففٹی تب ہی مکس اپ ہے جب آپ اس میں حصہ لیں، اس لیے حصہ نہ لیں۔'
کھڑے ہو کر بلاک کرنے پر غور کریں;پال کے بہت سے لو کم ڈیمج کرتے ہیں یا ان کی رینج بہت کم ہے (ایک ہی بیک ڈیش دیوار کے پاس بھی ڈیمولیشن مین سے بچا لیتا ہے)۔ اس کے خلاف زیادہ تر وقت کھڑے ہو کر بلاک کرنے کی کوشش کریں۔ 

#defense_moves
Command;Description
df1,1,2;دوسرا ہٹ ہائی ہے، اس لیے جھک کر اسے پنش کریں۔ اگر آپ دیر کر دیں یا کاؤنٹر ہٹ ہو جائے تو آخری ہٹ یقینی ہے اور ڈیتھ فسٹ کا فالو اپ دیتا ہے۔ 
df1 (and its options);"اگر آپ دائیں سائیڈ اسٹیپ کر کے جھکیں تو df1 کے تقریباً تمام آپشنز (بیک سوے) سے بچا جا سکتا ہے۔ اس سے مڈ (""qcb2""، ""qcb1""، ""qcb1+2"")، ہومنگ ہائی (""qcb4"") اور لو (""qcb3"") سب سے بچ جاتے ہیں۔"
F1+4 | U1+2;تمام پال کھلاڑی پینک کی صورتحال سے نکلنے کے لیے یہ موو استعمال کرتے ہیں۔ کبھی کبھی اپنا حملہ روک کر آپ اسے ہرا سکتے ہیں۔ عام طور پر وہ اسے تب استعمال کرتے ہیں جب ان کی پیٹھ دیوار سے لگی ہو یا جب آپ کا اسٹانس موو بلاک ہو جائے۔ 
Ws1,2 (string) | Df1 (string);بلاک ہونے پر آپ تیز مڈ (ترجیحاً 12F) یا جیب سے مقابلہ کر کے تقریباً تمام آپشنز روک سکتے ہیں (qcb1+2 پھر بھی نیچے سے گزر جائے گا)۔ بلاک کے بعد ان کے موووز پر غور سے نظر رکھیں۔ 
3,2;3,2 مڈ، ہائی موو ہے جو بہت سے کم رینک والے پال کھلاڑی اپنے بیک سوے آپشنز تک پہنچنے کے لیے کرتے ہیں۔ اسے لانچ کرنے کے لیے آخری ہٹ کے نیچے ہمیشہ جھکیں۔
F1+2 | F1+2 deep dive;موو F1+2 بلاک ہونے پر صرف پلس 3 دیتا ہے۔ اس کے بعد کے بہت سے آپشنز بیک ڈیش کر کے بچے یا بلاک کیے جا سکتے ہیں۔ اگر وہ ڈیپ ڈائیو میں جائے تو آپ ws4 سے روک سکتے ہیں (جو دونوں طرف سے لگنا چاہیے) یا بس اس کے بعد کے موووز بلاک کر لیں۔
df1+3 (throw);یہ وال اسپلیٹ دیتا ہے، یا اگر اس کے پاس ہیٹ ہو تو دیوار تک لانچ کرتا ہے۔ اسے توڑنا ضروری ہے۔
Ub2* | H.ff2,1+2;دونوں موووز بلاک ہونے پر صرف پلس 1 دیتے ہیں۔ بعد کے موووز کو روکنے کے لیے مقابلہ کریں۔


#resources_external
Url;Name
https://youtu.be/UZHMJMiShEM?si=eH_JVCgDE_zO-6Pf;پال گائیڈ ویڈیو، از Mwkan7
https://youtu.be/e7w84lycV7A?si=qY6xXHsi-ShoN_fK;پال Df1 ویڈیو 
https://youtu.be/hsJm7g9Dz8g?si=t9yoQGHTnEB-ua0Z;پال کومبو اور وال کومبو کی بہتری



#credits
name;url;role
Romanjelly;https://x.com/TheRomanjelly | https://www.youtube.com/@Romanjelly | https://www.twitch.tv/romanjelly;author





#about
Property;Value
GameVersion;3.02.02
LastUpdated;2026-09-27




#about_author
Section
انڈونیشین نژاد امریکی Romanjelly ایک پال اسپیشلسٹ ہیں اور امریکہ کے سب سے زیادہ پہچانے جانے والے پال کھلاڑیوں میں سے ایک ہیں۔ وہ پال کو گہرائی سے لیب کرنے کے لیے مشہور ہیں اور کانٹینٹ کریئیٹر کے طور پر اپنا علم بانٹتے ہیں: وہ باقاعدگی سے [Twitch](https://www.twitch.tv/romanjelly) پر اسٹریم کرتے ہیں اور [YouTube](https://www.youtube.com/@Romanjelly) پر پال کا کانٹینٹ پوسٹ کرتے ہیں۔ وہ اپنی ٹیکن کو اگلے درجے پر لے جانے کے خواہشمند کھلاڑیوں کے لیے [کوچنگ](https://docs.google.com/forms/d/e/1FAIpQLSd5wg9ArNG1YmdnU2BdJVYdn0CRW1oVwpBvALotigofrbK3eQ/viewform) بھی فراہم کرتے ہیں۔
