;폴 공략


#introduction
Section
"공격 일변도인 철권 8에서 폴은 상대의 수를 읽어 큰 보상을 노리는 신선한 수비형 캐릭터입니다. 10프레임부터 18프레임까지 이어지는 딜캐가 매우 강력해서, 상대가 함부로 다른 행동을 하지 못하도록 만들어져 있습니다. 상대가 얼어붙기 시작하면 폴의 시간입니다. 상대가 앉으면, 가드당해도 안전하고 히트 중에는 띄우는 강력한 히트 발동기 중단(""QCB2"")이 있습니다. 또한 가드 시 +3인 조금 느린 중단(""F1+2"")도 있어 카운터 시 붕권까지 이어집니다. 상대가 서 있으면 강력한 데몰리션 맨(""d4, 2, 1+2"")으로 상대를 넘어뜨리고 중립 상황으로 되돌립니다. 폴은 완성된 잡기 체계(""2+4~B"", ""DF1+3"", ""UF1+2"")에 위치를 바꾸는 잡기(""B1+4"", ""F, F+1+2"")까지 갖추고 있습니다. 폴의 가장 흥미로운 점은 높은 대미지입니다. 조작을 완벽히 익히면 게임 내 최고 수준의 벽 콤보 대미지(""3,2"", 스웨이 위 캔슬 ""QCF2"")를 낼 수 있습니다. "
폴은 입문하기 쉬우면서도 실력의 상한선이 매우 높은 캐릭터입니다. 폴을 마스터하면 그 과정에서 얻은 기술과 지식을 다른 캐릭터에도 쉽게 활용할 수 있습니다!


#strengths
Strength
대미지: 폴의 잠재 대미지는 누구에게도 뒤지지 않습니다. 조작만 따라 준다면 게임 내에서 단연 가장 강한 대미지를 내는 캐릭터입니다. 어려운 벽 콤보 없이도 여전히 한 방이 강합니다. 
벽 압박: 매우 강력한 중단과 다운을 빼앗는 하단 덕분에 벽에서 상대하기 악몽 같은 캐릭터입니다. 
완벽한 잡기 체계: 잡기 체계가 완벽한 몇 안 되는 캐릭터 중 하나입니다. 잡기 풀기 버튼 조합마다 대응하는 잡기를 하나씩 가지고 있습니다.
"수비의 괴물: 폴의 카운터 기술들과 언제든 쓸 수 있는 ""DF2""는 적은 리스크로 많은 상대를 견제합니다."


#weaknesses
Weakness
"둔함: 많은 사람이 폴을 ""clunky"" 또는 ""slow""하다고, 즉 둔하고 느리다고 표현합니다. 기술 상당수의 발동이 느린 편입니다(예: 14프레임 ""Df1"")."
"약해진 위기 탈출기: 최근 ""D1+2"" 숄더가 너프되어 더 이상 잽을 피하지 못합니다. 위기 탈출기는 ""F1+4""와 ""4""뿐인데, 상대가 쉽게 유도해 낼 수 있습니다. 폴로는 뒤로 가드를 굳히는 시간이 길다는 것에 익숙해져야 하는데, 철권 8 같은 게임에서는 매우 무서운 일입니다."
"기본 콤보가 가끔 빠지며(""DPD.df+2,1""이 주범입니다), 오른쪽 횡이동에 약합니다. "


#heat_system
Mechanic
"폴은 히트 중에 가드 브레이크 공격(""H.D1,2*"", ""H.B2,1*"")을 쓸 수 있습니다. 붕권도 가드 시 -12로 더 안전해지며, 거리 때문에 완전히 안전한 경우도 많습니다. 히트 전용 연속기 ""H.FF2,1+2""는 전진하는 강력한 중단-중단 연속기로 가드 시 +1이며, 히트 시 벽꽝이 납니다. ""H.DF1+3, QCF2""도 더 먼 거리에서 벽꽝을 낼 수 있습니다."



#key_moves
Command;Description
DF1 (and extensions);"Df1은 폴의 주력 중단 견제기로, 파생이 매우 많습니다. ""Df1,1,2""는 중단-상단-중단 카운터 연속기로 붕권까지 이어집니다. 두 번째 타인 1이 상단이라 앉아서 피하는 사람이 많은데, ""df1"" 후 스웨이 캔슬로 다시 ""df1""을 내서 확인할 수 있습니다. ""df1"" 후 스웨이 2(""qcb+2"")로 안전한 히트 발동 중단을 낼 수도 있습니다. Df1 후 스웨이 4(""qcb+4"")는 폴의 빠른 호밍 상단으로, 카운터 시 띄웁니다. Df1 후 스웨이 1+2(""QCB+1+2"")는 가드 시 -14에 불과한 회피형 중단 시동기입니다. Df1 후 ""[backsway 3,2,1](qcb+3,2,1)"" 또는 ""[3,2,3](qcb+3,2,3)""은 각각 벽꽝과 카운터 띄우기로 이어지므로 연타하는 상대를 응징합니다. 이 선택지 중 상당수는 오른쪽 횡이동에 지지만, DF1 스웨이 캔슬을 숙달하면 폴의 모든 기술을 낼 수 있어 가능성이 무한합니다.  "
DF2;"폴 최고의 견제 버튼입니다. 앉은 상대를 띄우지는 못하지만 가드 시 -8로 완전히 안전합니다. 사거리가 좋고 강력한 콤보로 이어질 수 있습니다. 가장 좋은 특성은 잽을 피해 들어간다는 점입니다. 잽으로 견제하는 캐릭터(미시마 캐릭터, 드라구노프)를 상대로 매우 효과적입니다. ""QCF1"" 후 ""DF2""가 괜찮은 셋업인데, 잽으로 반격하려는 상대가 그대로 뜨게 됩니다."
F4;개인적으로는 폴의 최고 기술이라고 봅니다. 이 기술은 뭐든지 다 합니다. 비교적 빠르고, 하단회피가 있고, 호밍이며, 히트 발동기이기도 한 안전한 중단입니다. 이전 시즌에는 히트 중에 완전히 띄웠습니다(말도 안 되는 성능이었습니다). 거리 3에서 무엇을 해야 할지 모를 때 누르면 되는 버튼입니다. 사거리가 좋고 횡이동을 많이 하는 상대를 잡아냅니다. 가드 시 -5에 불과합니다. 
B4;개인적으로 폴 최고의 하단입니다. 발동은 20프레임이지만 히트 시 +4라서, 빠른 중단이나 또 다른 빠른 하단으로 이지선다를 걸기에 딱 좋습니다. 가드 시 -12라서 대부분의 캐릭터에게는 최소한의 딜캐만 허용합니다. 이 하단은 상대가 연타하는 성향인지 확인하는 리트머스 시험지입니다. B4를 맞은 상대가 버튼을 누른다면, 프레임을 빈틈없이 유지하며 빠른 버튼으로 끊을 수 있습니다. 맞고 아무것도 하지 않는다면 소심하게 뒤로 가드를 굳히는 성향일 수 있으니, 다시 B4나 데몰리션 맨을 노릴 수 있습니다. 이 하단은 폴의 약한 쪽으로도 횡 추적이 어느 정도 됩니다. 
F2;"이 기술은 폴판 ""electric.""입니다. 13프레임 상단 히트 발동기입니다. 가드 시 -5에 불과하고, 히트 시 새로운 딥 다이브 자세로 전환할 수 있습니다. 양쪽 횡을 어느 정도 잡지만, 무엇보다 빠른 발동 덕분에 끊기나 헛손질 딜캐에 쓰기 좋은 버튼입니다. 반대로 이 기술을 헛손질 딜캐하는 것은 거의 불가능합니다. "
QCF3;"폴의 또 다른 핵심 하단입니다. 히트 시 0, 가드 시 -14입니다. 대미지가 준수하고, 무엇보다 회피 성능이 있습니다. 기술 후반부에 몸을 숙이기 때문에 상단을 피하는 경우가 많습니다. 카운터 시 ""D2"" 추가타(바닥을 깨고 플로어 블래스트 발동) 또는 데몰리션 맨이 확정입니다. 히트 시 0프레임이라는 점에서 상대가 어떤 유형인지 알려 주는 리트머스 시험지 같은 기술입니다. 연타한다면 공격적인 상대이고, 아무것도 하지 않는다면 소심한 상대입니다. 이 하단은 중단(""QCF3+4"")으로 이어 가기도 좋습니다."
F1+2 ;"폴의 주력 가드 이득기입니다. 버프를 받아 카운터 시 추가타가 확정으로 들어갑니다. df를 유지하면 딥 다이브로 전환할 수도 있습니다. 보통은 가드 시 +3이고, 딥 다이브로 전환하면 가드 시 0이 됩니다. 이 기술로 더 숨 막히는 공격을 할 수 있습니다. 최속 타이밍으로 ""df1""을 내서 상대를 묶어 두거나, 하단으로 계속 대미지를 줄 수 있습니다. 이것도 리트머스 시험지 같은 기술입니다. 상대가 -3인 상황에서 무엇을 하는지 잘 살피십시오. "
QCB4;"폴의 빠른 호밍 상단으로, 카운터 시 띄웁니다. 사거리가 준수하고 가드 시 +1인 훌륭한 견제기입니다. 타이밍을 바꿔 가며 쓰면 상대가 다가오기를 망설이게 만드는 무서운 카운터 기술이 됩니다. ""DF2""와 함께 쓸 수 있습니다."
QCB1+2 | B3+4, 1+2;"폴의 장거리 시동기이자 딜캐 기술입니다. 많은 상단을 피하며 가드 시 -14에 불과합니다. 사거리가 터무니없이 길어서, 생각 없이 잽을 내거나 먼 거리에서 상단을 쓰는 상대에게 쓰기 좋습니다. ""B3+4"" 후 1+2를 누르면 2프레임 더 빠르게 낼 수 있어, 많은 선택지를 이기는 훌륭한 시동기가 됩니다."
QCF2;폴의 상징인 붕권입니다. 가드 시 -17이지만 대미지가 45입니다. 중립 상황에서는 절대 쓰지 말되, 한 번 맞히면 상대에게 엄청난 심리적 압박을 주어 모든 행동을 망설이게 만듭니다. 히트 중에는 가드 시 -12이며, 적당한 거리에서 상대를 벽까지 날려 보냅니다. 히트 대시로 쓰면 가드당해도 완전히 안전합니다. 히트 중에는 띄우기도 합니다. 
D4, 2, 1+2 (Demoman);"폴의 상징인 다운 유발 하단입니다. 대미지가 크고, 콤보 마무리로 쓰면 벽꽝이 납니다. 벽에서는 이 기술과 ""QCB2"" 또는 ""UB2""가 폴의 무서운 이지선다를 이룹니다. 가드 시 -31이라 큰 도박입니다. 사거리가 문제가 될 만큼 짧지만, 기술을 입력하기 전에 대시를 하면 어느 정도 보완할 수 있습니다. 단점에도 불구하고 여전히 유용한 기술입니다. "
B3;폴의 14프레임 서서 시동기입니다. 사거리가 짧지만 하단 히트 스매시를 안정적으로 딜캐할 수 있습니다. 중립 상황에서는 언제든 내밀 수 있는 시동기입니다. 가드 시 -6으로 안전합니다. 오른쪽으로 횡이동하는 상대도 잡아냅니다. 많은 사람이 폴의 여러 선택지를 피하려고 오른쪽 횡이동을 하므로, B4 후에 B3를 쓰는 것도 좋습니다.
DF4;"카운터 시 ""F2"", ""B1,2"" 또는 ""D1+2""가 확정으로 들어가는 17프레임 중단입니다. 전진하는 강력한 중단으로 히트 시 +8, 가드 시 -2에 불과해서, 상대가 이후 느린 기술로 반격하려 하면 무시하고 공격할 수 있습니다. 이후 횡이동하며 ""DF2""를 노릴 수도 있습니다. 히트 시 +8이라 상대가 횡이동을 하지 못하므로, 상대를 견제하기에 훌륭한 기술입니다. "
WS1,2~b (Sway);"앉은 상태에서 나가는, 끝까지 딜레이가 가능한 15프레임 중단-중단 연속기입니다. 전진하는 좋은 기술이며, 2타가 카운터로 들어가면 ""[backsway 2](qcb+2)"" 또는 ""[backsway 4](qcb+4)""가 확정입니다. WS1이 카운터로 들어가면 2타도 확정입니다. 가드 시 -10에 불과하고, 스웨이 캔슬하면 안전하게 만들 수 있습니다. "
SS3;"폴의 횡이동 하단입니다. 가드 시 -12, 히트 시 +4입니다. 카운터 시 ""d1+2""가 확정입니다. 벽에서는 무시무시한 기술입니다. 횡이동 ""QCB2""나 ""UB2""와 섞어 벽꽝을 노리십시오. 철권 7보다 횡 추적이 줄었고 횡이동 동작 때문에 다소 읽히기 쉽지만, 압박을 이어 가기에 여전히 훌륭한 기술입니다. 벽에서 히트하면 데몰리션 맨으로 이어집니다!"
DPD df+4 | FC DF4;폴의 새 자세에서 나가는 새로운 하단으로, '해칫 킥(hatchet kick)'이라고 부릅니다. 히트 시 +3, 가드 시 -13에 불과합니다. 앉은 상태나 딥 다이브에서 나가는 중단들과 섞기 좋습니다. 딥 다이브에서 압박을 이어 갈 때 쓰십시오. 서서 내는 기술이라 카운터를 맞지 않도록 주의하십시오.
UB2;철권 7에 있던 호밍과 카운터 시 띄우는 성능은 잃었지만, 대신 벽이 완전히 직각 방향에 있어도 거의 항상 완전한 벽꽝을 얻게 되었습니다. 가드 시 -5에 불과합니다. 벽에서는 무시무시한 기술입니다. 모아서 쓰면 호밍 성능이 붙고, 히트 중에는 벽이 완전히 왼쪽에 있어도 엄청나게 먼 거리에서 상대를 벽까지 날려 보낼 수 있습니다. 
D1;"중단(""D1,2"") 또는 하단(""D1,4,2"") 파생이 있는 14프레임 중단입니다. 하단 파생은 고전적인 라운드 마무리 기술입니다. 히트 중 ""D1,2""는 강화 기술이 되어, 2타를 맞히면 상대를 벽까지 날려 보냅니다. D1 자체도 판정이 좋은 묵직한 중단으로 횡이동을 잡아냅니다. 가드 시 -9입니다. D1 후 아래를 유지하면 앉은 상태로 복귀합니다. "
D1+2;카운터 시 추가타가 들어가는 12프레임 중단입니다. 예전에는 일부 상황에서 잽을 피했지만, 최근 패치로 그 특성이 사라졌습니다. 상대의 공격 프레임이 빈틈없지 않다면 여전히 쓸 수 있습니다. 카운터 시 55가 넘는 엄청난 대미지를 줍니다. 가드 시 -18이므로 위기 탈출기로 아껴 쓰십시오. 
F1+4 | U1+2;폴의 회피형 숄더입니다. 현실적으로 그가 가진 유일한 위기 탈출기입니다. 왼쪽으로 횡이동하며 어깨치기를 합니다. 회피 성능이 매우 높아서, 상대가 별생각 없이 공격을 이어 갈 때 쓰면 좋습니다. 상단도 피할 수 있습니다(리디아의 QCF4나 스티브의 UF2까지 피합니다). 가드 시 -14라서 상대가 유도해 낼 수 있으니 아껴 쓰십시오. 
H.FF2,1+2 | H.FC DF2,1+2;히트 중에는 FF2 연속기가 매우 강력해집니다. 끊을 수 없는 전진형 중단-중단 기술로, 가드 시 +1입니다. 히트 시 상대를 벽까지 멀리 날려 벽꽝이 나므로 벽 콤보를 온전히 넣을 수 있습니다. 이 기술을 안정적으로 내는 요령은 FF2를 누른 뒤 2를 계속 누르고 있다가 1을 눌러 유지하는 것입니다. 
DB1+2;붕권 추가타로 이어지는 중단 파워 크러시입니다. 가드 시 -14입니다. 20프레임으로 파워 크러시치고 비교적 빨라서, 여러 캐릭터의 연속기를 끊을 수 있습니다(예: 클라이브의 2,2,2, 드라구노프의 f3, 1+2, 안나의 ff3,2).
B1+2;가드당해도 안전한 상단 파워 크러시입니다. 발동이 느린 만큼 여러 기술을 받아 낼 수 있어, 상대가 연속기로 밀어붙일 때 더 안전한 선택지입니다. 
QCF3+4;"스웨이에서 나가는 안전한 중단 무릎 기술입니다. ""qcf3""와 섞어 쓰십시오. 히트 시 붕권이 확정입니다. 카운터 시에는 처음부터 토네이도가 걸린 시동기가 됩니다. ""qcf1+2""와 같은 콤보 루트를 쓰십시오(콤보 항목 참고). "
UF2;폴의 새로운 점프형 가드 이득기입니다. 상단이므로 아껴 쓰십시오. 가드당했을 때 DF를 유지하면 딥 다이브로 전환할 수 있습니다. 가드 시 +5, 딥 다이브 전환 시 +2입니다. 띄우는 히트 발동기이기도 합니다. 










#panic_moves
Command;Description
F1+4;폴의 회피형 숄더로, 상대 등 뒤까지 180도 가까이 돌아 들어갈 수 있습니다. 벽을 등지고 있을 때나 중립 상황에서 쓰십시오.
Db1+2;중단 파워 크러시로, 히트 시 붕권이 확정입니다.
B1+2;상단 파워 크러시로, 가드당해도 안전합니다. 조금 느리지만 곤란한 상황에서 빠져나올 수 있습니다.
D1+2;카운터 시 추가타가 들어가는 12프레임 중단입니다. 더 이상 잽을 피하지 못하니 쓸 때 주의하십시오.
Ub1;폴판 백스윙 블로(backswing blow)입니다. 거의 쓰이지 않습니다. 충분히 멀리 물러나지는 않지만, 일부 상단은 피할 수 있습니다. 

#punishers_standing
Startup;Command;Description
i10;1,2;10프레임 딜캐, 대미지는 적습니다
i10;2,3;10프레임 딜캐로 대미지는 1,2보다 높습니다. 히트 시 +8입니다. 상단-상단
i12;B1,2;상단-중단 벽꽝 딜캐입니다. 필드에서는 다운을 빼앗아 다운 압박으로 이어지고, 벽 근처에서는 벽꽝이 납니다
i12;D1+2
i13;F2;상단, 히트 발동기 딜캐
i14;B3;폴의 14프레임 시동기로, 사거리는 짧지만 하단 히트 스매시 같은 기술을 안정적으로 딜캐할 수 있습니다
i15;DF2
i15;Uf3,4;폴의 두 번 차는 띄우기 킥으로, 이 특성 덕분에 일반 점프킥보다 좋습니다. 상대가 맞으러 들어오는 경우가 많습니다.
i18;QCB 1+2 | B3+4,1+2;폴의 장거리 딜캐이자 대미지가 가장 높은 딜캐입니다. -18 이상의 기술을 딜캐할 때 씁니다.
#punishers_crouching
Startup;Command;Description
i11;ws4
i13;ws3,2;완전히 히트 확인이 가능하며 벽꽝이 납니다
i14;[fc df2,1](dpd. df+2,1) | fc df2:1 | H. fc df2,1+2;벽꽝이 나고 사거리가 깁니다
i15;ws2;철권 7과 달리 이제 풀 콤보로 이어집니다




#punishers_whiff
Command;Description
f2;매우 빠른 상단 히트 발동기
qcf2;대미지가 가장 높은 중단, 히트 발동기
df2;가장 안전한 시동기이며 대미지 잠재력이 큽니다
QCB1+2 | B3+4, 1+2;거리 2~3에서 상대의 헛손질을 유도한 뒤 딜캐할 때 가장 좋습니다. 대미지가 가장 높은 시동기입니다.

#combos_normal
Starter;Combo
Df2 | Qcf1 | uf4 | CH f1+2*;qcf1 > df4 > df1 backsway df ws 1,2 > backsway deep dive 2,1 > deep dive 1 > wr2
B3;3 > df4 > 3,2 backsway deep dive 2,1 > deep dive 1 > wr2
uf3,4 | ff3,4;df4, 3,2 backsway deep dive 1+2 > deep dive 1 > wr2
Qcb1+2;qcf1 > df4 > df1 backsway df ws 1,2 > backsway deep dive 2,1 > deep dive 1 > wr2
Low parry | qcf1+2;qcf1 > df1 backsway df ws 1,2 > backsway deep dive 2,1






#combos_beginner
Starter;Combo
Df2 | Qcf1 | uf4 | CH f1+2*;df4 > df1 backsway ws 1,2 > backsway deep dive 2,1 > deep dive 1 > wr2
B3;3,2 > 3,2 backsway deep dive 2,1 > deep dive 1 > wr2
uf3,4 | ff3,4;3,2 backsway deep dive 2,1 > deep dive 1 > wr2
Qcb1+2;df4 > 3,2 backsway deep dive 2,1 > deep dive 1 > wr2
Low parry;3,2 > 3,2 backsway deep dive 2,1
qcf1+2;df4 > 3,2 > 3,2 backsway deep dive 2,1


#combos_ender
Type;Combo
carry;FF2:1
floor_break;WR2
wall_break;Qcf2


#combos_wall
Type;Combo
normal;3,2 backsway 2
normal;3,2 D1+2 or 3,2 backsway up cancel qcf 2
tornado;qcb3,2,1 > low splat qcf2
tornado;qcb1+2 or db2 > 3,2 backsway up cancel qcf 2


#combos_small
Starter;Combo
4;db2 or dash up d1+2
d1+2;d1+2
db1+2 | ss1;qcf2
f1+2;qcf2
qcf3;d4,2,1+2 or d2
ss3;d1+2
df4;b1,2 or f2 (heat engager)




#stances
Type;Command / Name;Description
stance;sway/cormorant step;"""qcf"" 또는 ""qcb"" 커맨드나 ""f3+4"", ""b3+4""로 들어갑니다. 중립 상황에서도 쓸 수 있습니다. "
stance;Deep dive;"""qcf"" 후 ""df"" 입력 또는 ""df3+4""로 들어갑니다"



#frame_traps
Starter;Trap
qcf3;2,3 or 1,2
f1+2;df1,1,2
b4;f2
f2 | f4;f1+4


#knowledge_checks
Command;Description
df1,1,2;df1,1,2의 2타는 상단입니다. 앉아서 피한 뒤 마지막 타가 나오기 전에 띄워야 합니다. 너무 늦으면 마지막 2를 맞고 붕권 추가타까지 이어집니다.
qcf1 > df2;"폴 유저는 ""qcf1"" 이후 반격하는 잽을 띄우려고 이것을 씁니다. ""Df2""는 많은 잽을 피해 들어갑니다. "
H. d1,2*;폴의 가드 브레이크입니다. 가드했다면 앉아 잽이나 잽으로 반격할 수 있고, d1이 (카운터가 아닌) 히트로 들어갔다면 뒤로 가드를 유지하십시오. 가드했다면 오른쪽 횡이동 후 시동기를 넣을 수도 있습니다.
H. b2,1*;폴의 또 다른 가드 브레이크입니다. 가드했다면 앉아 잽이나 잽으로 반격하십시오. 벽에서 자주 쓰는 기술입니다. 뒤로 가드를 유지하다가 잽이나 앉아 잽으로 2타를 끊으십시오. 
qcb3,2,1 | qcb3,2,3;마지막 타는 상단 또는 중단입니다. 퍼지 가드로 마지막 타를 항상 막을 수 있습니다. 앉았다면 앉아일어서기 시동기로 띄우고, 막았다면 13프레임 앉아일어서기 딜캐를 쓰십시오. 
f2 > d1+2 (rip);예전에는 D1+2가 잽을 피했지만 이제는 아닙니다. 잽만 누르면 d1+2를 막을 수 있습니다. 

#defense_tips
Title;Description
오른쪽 횡이동;"폴의 기술 중 상당수는 그의 왼쪽(내 기준 오른쪽)으로의 횡 추적이 부족합니다. ""Df1""은 왼쪽을 잘 잡는 기술이지만, 그렇다고 오른쪽 횡이동을 망설일 필요는 없습니다. 많은 폴 유저가 DF2를 노리고, DF1 이후 선택지 대부분은 오른쪽 횡이동 후 앉기로 피할 수 있습니다. "
아주 멀리 있거나 아주 가까이 붙어라;폴의 견제기 상당수가 거리 2 정도까지 닿기 때문에, 이 거리가 가장 위험합니다. 더 멀리 떨어져 견제기를 유도한 뒤 딜캐하거나, 더 가까이 붙어서 (딜캐당하기 쉬운) 위기 탈출기를 쓰도록 강요할 수 있습니다. 폴의 좋은 기술 상당수는 발동이 느려서 빠른 카운터 기술에 약합니다. 
벽에서 바로 낙법하지 마라;벽에서 바로 낙법하면 폴의 처분에 맡기게 됩니다. 벽에서(또는 필드에서도) 그의 이지선다는 너무 강력합니다. 누운 채로 있다가 다운 공격을 맞은 뒤 일어나거나, 옆으로 굴러 벽에서 벗어난 뒤 뒤로 가드를 하며 안전하게 일어나면 피해를 줄일 수 있습니다. 제 친구 RemyMartin의 말을 빌리자면, '이지선다는 당신이 참여할 때만 이지선다다. 그러니 참여하지 마라.'
서서 가드를 고려하라;폴의 하단 상당수는 대미지가 적거나 사거리가 매우 짧습니다(백대시 한 번이면 벽에서도 데몰리션 맨을 피할 수 있습니다). 폴을 상대로는 대부분의 시간 동안 서서 가드하도록 하십시오. 

#defense_moves
Command;Description
df1,1,2;2타가 상단이므로 앉아서 딜캐하십시오. 너무 늦거나 카운터를 맞으면 마지막 타가 확정이고 붕권 추가타까지 이어집니다. 
df1 (and its options);"df1 이후 선택지(스웨이) 거의 전부를 오른쪽 횡이동 후 앉기로 피할 수 있습니다. 중단(""qcb2"", ""qcb1"", ""qcb1+2""), 호밍 상단(""qcb4""), 하단(""qcb3"")을 모두 피합니다."
F1+4 | U1+2;모든 폴 유저가 위기 상황에서 벗어나려고 이 기술을 씁니다. 가끔 공격을 멈추는 것으로 이길 수 있습니다. 보통 벽을 등졌을 때나, 내가 가드당하는 자세 기술을 썼을 때 사용합니다. 
Ws1,2 (string) | Df1 (string);가드했다면 빠른 중단(가능하면 12프레임)이나 잽으로 끊어 거의 모든 선택지를 막을 수 있습니다(qcb1+2는 여전히 피해 들어옵니다). 가드 후 상대가 무엇을 하는지 잘 보십시오. 
3,2;3,2는 중단-상단 기술로, 랭크가 낮은 폴 유저들이 스웨이 선택지로 들어가기 위해 많이 씁니다. 마지막 타는 항상 앉아서 띄우십시오.
F1+2 | F1+2 deep dive;F1+2는 가드 시 +3밖에 주지 않습니다. 이후 선택지 상당수는 백대시하면 피하거나 막을 수 있습니다. 딥 다이브로 들어가면 ws4로 끊거나(서로 맞는 상황이 됩니다) 이후 기술을 그냥 막으면 됩니다.
df1+3 (throw);벽꽝이 나거나, 폴이 히트 상태라면 벽까지 날려 보냅니다. 반드시 잡기를 풀어야 합니다.
Ub2* | H.ff2,1+2;두 기술 모두 가드 시 +1밖에 주지 않습니다. 이후 기술을 끊도록 맞서십시오.


#resources_external
Url;Name
https://youtu.be/UZHMJMiShEM?si=eH_JVCgDE_zO-6Pf;Mwkan7의 폴 가이드 영상
https://youtu.be/e7w84lycV7A?si=qY6xXHsi-ShoN_fK;폴 Df1 영상 
https://youtu.be/hsJm7g9Dz8g?si=t9yoQGHTnEB-ua0Z;폴 콤보 및 벽 콤보 최적화



#credits
name;url;role
Romanjelly;https://x.com/TheRomanjelly | https://www.youtube.com/@Romanjelly | https://www.twitch.tv/romanjelly;author





#about
Property;Value
GameVersion;3.02.02
LastUpdated;2026-09-27




#about_author
Section
Romanjelly는 인도네시아계 미국인 폴 전문가로, 미국에서 가장 잘 알려진 폴 플레이어 중 한 명입니다. 폴을 깊이 연구하는 것으로 유명하며, 콘텐츠 크리에이터로서 [Twitch](https://www.twitch.tv/romanjelly)에서 정기적으로 방송하고 [YouTube](https://www.youtube.com/@Romanjelly)에 폴 콘텐츠를 올리며 지식을 나눕니다. 철권 실력을 한 단계 끌어올리고 싶은 플레이어를 위한 [코칭](https://docs.google.com/forms/d/e/1FAIpQLSd5wg9ArNG1YmdnU2BdJVYdn0CRW1oVwpBvALotigofrbK3eQ/viewform)도 제공합니다.
