;ポール 攻略


#introduction
Section
"攻撃一辺倒の鉄拳8において、ポールは読み勝つことで大きなリターンを得る、新鮮な守り型のキャラクターです。10フレームから18フレームまでの確定反撃が非常に強力で、相手がうかつに動けなくなるように作られています。相手が固まり始めたら、ポールの独壇場です。相手がしゃがむなら、ガードされても安全でヒート中は浮かせられる強力なヒート発動技の中段（""QCB2""）があります。さらに、ガード時+3のやや遅い中段（""F1+2""）もあり、カウンターヒット時は崩拳まで繋がります。相手が立っているなら、強力なデモリッションマン（""d4, 2, 1+2""）で足を払い、仕切り直しにできます。ポールは充実した投げ（""2+4~B""、""DF1+3""、""UF1+2""）に加え、位置を入れ替える投げ（""B1+4""、""F, F+1+2""）も持っています。ポールの一番の魅力は火力の高さです。操作を極めれば、ゲーム内最高の壁コンボダメージ（""3,2""、スウェー上キャンセル""QCF2""）を出せます。 "
ポールは始めやすいキャラクターでありながら、上達の伸びしろが非常に大きいキャラクターです。ポールを極めれば、そこで得た技術や知識は他のキャラクターにも簡単に活かせます！


#strengths
Strength
火力：ポールの潜在的な火力は誰にも負けません。操作が伴えば、間違いなくゲーム内で最も火力の高いキャラクターです。難しい壁コンボを使わなくても、十分な火力があります。 
壁際の攻め：非常に強力な中段とダウンを奪う下段のおかげで、壁際では悪夢のようなキャラクターです。 
完璧な投げ：投げが完璧にそろっている数少ないキャラクターの一人です。投げ抜けのボタンの組み合わせごとに、対応する投げを持っています。
"守りの怪物：ポールのカウンター技と、いつでも頼れる""DF2""は、少ないリスクで多くの相手を寄せ付けません。"


#weaknesses
Weakness
"もっさり：多くの人がポールを""clunky""や""slow""、つまりもっさりしていて遅いと表現します。発生の遅い技が多いです（例えば14フレームの""Df1""）。"
"弱体化した切り返し：最近""D1+2""のショルダーが弱体化され、ジャブをくぐれなくなりました。切り返し技は""F1+4""と""4""しかなく、簡単に誘われてしまいます。ポールではガードを固める時間が長くなることに慣れる必要があり、鉄拳8のようなゲームではそれは非常に怖いことです。"
"基本コンボがときどき外れることがあり（主な原因は""DPD.df+2,1""）、右横移動に弱いです。 "


#heat_system
Mechanic
"ポールはヒート中にガードブレイク技（""H.D1,2*""、""H.B2,1*""）を使えます。崩拳もガード時-12と安全になり、距離の関係で完全に安全なことも多いです。ヒート専用の""H.FF2,1+2""は前進する強力な中段・中段の連携で、ガード時+1です。ヒット時は壁強を誘発します。""H.DF1+3, QCF2""も、より遠い距離から壁強を誘発できます。"



#key_moves
Command;Description
DF1 (and extensions);"Df1はポールの主力の中段牽制技で、派生がたくさんあります。""Df1,1,2""は中段・上段・中段のカウンター連携で、崩拳まで繋がります。2発目の1は上段なのでしゃがむ人が多いですが、""df1""からスウェーキャンセルしてもう一度""df1""を出して確認できます。""df1""からスウェー2（""qcb+2""）で、安全なヒート発動技の中段を出すこともできます。Df1からのスウェー4（""qcb+4""）はポールの発生の速いホーミング上段で、カウンターで浮きます。Df1からのスウェー1+2（""QCB+1+2""）は、ガード時-14で済む回避性能のある中段の浮かせ技です。Df1からの""[backsway 3,2,1](qcb+3,2,1)""や""[3,2,3](qcb+3,2,3)""はそれぞれ壁強とカウンターでの浮きが取れるので、連打する相手をとがめられます。これらの選択肢の多くは右横移動に負けますが、DF1のスウェーキャンセルを極めればポールのあらゆる技を出せるので、可能性は無限大です。  "
DF2;"ポール最高の牽制技です。しゃがんでいる相手を浮かせることはできませんが、ガード時-8で完全に安全です。リーチが良く、強烈なコンボに繋がる可能性があります。最大の特長は、ジャブをくぐることです。ジャブで牽制してくるキャラクター（三島キャラ、ドラグノフ）には非常に効果的です。""QCF1""から""DF2""はなかなかの連係で、ジャブで反撃しようとする相手がそのまま浮きます。"
F4;個人的には、ポールの最強技だと思います。この技は何でもこなします。比較的発生が速く、ジャンプステータスがあり、ホーミング性能も持つ、ヒート発動技の安全な中段です。以前のシーズンでは、ヒート中に完全に浮かせていました（とんでもない性能でした）。レンジ3で何をすればいいか迷ったときに押す技です。リーチが長く、横移動を多用する相手を捕まえます。ガード時-5しかありません。 
B4;個人的にはポール最高の下段です。発生20フレームですが、ヒット時+4なので、速い中段や別の速い下段での二択に完璧に繋がります。ガード時-12なので、ほとんどのキャラクターからは最小限の確定反撃しか受けません。この下段は、相手が暴れるタイプかどうかを見極めるリトマス試験紙です。B4を食らった相手がボタンを押してくるなら、フレームを詰めて攻め続け、その後に速い技を押して割り込みを潰せます。食らって何もしないなら、慎重でガードを固めるタイプかもしれないので、もう一度B4やデモリッションマンを狙えます。この下段は、ポールの苦手な側にもそこそこ追尾します。 
F2;"この技はポール版の""electric.""です。13フレームの上段のヒート発動技です。ガード時-5しかなく、ヒット時は新しいディープダイブの構えに移行できます。左右どちらにもある程度追尾しますが、何より発生の速さから、割り込みやスカ確に最適な技です。逆に、この技をスカ確するのはほぼ不可能です。 "
QCF3;"ポールのもう一つの主力下段です。ヒット時五分、ガード時-14です。ダメージもそこそこあり、何より回避性能があるのが強みです。技の後半で姿勢が低くなるため、上段をくぐることが多いです。カウンターヒット時は追撃の""D2""（床を破壊し、床爆発を起こします）か、デモリッションマンが確定します。ヒット時五分という点で、相手がどんなタイプかを教えてくれるリトマス試験紙のような技です。暴れてくるなら攻撃的、何もしないなら慎重なタイプです。この下段は中段（""QCF3+4""）への布石にもなります。"
F1+2 ;"ポールの主力のガード有利技です。強化されて、カウンターヒット時に追撃が確定するようになりました。dfを入れっぱなしにするとディープダイブに移行することもできます。通常はガード時+3で、ディープダイブに移行するとガード時五分になります。この技があることで、より圧力の強い攻めができます。最速で""df1""を出して相手をその場に留めたり、下段でダメージを重ね続けたりできます。これもリトマス試験紙のような技です。相手が-3の状況で何をしてくるか、よく観察しましょう。 "
QCB4;"ポールの発生の速いホーミング上段で、カウンターで浮きます。リーチがそこそこあり、ガード時+1の優秀な牽制技です。タイミングを変えて使えば、相手が近づくのをためらうほど強烈なカウンター技になります。""DF2""と組み合わせて使えます。"
QCB1+2 | B3+4, 1+2;"ポールの長距離の浮かせ技兼確定反撃技です。多くの上段を回避でき、ガード時-14で済みます。リーチがとんでもなく長く、何も考えずにジャブを出す相手や、遠距離から上段を振る相手に有効です。""B3+4""から1+2を押すと2フレーム速く出せるので、多くの選択肢に勝てる優秀な浮かせ技になります。"
QCF2;ポールの代名詞である崩拳です。ガード時-17ですが、45ダメージを与えます。ニュートラルでは絶対に使わないでください。ただし一度当てれば、相手に大きな精神的ダメージを与え、あらゆる行動をためらわせます。ヒート中はガード時-12になり、そこそこの距離から相手を壁まで吹き飛ばします。ヒートダッシュとして使えばガードされても完全に安全です。ヒート中は浮かせ技にもなります。 
D4, 2, 1+2 (Demoman);"ポールの代名詞であるダウンを奪う下段です。ダメージが大きく、コンボの締めに使えば壁強を誘発します。壁際では、この技と""QCB2""や""UB2""でポールの恐ろしい二択になります。ガード時-31なので、大きな賭けです。リーチが困るほど短いですが、技の前にダッシュを入れることでカバーできます。欠点はあるものの、それでも役立つ技です。 "
B3;ポールの14フレームの立ち状態からの浮かせ技です。リーチは短いですが、下段のヒートスマッシュを安定して確定反撃できます。ニュートラルではいつでも振っていける浮かせ技です。ガード時-6で安全です。右に横移動する相手も捕まえます。多くの人がポールの選択肢を避けようと右横移動するので、B4の後にB3を使うのも有効です。
DF4;"カウンターヒット時に""F2""、""B1,2""、""D1+2""のいずれかが確定する17フレームの中段です。前進する強力な中段で、ヒット時+8、ガード時-2しかないため、相手がその後に遅い技で暴れてきても強気に攻められます。その後に横移動して""DF2""を狙うこともできます。ヒット時+8では相手が横移動できないので、相手を抑え込むのに最適な技です。 "
WS1,2~b (Sway);"しゃがみから出せる、最後までディレイがかけられる15フレームの中段・中段の連携です。前進する優秀な技で、2発目がカウンターヒットすると""[backsway 2](qcb+2)""か""[backsway 4](qcb+4)""が確定します。WS1がカウンターヒットすれば2発目も確定します。ガード時-10しかなく、スウェーキャンセルすれば安全にもできます。 "
SS3;"ポールの横移動下段です。ガード時-12、ヒット時+4です。カウンターヒット時は""d1+2""が確定します。壁際では強烈な技です。横移動からの""QCB2""や""UB2""と混ぜて、壁強を狙いましょう。鉄拳7より追尾性能が落ち、横移動の動作のせいで少し見えやすくなっていますが、それでも攻めを継続するのに優秀な技です。壁際でヒットすればデモリッションマンに繋がります！"
DPD df+4 | FC DF4;ポールの新しい構えから出る新しい下段で、通称「ハチェットキック」です。ヒット時+3、ガード時-13しかありません。しゃがみやディープダイブからの中段と混ぜるのに最適です。ディープダイブから攻めを継続するのに使いましょう。立ち状態で出す技なので、カウンターを受けないよう注意してください。
UB2;鉄拳7にあったホーミングとカウンター時に浮かせる性能はなくなりましたが、代わりに壁が真横にあってもほぼ確実に完全な壁強を取れるようになりました。ガード時-5しかありません。壁際では強烈な技です。溜めるとホーミング性能が付き、ヒート中は壁が完全に左側にあっても、とてつもなく遠い距離から相手を壁まで吹き飛ばせます。 
D1;"中段（""D1,2""）か下段（""D1,4,2""）の派生を持つ14フレームの中段です。下段派生は定番のラウンドの締め技です。ヒート中の""D1,2""は強化技になり、2発目が当たると相手を壁まで吹き飛ばします。D1自体も判定が良くダメージのある中段で、横移動を捕まえます。ガード時-9です。D1の後に下を入れっぱなしにすると、しゃがみ状態で硬直が解けます。 "
D1+2;カウンターヒット時に追撃が入る12フレームの中段です。以前は一部の状況でジャブをくぐれましたが、最近のパッチでその性能はなくなりました。相手の攻めのフレームが詰まっていなければ、まだ使えます。カウンターヒット時は55を超える大ダメージになります。ガード時-18なので、切り返しとして控えめに使いましょう。 
F1+4 | U1+2;ポールの回避性能のあるショルダーです。実質、彼が持つ唯一の切り返し技です。左に横移動しながらショルダーを出します。回避性能が非常に高いので、相手が何も考えずに攻め続けてくるときに使いましょう。上段もくぐれます（リディアのQCF4やスティーブのUF2までくぐります）。ガード時-14で、相手に誘われることもあるので控えめに使いましょう。 
H.FF2,1+2 | H.FC DF2,1+2;ヒート中はFF2の連携が非常に強力になります。割り込めない前進する中段・中段の技で、ガード時+1です。ヒット時は相手を遠くの壁まで運んで壁強を誘発するので、壁コンボを完走できます。この技を安定して出すコツは、FF2を押したら2を押しっぱなしにし、そのまま1を押して押しっぱなしにすることです。 
DB1+2;崩拳の追撃に繋がる中段のパワークラッシュです。ガード時-14です。20フレームとパワークラッシュとしては比較的速く、多くのキャラクターの連携に割り込めます（例えばクライヴの2,2,2、ドラグノフのf3, 1+2、アンナのff3,2）。
B1+2;ガードされても安全な上段のパワークラッシュです。発生が遅い分、多くの技を受け止められるので、相手が連携で押してくるときのより安全な選択肢です。 
QCF3+4;"スウェーから出る、安全な中段の膝技です。""qcf3""と混ぜて使いましょう。ヒット時は崩拳が確定します。カウンターヒット時は最初からトルネードが付いた浮かせ技になります。""qcf1+2""と同じコンボルートを使いましょう（コンボの項目を参照）。 "
UF2;ポールの新しいジャンプ系のガード有利技です。上段なので、控えめに使いましょう。ガードされたときにDFを入れっぱなしにすると、ディープダイブに移行できます。ガード時+5、ディープダイブ移行時は+2です。浮かせられるヒート発動技でもあります。 










#panic_moves
Command;Description
F1+4;ポールの回避性能のあるショルダーで、相手の背後まで180度近く回り込めます。壁を背負っているときやニュートラルで使いましょう。
Db1+2;中段のパワークラッシュで、ヒット時は崩拳が確定します。
B1+2;上段のパワークラッシュで、ガードされても安全です。少し遅いですが、危ない状況から抜け出せます。
D1+2;カウンターヒット時に追撃が入る12フレームの中段です。もうジャブをくぐらないので、使うときは注意しましょう。
Ub1;ポール版のバックスイングブロー（backswing blow）です。ほとんど使われません。十分に下がりきらないものの、一部の上段はかわせます。 

#punishers_standing
Startup;Command;Description
i10;1,2;10フレーム確反、ダメージは少なめ
i10;2,3;10フレーム確反で、ダメージは1,2より上です。ヒット時+8。上段・上段
i12;B1,2;上段・中段の壁強誘発確反です。ステージ中央ではダウンを奪って起き攻めに、壁際では壁強になります
i12;D1+2
i13;F2;上段、ヒート発動技での確反
i14;B3;ポールの14フレームの浮かせ技で、リーチは短いですが下段のヒートスマッシュなどを安定して確定反撃できます
i15;DF2
i15;Uf3,4;ポールの二段蹴りの浮かせ技で、二段の性質があるため普通のジャンプキックより優秀です。相手がよく突っ込んで食らいます。
i18;QCB 1+2 | B3+4,1+2;ポールの長距離かつ最大ダメージの確反です。-18以上の技への確反に。
#punishers_crouching
Startup;Command;Description
i11;ws4
i13;ws3,2;完全にヒット確認可能、壁強を誘発
i14;[fc df2,1](dpd. df+2,1) | fc df2:1 | H. fc df2,1+2;壁強を誘発、リーチが長い
i15;ws2;鉄拳7と違い、今はフルコンボが入ります




#punishers_whiff
Command;Description
f2;非常に発生の速い上段のヒート発動技
qcf2;最大ダメージの中段、ヒート発動技
df2;最も安全な浮かせ技で、ダメージの伸びしろが大きい
QCB1+2 | B3+4, 1+2;レンジ2〜3で相手の空振りを誘ってから確反を入れるのが最適です。最大ダメージの浮かせ技です。

#combos_normal
Starter;Combo
Df2 | Qcf1 | uf4 | CH f1+2*;qcf1 > df4 > df1 backsway df ws 1,2 > backsway deep dive 2,1 > deep dive 1 > wr2
B3;3 > df4 > 3,2 backsway deep dive 2,1 > deep dive 1 > wr2
uf3,4 | ff3,4;df4, 3,2 backsway deep dive 1+2 > deep dive 1 > wr2
Qcb1+2;qcf1 > df4 > df1 backsway df ws 1,2 > backsway deep dive 2,1 > deep dive 1 > wr2
Low parry | qcf1+2;qcf1 > df1 backsway df ws 1,2 > backsway deep dive 2,1






#combos_beginner
Starter;Combo
Df2 | Qcf1 | uf4 | CH f1+2*;df4 > df1 backsway ws 1,2 > backsway deep dive 2,1 > deep dive 1 > wr2
B3;3,2 > 3,2 backsway deep dive 2,1 > deep dive 1 > wr2
uf3,4 | ff3,4;3,2 backsway deep dive 2,1 > deep dive 1 > wr2
Qcb1+2;df4 > 3,2 backsway deep dive 2,1 > deep dive 1 > wr2
Low parry;3,2 > 3,2 backsway deep dive 2,1
qcf1+2;df4 > 3,2 > 3,2 backsway deep dive 2,1


#combos_ender
Type;Combo
carry;FF2:1
floor_break;WR2
wall_break;Qcf2


#combos_wall
Type;Combo
normal;3,2 backsway 2
normal;3,2 D1+2 or 3,2 backsway up cancel qcf 2
tornado;qcb3,2,1 > low splat qcf2
tornado;qcb1+2 or db2 > 3,2 backsway up cancel qcf 2


#combos_small
Starter;Combo
4;db2 or dash up d1+2
d1+2;d1+2
db1+2 | ss1;qcf2
f1+2;qcf2
qcf3;d4,2,1+2 or d2
ss3;d1+2
df4;b1,2 or f2 (heat engager)




#stances
Type;Command / Name;Description
stance;sway/cormorant step;"""qcf""か""qcb""のコマンド、または""f3+4""か""b3+4""で移行します。ニュートラルからでも出せます。 "
stance;Deep dive;"""qcf""から""df""入力、または""df3+4""で移行します"



#frame_traps
Starter;Trap
qcf3;2,3 or 1,2
f1+2;df1,1,2
b4;f2
f2 | f4;f1+4


#knowledge_checks
Command;Description
df1,1,2;df1,1,2の2発目は上段です。しゃがんでかわし、最後の一発が来る前に浮かせる必要があります。遅れると最後の2を食らい、崩拳の追撃まで繋がります。
qcf1 > df2;"ポール使いは""qcf1""の後に反撃のジャブを浮かせるためにこれを使います。""Df2""は多くのジャブをくぐります。 "
H. d1,2*;ポールのガードブレイクです。ガードしたらしゃがみジャブかジャブで反撃でき、d1が（カウンターではない）ヒットをしたらガードを固めましょう。ガードした場合は右横移動から浮かせ技を入れることもできます。
H. b2,1*;ポールのもう一つのガードブレイクです。ガードしたらしゃがみジャブかジャブで反撃しましょう。壁際でよく使われます。ガードを固めつつ、ジャブかしゃがみジャブで2発目に割り込みましょう。 
qcb3,2,1 | qcb3,2,3;最後の一発は上段か中段です。ファジーガードで最後の技を必ずガードできます。しゃがめたら立ち途中の浮かせ技で浮かせ、ガードしたら13フレームの立ち途中確反を使いましょう。 
f2 > d1+2 (rip);以前はD1+2がジャブをくぐりましたが、今は違います。ジャブを押すだけでd1+2を止められます。 

#defense_tips
Title;Description
右横移動;"ポールの技の多くは、彼の左側（あなたから見て右側）への追尾が足りません。""Df1""は左側をよく追尾する技ですが、だからといって右横移動をためらう必要はありません。多くのポール使いはDF2を狙ってきますし、DF1からの選択肢の多くは右横移動からのしゃがみで回避できます。 "
遠く離れるか、ぴったり張り付くか;ポールの牽制技の多くがレンジ2あたりまで届くため、この距離が最も危険です。さらに離れて牽制技を誘ってから確反を入れるか、さらに近づいて（確反を受けやすい）切り返し技を使わせることができます。ポールの優秀な技の多くは発生が遅いため、発生の速いカウンター技に弱いです。 
壁際ですぐに受け身を取らない;壁際ですぐに受け身を取ると、ポールのなすがままになります。壁際での（あるいはステージ中央でも）彼の二択は強すぎます。寝たままで追い打ちを受けてから起き上がるか、横に転がって（壁から離れて）ガードしながら安全に起き上がることで、被害を減らせます。友人のRemyMartinの言葉を借りれば、「二択はそれに付き合ったときだけ二択になる。だから付き合うな」です。
立ちガードを意識する;ポールの下段の多くはダメージが低いか、リーチが非常に短いです（壁際でもバックステップ一回でデモリッションマンをかわせます）。ポール相手には、ほとんどの時間を立ちガードで過ごすようにしましょう。 

#defense_moves
Command;Description
df1,1,2;2発目は上段なので、しゃがんで確反を入れましょう。遅れたりカウンターを受けたりすると、最後の一発が確定し、崩拳の追撃まで繋がります。 
df1 (and its options);"df1からの選択肢（スウェー）のほぼすべては、右横移動からのしゃがみで回避できます。これで中段（""qcb2""、""qcb1""、""qcb1+2""）、ホーミング上段（""qcb4""）、下段（""qcb3""）をすべて回避できます。"
F1+4 | U1+2;どのポール使いも、追い込まれた状況から抜け出すためにこの技を使います。ときどき攻めの手を止めることで勝てます。たいていは壁を背負っているときや、こちらがガードされる構え技を使ったときに出してきます。 
Ws1,2 (string) | Df1 (string);ガードしたら、発生の速い中段（できれば12フレーム）かジャブで割り込めば、ほぼすべての選択肢を止められます（qcb1+2だけはくぐってきます）。ガード後に相手が何をするかよく見ましょう。 
3,2;3,2は中段・上段の技で、ランクの低いポール使いがスウェーの選択肢に移行するためによく使います。最後の一発は必ずしゃがんで浮かせましょう。
F1+2 | F1+2 deep dive;F1+2はガード時+3しかありません。その後の選択肢の多くは、バックステップすれば回避するかガードできます。ディープダイブに移行してきたら、ws4で割り込む（相打ちになるはずです）か、その後の技をそのままガードしましょう。
df1+3 (throw);壁強になるか、ポールがヒート中なら壁まで吹き飛ばされます。投げ抜けが重要です。
Ub2* | H.ff2,1+2;どちらの技もガード時+1しかありません。その後の技に割り込んでいきましょう。


#resources_external
Url;Name
https://youtu.be/UZHMJMiShEM?si=eH_JVCgDE_zO-6Pf;Mwkan7によるポール解説動画
https://youtu.be/e7w84lycV7A?si=qY6xXHsi-ShoN_fK;ポールのDf1解説動画 
https://youtu.be/hsJm7g9Dz8g?si=t9yoQGHTnEB-ua0Z;ポールのコンボと壁コンボの最適化



#credits
name;url;role
Romanjelly;https://x.com/TheRomanjelly | https://www.youtube.com/@Romanjelly | https://www.twitch.tv/romanjelly;author





#about
Property;Value
GameVersion;3.02.02
LastUpdated;2026-09-27




#about_author
Section
Romanjellyはインドネシア系アメリカ人のポール専門プレイヤーで、アメリカで最も知られたポール使いの一人です。ポールを徹底的に研究していることで知られ、コンテンツクリエイターとして[Twitch](https://www.twitch.tv/romanjelly)で定期的に配信し、[YouTube](https://www.youtube.com/@Romanjelly)にポールの動画を投稿して知識を共有しています。鉄拳の腕を次のレベルに上げたいプレイヤー向けに[コーチング](https://docs.google.com/forms/d/e/1FAIpQLSd5wg9ArNG1YmdnU2BdJVYdn0CRW1oVwpBvALotigofrbK3eQ/viewform)も行っています。
