;Paul Rehberi


#introduction
Section
"Tekken 8'in bu agresyon denizinde Paul, BÜYÜK ödüller için read'lere dayanan, ferahlatıcı bir savunma karakteridir. 10 frame'den 18 frame'e kadar uzanan blok punish'leri son derece acıtır ve rakibi başka bir şey yapmaktan korkutmak için özel olarak tasarlanmıştır. Rakip donup kalmaya başladığında, Paul için parti zamanı. Rakip çömelirse Paul'un blokta safe olan ve Heat'te launch eden güçlü bir Heat Engager mid'i (""QCB2"") var. Ayrıca Hammer of the Gods (""F1+2"") adlı, daha yavaş, blokta +3 bir mid'i de var; counter hit'te Deathfist devamı verebilir. Rakip ayakta kalırsa güçlü Demolition Man'i (""d4, 2, 1+2"") rakibini yerden süpürür ve neutral'ı sıfırlar. Paul'un eksiksiz bir throw oyunu (""2+4~B"", ""DF1+3"" ve ""UF1+2"") ve ek olarak yer değiştiren throw'ları (""B1+4"" ve ""F, F+1+2"") var. Paul'un en heyecan verici yanı yüksek hasar eğilimidir. Execution'ı tam ustalaşıldığında oyundaki en yüksek, inanılmaz bir duvar kombo hasarına sahiptir (""3,2"", Backsway up cancel ""QCF2""). "
Paul'u öğrenmeye başlamak kolaydır ve tavanı son derece yüksektir. Paul'da ustalaştığında kazandığın beceri ve bilgi diğer karakterlere de kolayca aktarılır!


#strengths
Strength
Hasar: Paul'un potansiyel hasarının üstüne yoktur. Execution ile rahatlıkla oyunun en çok hasar veren karakteridir. Zor duvar kombosu olmadan bile sert vurur. 
Duvar baskısı: Çok güçlü mid'ler ve knockdown'lı bir low, bu karakteri duvarda bir kâbusa çevirir. 
Eksiksiz throw oyunu: Kusursuz bir throw oyununa sahip birkaç karakterden biri. Her kırma kombinasyonu için bir throw'u var.
"Savunma canavarı: Paul'un counter hit hareketleri ve her daim hazır ""DF2""'si birçok rakibi az riskle uzakta tutar."


#weaknesses
Weakness
"Hantal: Birçok kişi Paul'u ""clunky"" (hantal) ya da ""slow"" (yavaş) diye tanımlar. Hareketlerinin çoğunun startup'ı daha yavaştır (örneğin 14F ""Df1"")"
"Nerf'lenen panik tuşları: Son nerf'le ""D1+2"" omuz vuruşu artık jab'ların altından geçemiyor. Panik hareketi olarak sadece ""F1+4"" ve ""4"" kaldı ve bunlar kolayca çekilebiliyor. Paul ile çok fazla geri tutup bloklamaya alışkın olmalısın, ve Tekken 8 gibi bir oyunda bu son derece korkutucu."
"Temel kombolar bazen ıskalayabilir (suçlu ""DPD.df+2,1"") ve sağa sidestep'e karşı zayıftır. "


#heat_system
Mechanic
"Paul'un Heat'teyken guard break saldırıları var (""H.D1,2*"", ""H.B2,1*""). Deathfist'i de -12 ile daha safe. Mesafe yüzünden çoğu zaman tamamen safe'tir. Güçlü, ilerleyen, mid, mid ve sadece Heat'te olan, blokta +1 bir string olan ""H.FF2,1+2""'yi yapabilir; isabette wall splat verir. ""H.DF1+3, QCF2""'si de daha uzak mesafeden wall splat verebilir."



#key_moves
Command;Description
DF1 (and extensions);"Df1, Paul'un ana mid poke'udur ve birçok devamı vardır. ""Df1,1,2"", Deathfist devamı veren mid, high, mid bir CH string'idir. Birçok kişi high olduğu için 1'e çömelir. Bunu kontrol etmek için ""df1"" yapıp backsway cancel ile ""df1""'e geçebilirsin. Safe Heat Engager mid için ""df1"" ardından backsway 2 (""qcb+2"") de yapabilirsin. Df1, backsway 4 (""qcb+4""), Paul'un hızlı, homing, CH'de launch eden high'ıdır. Df1, backsway 1+2 (""QCB+1+2"") sadece -14 olan kaçamak mid launcher'dır. Df1 ""[backsway 3,2,1](qcb+3,2,1)"" veya ""[3,2,3](qcb+3,2,3)"" sırasıyla wall splat veya CH launch verir, yani mash'leyenleri cezalandırır. Seçeneklerin çoğu SSR ile yenilebilir, ama DF1 backsway cancel'da ustalaşırsan Paul'un repertuvarındaki HER hareketi yapabilirsin; bu da ona sonsuz olasılık verir  "
DF2;"Paul'un rakibi uzakta tutmak için en iyi tuşu. Çömelenleri launch etmez ama blokta -8 ile tamamen safe. Menzili iyi ve yıkıcı bir kombo potansiyeli var. En iyi özelliği jab'ların altından geçmesidir. Jab'larıyla poke'layan karakterlere (Mishima'lar, Dragunov) karşı son derece etkilidir. Fena olmayan bir setup ""QCF1"" ardından ""DF2""'dir; jab ile karşılık vermeyi sevenler launch yer."
F4;Bana göre tartışmasız Paul'un en iyi hareketi. Bu hareket her şeyi yapar: nispeten hızlı, low crush'lı, homing, Heat Engager, safe bir mid. Önceki sezonlarda Heat'te tam launch ederdi (çılgınca). Range 3'te ne yapacağından emin olmadığında basacağın tuş budur. Menzili harika ve çok sidestep yapanları yakalar. Blokta sadece -5. 
B4;"Bence Paul'un en iyi low'u. 20F startup'ı var ama isabette +4, bu da hızlı bir mid ya da başka bir hızlı low mixup'ı için mükemmel bir zemin hazırlar. Blokta sadece -12, yani kadronun çoğu için punish'i minimal. Bu low, rakibinin mash'lemeyi sevip sevmediğini anlamak için bir turnusol testidir. B4 yiyip tuşa basarlarsa ofansını frame tight tutup araya girmek için ardından hızlı bir tuşa basabilirsin. Yiyip hiçbir şey yapmazlarsa daha çekingen olabilir ve geri tutmayı sevebilirler; bu da başka bir B4'e, hatta bir Demolition Man'e zemin hazırlar. Bu low'un zayıf tarafına doğru makul miktarda tracking'i de var. "
F2;"Paul için bu hareket bir ""electric."" 13F high Heat Engager. Blokta sadece -5 ve isabette yeni Deep Dive stance'ine de geçebilir. Bu hareketin iki tarafa da biraz tracking'i var, ama hızı sayesinde araya girmek veya whiff punish için harika bir tuştur. Tersine, bunu whiff punish'lemek neredeyse imkânsızdır. "
QCF3;"Paul'un bir başka temel low'u. İsabette nötr, blokta -14. Hasarı fena değil ve en iyi yanı kaçamak olması. Hareketin son kısmı çömelik olduğundan çoğu zaman high'ların altından geçer. CH'de ""D2"" devamı (zemini kırar, zemin patlamalarını tetikler) ya da garantili bir Demoman verir. Bir turnusol testi hareketi: isabette 0F olduğu için rakibinin nasıl bir oyuncu olduğunu sana söyleyebilir. Mash'lerse agresiftir, hiçbir şey yapmazsa daha çekingendir. Bu low mid'lerine de zemin hazırlar (""QCF3+4"")."
F1+2 ;"Paul'un ana blokta artı hareketi. CH'de garantili devam verecek şekilde buff'landı. df basılı tutarak Deep Dive'a da geçebilir. Normalde blokta +3'tür, Deep Dive'a geçerken blokta 0 olur. Bu hareket ofansında daha boğucu olmanı sağlar. Rakibini yerinde tutmak için hemen ""df1"" yapabilir ya da rakibine hasar vermeye devam etmek için bir low yapabilirsin. Bir başka turnusol testi tuşu: rakibin -3'teyken ne yaptığına çok dikkat et. "
QCB4;"Paul'un hızlı, homing, CH'de launch eden high'ı. Makul menzili ve blokta +1 ile rakibi uzakta tutmak için harika bir hareket. Farklı zamanlamalarla kullanıldığında rakibine yaklaşmadan önce iki kez düşündüren yıkıcı bir CH tuşudur. ""DF2"" ile birlikte kullanılabilir."
QCB1+2 | B3+4, 1+2;"Paul'un uzun menzilli launcher'ı/punisher'ı. Bu hareket birçok high'dan kaçar ve sadece -14. Menzili inanılmaz; düşünmeden jab basanlara ya da uzaktan high hareket kullananlara karşı kullanmak için harika. ""B3+4"" kullanıp ardından 1+2'ye basarsan bu harekete 2 frame daha hızlı erişirsin; bu da onu birçok seçeneği yenebilen harika bir launcher yapar."
QCF2;Paul'un imza Deathfist'i. Blokta -17 ama 45 hasar verir. Neutral'da asla kullanma, ama bir isabet tutturursan büyük bir psikolojik hasar verir ve rakibini her şeyi sorgulatır. Heat'te blokta -12'dir ve rakibini makul bir mesafeden duvara fırlatır. Heat Dash olarak kullanıldığında blokta tamamen safe. Heat'te launch da eder. 
D4, 2, 1+2 (Demoman);"Paul'un imza knockdown'lı low'u. Çok hasar verir ve kombo bitirişi olarak wall splat verir. Duvarda bu hareket ile ""QCB2"" veya ""UB2"", Paul'un korkutucu 50/50'sini oluşturur. Blokta -31, yani BÜYÜK bir kumardır. Menzili sorun yaratacak kadar kısa olabilir, ama hareketi girmeden önce dash yaparak bu hafifletilebilir. Eksiklerine rağmen kitinde hâlâ kullanışlı bir araçtır. "
B3;Paul'un 14F ayakta launcher'ı. Menzili kısa ama low Heat Smash'leri güvenilir şekilde punish'lemek için kullanılabilir. Neutral'da bu launcher'ı her an rahatça kullanabilirsin. Blokta safe (-6). Sağa sidestep yapanları da yakalar. Birçok kişi Paul'un seçeneklerinden kaçmak için sağa sidestep yapacağından B4'ten sonra da B3 kullanabilirsin.
DF4;"Counter hit'te garantili bir ""F2"", ""B1,2"" veya ""D1+2"" veren 17F mid. Güçlü, ilerleyen bir mid; isabette +8, blokta sadece -2, yani rakibin ardından daha yavaş bir hareketle basmaya çalışırsa ona saygı göstermeyebilirsin. Ardından sidestep atıp bir ""DF2"" de kollayabilirsin. İsabetteki +8 rakibinin sonrasında step atmasına izin vermez; bu da onu rakibini kontrol altında tutmak için harika bir araç yapar. "
WS1,2~b (Sway);"Çömelmeden yapılan, tamamen geciktirilebilir 15F mid-mid string. 2'de counter hit olursa garantili bir ""[backsway 2](qcb+2)"" veya ""[backsway 4](qcb+4)"" da veren harika bir ilerleme aracı. WS1 counter hit olursa 2 de garantidir. Blokta sadece -10 ve backsway cancel yaparsan safe hale getirilebilir. "
SS3;"Paul'un sidestep low'u. Blokta -12, isabette +4 verir. CH'de garantili ""d1+2"" verir. Duvarda yıkıcı bir hareket. Wall splat şansı için SS ""QCB2"" veya ""UB2"" ile karıştır. Bu hareketin tracking'i T7'dekinden az ve SS özelliği yüzünden biraz belli oluyor, ama baskıya devam etmek için hâlâ harika bir araç. İsabette duvarda Demolition Man'e zemin hazırlar!"
DPD df+4 | FC DF4;Paul'un yeni stance'inden yeni low'u, 'hatchet kick'i. İsabette +3, blokta sadece -13. Çömelmeden veya Deep Dive stance'inden mid'lerle karıştırmak için harika. Deep Dive'dan baskıya devam etmek için kullan. Hareketi ayakta yaptığı için CH yemeye dikkat et.
UB2;Bu hareket T7'deki homing, CH'de launch etme özelliğini kaybetti, ama karşılığında duvar sana tamamen dik olsa bile neredeyse her zaman tam bir wall splat kazandı. Blokta sadece -5. Duvarda bu hareket yıkıcıdır. Homing özelliği kazanmak için şarj da edilebilir ve Heat'te, duvar tamamen sol tarafında olsa bile rakibi SON DERECE uzaktan duvara fırlatabilir. 
D1;"Mid (""D1,2"") veya low (""D1,4,2"") devamı olan 14F mid. Low klasik bir round bitiricidir. ""D1,2"" Heat'te güçlenmiş bir harekettir ve rakibin 2'yi yerse onu duvara fırlatır. D1'in kendisi iyi hitbox'ı olan, sidestep yapanları yakalayan dolgun bir mid'dir. Blokta -9. Paul'un çömelmede toparlanması için D1'den sonra aşağı basılı tutabilirsin. "
D1+2;CH devamı veren 12F mid. Eskiden bazı setup'larda jab'ların altından geçerdi ama son yama bu özelliği kaldırdı. Rakibinin ofansı frame tight değilse hâlâ kullanılabilir. 55'e varan hasarla DEVASA bir CH verir. Blokta -18, bu yüzden panik hareketi olarak idareli kullan. 
F1+4 | U1+2;Paul'un kaçamak omuz vuruşu. Gerçekçi olmak gerekirse sahip olduğu tek panik hareketi. Sola sidestep atıp omuz vurur. SON DERECE kaçamaktır ve rakibin fazla düşünmeden ofansına devam ediyorsa kullanılmalıdır. High'ların altından da geçebilir (Lidia'nın QCF4'ünün, hatta Steve'in UF2'sinin altından geçer). -14 olduğu için idareli kullan, çünkü insanlar bunu çekebilir. 
H.FF2,1+2 | H.FC DF2,1+2;Heat'te FF2 string'i son derece güçlü hale gelir. Bu hareket, blokta +1 olan, araya girilemeyen, ilerleyen mid-mid bir harekettir. İsabette rakibini duvara uzağa gönderir ve wall splat verir, bu da sana tam bir duvar kombosu sağlar. Bu hareketi tutarlı şekilde çıkarmanın bir hilesi: FF2'ye bas, 2'yi basılı tut, sonra 1'e basıp basılı tut. 
DB1+2;Deathfist devamı veren mid power crush. Blokta -14. 20F ile bu power crush nispeten hızlıdır ve karakterlerin sahip olduğu birçok string'in araya girebilir (örneğin Clive'ın 2,2,2'si, Dragunov'un f3, 1+2'si ve Anna'nın ff3,2'si)
B1+2;Blokta safe olan high power crush. Bu power crush birçok hareketi absorbe edecek kadar yavaştır ve rakip bir string ile basmaya karar verirse daha safe bir seçenektir. 
QCF3+4;"Sway'den çıkan safe, mid diz hareketi. ""qcf3"" ile mixup yapmak için kullan. İsabette garantili Deathfist verir. CH'de başında tornado olan bir launcher'dır. ""qcf1+2"" ile aynı kombo rotasını kullan (kombo bölümüne bak). "
UF2;Bu, Paul'un yeni zıplayan, blokta artı hareketi. High olduğu için idareli kullan. Blokta DF basılı tutarak Deep Dive'a geçebilirsin. Blokta +5, Deep Dive için +2. Ayrıca launch eden bir Heat Engager. 










#panic_moves
Command;Description
F1+4;"Paul'un kaçamak omuz vuruşu; rakibin sırtına doğru 180 derece dönebilir. Sırtın duvara dayalıyken veya neutral'da kullan."
Db1+2;Mid power crush, isabette garantili Deathfist verir.
B1+2;High power crush, blokta safe, biraz daha yavaş ama seni zor bir durumdan kurtarabilir.
D1+2;CH devamı veren 12F mid. Artık jab'ları crush'lamıyor, kullanırken dikkatli ol.
Ub1;Paul'un backswing blow'u. Çok nadir kullanılır. Yeterince uzağa gitmez, ama yine de bazı high hareketlerden kaçar. 

#punishers_standing
Startup;Command;Description
i10;1,2;10F punisher, minimal hasar
i10;2,3;10F punisher, hasarda 1,2'yi geride bırakır. İsabette +8 verir. High, high
i12;B1,2;"High, mid, wall splat veren punisher; neutral'da oki için knockdown, duvar yakınında wall splat verir"
i12;D1+2
i13;F2;High, Heat Engager punish
i14;B3;Paul'un 14F launcher'ı, menzili kısa ama low Heat Smash gibi şeyleri güvenilir şekilde punish'leyebilir
i15;DF2
i15;Uf3,4;"Paul'un Shredder'ı; çift tekme özelliği sayesinde normal hopkick'ten daha iyi, insanlar bunlara çarpar."
i18;QCB 1+2 | B3+4,1+2;Paul'un uzun menzilli ve en çok hasar veren punisher'ı. -18 ve daha kötü hareketleri punish'lemek için.
#punishers_crouching
Startup;Command;Description
i11;ws4
i13;ws3,2;Tamamen hit confirm edilebilir, wall splat verir
i14;[fc df2,1](dpd. df+2,1) | fc df2:1 | H. fc df2,1+2;Wall splat verir, uzun menzil
i15;ws2;T7'nin aksine artık tam kombo veriyor




#punishers_whiff
Command;Description
f2;Son derece hızlı high Heat Engager
qcf2;En çok hasar veren mid, Heat Engager
df2;Büyük hasar potansiyeli olan en safe launcher
QCB1+2 | B3+4, 1+2;"En iyi range 2/3'te kullanılır; rakibi whiff etmeye çek, sonra punish'le. En çok hasar veren launcher."

#combos_normal
Starter;Combo
Df2 | Qcf1 | uf4 | CH f1+2*;qcf1 > df4 > df1 backsway df ws 1,2 > backsway deep dive 2,1 > deep dive 1 > wr2
B3;3 > df4 > 3,2 backsway deep dive 2,1 > deep dive 1 > wr2
uf3,4 | ff3,4;df4, 3,2 backsway deep dive 1+2 > deep dive 1 > wr2
Qcb1+2;qcf1 > df4 > df1 backsway df ws 1,2 > backsway deep dive 2,1 > deep dive 1 > wr2
Low parry | qcf1+2;qcf1 > df1 backsway df ws 1,2 > backsway deep dive 2,1






#combos_beginner
Starter;Combo
Df2 | Qcf1 | uf4 | CH f1+2*;df4 > df1 backsway ws 1,2 > backsway deep dive 2,1 > deep dive 1 > wr2
B3;3,2 > 3,2 backsway deep dive 2,1 > deep dive 1 > wr2
uf3,4 | ff3,4;3,2 backsway deep dive 2,1 > deep dive 1 > wr2
Qcb1+2;df4 > 3,2 backsway deep dive 2,1 > deep dive 1 > wr2
Low parry;3,2 > 3,2 backsway deep dive 2,1
qcf1+2;df4 > 3,2 > 3,2 backsway deep dive 2,1


#combos_ender
Type;Combo
carry;FF2:1
floor_break;WR2
wall_break;Qcf2


#combos_wall
Type;Combo
normal;3,2 backsway 2
normal;3,2 D1+2 or 3,2 backsway up cancel qcf 2
tornado;qcb3,2,1 > low splat qcf2
tornado;qcb1+2 or db2 > 3,2 backsway up cancel qcf 2


#combos_small
Starter;Combo
4;db2 or dash up d1+2
d1+2;d1+2
db1+2 | ss1;qcf2
f1+2;qcf2
qcf3;d4,2,1+2 or d2
ss3;d1+2
df4;b1,2 or f2 (heat engager)




#stances
Type;Command / Name;Description
stance;sway/cormorant step;"""qcf"" veya ""qcb"" hareketi ya da ""f3+4"" veya ""b3+4"" girilerek geçilir. Neutral'dayken yapılabilir. "
stance;Deep dive;"""qcf"" ve ardından ""df"" girişiyle ya da ""df3+4"" ile geçilir"



#frame_traps
Starter;Trap
qcf3;2,3 or 1,2
f1+2;df1,1,2
b4;f2
f2 | f4;f1+4


#knowledge_checks
Command;Description
df1,1,2;df1,1,2'nin 2. vuruşu high. Kaçmak için altından çömelmeli ve son vuruş gelmeden launch etmelisin. Fazla yavaş kalırsan son 2'yi yersin ve bu bir Deathfist devamı verir.
qcf1 > df2;"Paul oyuncuları ""qcf1"" sonrasında karşılık olarak gelen jab'ı launch etmek için bunu yapar. ""Df2"" birçok jab'ın altından geçer. "
H. d1,2*;"Bu, Paul'un guard break'i. Blokta çömelerek jab veya jab ile karşılık verebilirsin; d1 isabet ederse (CH değil) geri tut. Blokta SSR yapıp bir launcher da kullanabilirsin."
H. b2,1*;Paul'un bir başka guard break'i. Blokta çömelerek jab veya jab ile karşılık ver. İnsanlar bunu duvarda çok yapar. 2. vuruşun araya girmek için geri tutup jab veya çömelerek jab'a basmayı unutma. 
qcb3,2,1 | qcb3,2,3;Son vuruş ya high ya da mid. Son hareketi her zaman bloklamak için son vuruşa fuzzy duck yapabilirsin. Çömelirsen bir WS launcher ile launch et. Bloklarsan 13F WS punisher'ını kullan. 
f2 > d1+2 (rip);D1+2 eskiden jab'lardan kaçardı, artık kaçmıyor. Yapman gereken tek şey d1+2'yi durdurmak için jab basmak. 

#defense_tips
Title;Description
Sağa sidestep;"Paul'un hareketlerinin çoğunun onun soluna (senin sağına) tracking'i yok. ""Df1"" sola iyi tracking yapan hareketidir, ama bu seni sağa sidestep'ten caydırmamalı. Birçok Paul oyuncusu DF2 kollar ve DF1 seçeneklerinin çoğundan sağa sidestep ve çömelme ile kaçılabilir. "
Çok uzakta kal YA DA çok yakında kal;Paul'un en tehlikeli mesafesi range 2 civarıdır, çünkü rakibi uzak tutan hareketlerinin çoğu o kadar uzanır. Bu hareketleri çekip punish'lemek için daha da uzakta durabilir ya da panik hareketlerini (ki çok punish'lenebilirler) kullanmaya zorlamak için daha da yakına girebilirsin. Paul'un iyi hareketlerinin çoğunun startup'ı uzun, bu da onu hızlı counter hit hareketlerine açık bırakır. 
Duvarda hemen tech roll yapma;Duvarda hemen tech roll yaparsan onun insafına kalırsın. 50/50'si duvarda (hatta neutral'da bile) fazla iyi. Bunu yerde kalıp sana yerde vurduktan sonra kalkarak ya da (duvardan çıkmak için) yana yuvarlanıp güvenle kalkmak için geri tutarak hafifletebilirsin. Dostum RemyMartin'in dediği gibi: '50/50 ancak katılırsan mixup'tır, o yüzden katılma.'
Ayakta bloklamayı düşün;Paul'un low'larının çoğu az hasar verir ya da menzili çok kısadır (tek bir backdash, duvarda bile Demolition Man'den kaçar). Ona karşı çoğu zaman ayakta bloklamayı dene. 

#defense_moves
Command;Description
df1,1,2;İkinci vuruş high, o yüzden çömel ve punish'le. Geç kalırsan veya counter hit yersen son vuruş garantidir ve Deathfist devamı verir. 
df1 (and its options);"df1 seçeneklerinin (backsway) neredeyse hepsinden sağa sidestep ve çömelme ile kaçılabilir. Bu; mid'lerden (""qcb2"", ""qcb1"", ""qcb1+2""), homing high'dan (""qcb4"") ve low'dan (""qcb3"") kaçar."
F1+4 | U1+2;Tüm Paul'lar panik durumundan çıkmak için bu hareketi kullanır. Ofansına ara sıra ara vererek bunu yenebilirsin. Genellikle sırtları duvara dayalıyken ya da sen blokta bir stance hareketi kullanırken bunu yaparlar. 
Ws1,2 (string) | Df1 (string);Blokta, neredeyse tüm seçenekleri durdurmak için hızlı bir mid (tercihen 12F) veya jab ile challenge yapabilirsin (qcb1+2 yine de altından geçer). Blokta hareketlerine dikkat et. 
3,2;3,2, birçok düşük rank Paul'un backsway seçeneğine erişmek için yaptığı mid-high bir harekettir. Launch etmek için son vuruşa her zaman çömel.
F1+2 | F1+2 deep dive;F1+2 blokta sadece +3 verir. Sonrasındaki seçeneklerinin çoğundan backdash ile kaçılabilir ya da bloklanabilir. Deep Dive'a geçerse ws4 ile araya girebilir (trade olmalı) ya da sonraki hareketleri bloklayabilirsin.
df1+3 (throw);Bu, Heat'i varsa wall splat ya da duvara launch verir. Kırmak önemli.
Ub2* | H.ff2,1+2;Bu iki hareket de blokta sadece +1 verir. Sonraki hareketlerin araya girmek için challenge yap.


#resources_external
Url;Name
https://youtu.be/UZHMJMiShEM?si=eH_JVCgDE_zO-6Pf;Mwkan7'nin Paul rehberi videosu
https://youtu.be/e7w84lycV7A?si=qY6xXHsi-ShoN_fK;Paul Df1 videosu 
https://youtu.be/hsJm7g9Dz8g?si=t9yoQGHTnEB-ua0Z;Paul kombo ve duvar kombo optimizasyonu



#credits
name;url;role
Romanjelly;https://x.com/TheRomanjelly | https://www.youtube.com/@Romanjelly | https://www.twitch.tv/romanjelly;author





#about
Property;Value
GameVersion;3.02.02
LastUpdated;2026-09-27




#about_author
Section
"Romanjelly, Endonezya asıllı Amerikalı bir Paul uzmanı ve ABD'deki en tanınmış Paul oyuncularından biri. Paul'u derinlemesine lab'lamasıyla bilinir ve bilgisini içerik üreticisi olarak paylaşır; düzenli olarak [Twitch](https://www.twitch.tv/romanjelly)'te yayın yapar ve [YouTube](https://www.youtube.com/@Romanjelly)'a Paul içerikleri yükler. Tekken'ini bir üst seviyeye taşımak isteyen oyunculara [koçluk](https://docs.google.com/forms/d/e/1FAIpQLSd5wg9ArNG1YmdnU2BdJVYdn0CRW1oVwpBvALotigofrbK3eQ/viewform) da veriyor."
