;Гайд по Полу


#introduction
Section
"В этом море агрессии, которым является Tekken 8, Пол — освежающе оборонительный персонаж, который делает ставку на чтение соперника ради ОГРОМНОЙ награды. Его наказания за удары в блок, от 10 до 18 фреймов, очень болезненны и созданы для того, чтобы соперник боялся делать что-либо ещё. Когда соперник начинает замирать, для Пола начинается праздник. Если соперник приседает, у Пола есть мощный мид-хит ингейджер (""QCB2""), безопасный на блоке и подбрасывающий в Хите. Есть и более медленный мид, Hammer of the Gods (""F1+2""), который даёт +3 на блоке и после контрхита позволяет добить Deathfist. Если соперник остаётся стоять, его мощный Demolition Man (""d4, 2, 1+2"") сбивает соперника с ног и возвращает игру в нейтраль. У Пола полный набор бросков (""2+4~B"", ""DF1+3"" и ""UF1+2""), а также броски со сменой сторон (""B1+4"" и ""F, F+1+2""). Самое захватывающее в Поле — его способность наносить огромный урон. Если довести исполнение до совершенства, у него невероятный урон в комбо у стены, самый высокий в игре (""3,2"", отмена backsway вверх ""QCF2""). "
Пол — персонаж, которого легко освоить, но с очень высоким потолком мастерства. Освоив Пола, вы легко перенесёте полученные навыки и знания на других персонажей!


#strengths
Strength
Урон: потенциальный урон Пола не знает равных. При хорошем исполнении он легко становится самым дамажным персонажем в игре. Даже без сложного комбо у стены он бьёт очень больно. 
Давление у стены: очень сильные миды и лоу с нокдауном делают этого персонажа настоящим кошмаром у стены. 
Полный набор бросков: один из немногих персонажей с идеальным набором бросков. У него есть бросок под каждую комбинацию кнопок разрыва.
"Монстр обороны: удары Пола на контрхит и его вездесущий ""DF2"" держат многих соперников на дистанции с минимальным риском."


#weaknesses
Weakness
"Неповоротливость: многие называют Пола ""clunky"" или ""slow"", то есть неповоротливым и медленным. У многих его ударов медленный стартап (например, ""Df1"" на 14F)."
"Ослабленные панические кнопки: после недавнего нерфа плечо ""D1+2"" больше не проходит под джебами. Из панических ударов у него остались только ""F1+4"" и ""4"", и их легко спровоцировать. С Полом нужно привыкнуть много стоять в блоке, а в такой игре, как Tekken 8, это очень страшно."
"Базовые комбо иногда срываются (виноват в этом ""DPD.df+2,1""), и он слаб против сайдстепа вправо. "


#heat_system
Mechanic
"В Хите у Пола есть атаки с гард брейком (""H.D1,2*"", ""H.B2,1*""). Его Deathfist тоже становится безопаснее, -12, и из-за дистанции часто полностью безопасен. Он может сделать ""H.FF2,1+2"" — сильный продвигающийся стринг мид, мид, доступный только в Хите, который даёт +1 на блоке и на хите вызывает уолл сплэт. Его ""H.DF1+3, QCF2"" тоже может вызвать уолл сплэт с большей дистанции."



#key_moves
Command;Description
DF1 (and extensions);"Df1 — основной мид-поук Пола, и у него много продолжений. ""Df1,1,2"" — стринг мид, хай, мид на контрхит, который ведёт к добиванию Deathfist. Многие приседают под 1, так как это хай. Чтобы проверить соперника, можно сделать ""df1"", отменить в backsway и снова сделать ""df1"". Можно также сделать ""df1"" и backsway 2 (""qcb+2""), чтобы получить безопасный мид-хит ингейджер. Df1 и backsway 4 (""qcb+4"") — быстрый хай Пола с хоумингом, подбрасывающий на контрхите. Df1 и backsway 1+2 (""QCB+1+2"") — уклоняющийся мид-лаунчер, который всего лишь -14. Df1 и ""[backsway 3,2,1](qcb+3,2,1)"" или ""[3,2,3](qcb+3,2,3)"" дают уолл сплэт или подброс на контрхите соответственно, так что они наказывают тех, кто жмёт кнопки. Многие из этих вариантов проигрывают сайдстепу вправо, но освоив отмену DF1 в backsway, вы сможете сделать ЛЮБОЙ удар из арсенала Пола, что даёт бесконечные возможности.  "
DF2;"Лучшая кнопка Пола, чтобы держать соперника на дистанции. Она не подбрасывает присевших соперников, но полностью безопасна, -8 на блоке. Хорошая дальность и возможность разрушительного комбо. Её лучшее свойство — она проходит под джебами. Против персонажей, которые тычут джебами (Мисимы, Драгунов), это очень эффективно. Хорошая связка — ""QCF1"", затем ""DF2"": тот, кто любит отвечать джебом, будет подброшен."
F4;Пожалуй, лучший удар Пола, на мой взгляд. Этот удар умеет всё. Это относительно быстрый безопасный мид с лоукрашем, хоумингом и свойством хит ингейджера. В прошлых сезонах он полностью подбрасывал в Хите (безумие). Это кнопка, которую стоит нажимать, когда не знаешь, что делать на дистанции 3. У неё отличная дальность, и она ловит тех, кто часто делает сайдстеп. Всего -5 на блоке. 
B4;По-моему, это лучший лоу Пола. Стартап 20F, но на хите он даёт +4, что идеально подводит к быстрому миксапу между мидом и ещё одним быстрым лоу. Всего -12 на блоке, так что большая часть ростера может наказать лишь минимально. Этот лоу — лакмусовая бумажка: жмёт ваш соперник кнопки или нет. Если он получает B4 и жмёт, вы можете держать атаку фрейм-плотной и сразу нажать быструю кнопку, чтобы перебить его. Если он получает удар и ничего не делает, возможно, он осторожен и любит стоять в блоке, а это открывает ещё один B4 или даже Demolition Man. У этого лоу также неплохой трекинг в его слабую сторону. 
F2;"Это ""electric."" Пола. Хай-хит ингейджер на 13F. Всего -5 на блоке, а на хите может перейти в новую стойку Deep Dive. У удара есть трекинг в обе стороны, но благодаря скорости это отличная кнопка, чтобы перебивать соперника или делать вифф-паниш. И наоборот, наказать его промах почти невозможно. "
QCF3;"Ещё один ключевой лоу Пола. В ноль на хите, -14 на блоке. Неплохой урон, а главное — он уклоняющийся. В конце удара Пол пригибается, поэтому часто проходит под хаями. На контрхите даёт добивание ""D2"" (ломает пол и активирует взрывы пола) или гарантированный Demolition Man. Это удар-лакмусовая бумажка: благодаря 0F на хите он показывает, что за игрок ваш соперник. Если он жмёт кнопки — он агрессивен. Если ничего не делает — он осторожнее. Этот лоу также подготавливает ваши миды (""QCF3+4"")."
F1+2 ;"Главный плюсовый на блоке удар Пола. Его усилили, и теперь на контрхите он даёт гарантированное продолжение. Удерживая df, можно также перейти в Deep Dive. Обычно он даёт +3 на блоке, а при переходе в Deep Dive — 0 на блоке. Этот удар позволяет давить сильнее. Можно сразу сделать ""df1"", чтобы удержать соперника на месте, или ударить лоу, чтобы продолжать наносить урон. Ещё одна кнопка-лакмусовая бумажка. Внимательно следите, что делает соперник, когда он в -3. "
QCB4;"Быстрый хай Пола с хоумингом, подбрасывающий на контрхите. Отличный удар, чтобы держать соперника на дистанции: неплохая дальность и +1 на блоке. Если использовать его с разным таймингом, это разрушительная кнопка на контрхит, которая заставит соперника дважды подумать, прежде чем подходить. Можно сочетать с ""DF2""."
QCB1+2 | B3+4, 1+2;"Дальнобойный лаунчер и паниш Пола. Этот удар уклоняется от многих хаев и всего лишь -14. У него огромная дальность, отлично работает против тех, кто бездумно жмёт джеб или бьёт хаями с дальней дистанции. Если сделать ""B3+4"" и затем нажать 1+2, этот удар выйдет на 2 фрейма быстрее, что делает его потрясающим лаунчером, побеждающим множество вариантов."
QCF2;Фирменный Deathfist Пола. -17 на блоке, но наносит 45 урона. Никогда не используйте его в нейтрали, но если он попал, это наносит огромный психологический урон и заставляет соперника сомневаться во всём. В Хите он -12 на блоке и отправляет соперника в стену с приличной дистанции. Полностью безопасен на блоке, если использовать его как хит дэш. В Хите также подбрасывает. 
D4, 2, 1+2 (Demoman);"Фирменный лоу Пола с нокдауном. Наносит много урона и вызывает уолл сплэт как завершение комбо. У стены этот удар вместе с ""QCB2"" или ""UB2"" образует страшное 50/50 Пола. На блоке он -31, так что это ОГРОМНЫЙ риск. Дальность может быть проблемно короткой, но это можно компенсировать дешем перед вводом удара. Несмотря на недостатки, это всё ещё полезный инструмент в его арсенале. "
B3;Стоячий лаунчер Пола на 14F. У него короткая дальность, но им можно надёжно наказывать лоу хит смэши. В нейтрали этот лаунчер можно бросать в любой момент. Безопасен на блоке (-6). Также ловит тех, кто делает сайдстеп вправо. Можно использовать B3 после B4, так как многие делают сайдстеп вправо, чтобы избежать вариантов Пола.
DF4;"Мид на 17F, который на контрхите даёт гарантированный ""F2"", ""B1,2"" или ""D1+2"". Это сильный продвигающийся мид: +8 на хите и всего -2 на блоке, так что можно не уважать соперника, если он попытается ответить более медленным ударом. Можно также сделать сайдстеп после него и ловить соперника на ""DF2"". +8 на хите не даст сопернику сделать сайдстеп после, поэтому это отличный инструмент, чтобы держать соперника под контролем. "
WS1,2~b (Sway);"Полностью задерживаемый стринг мид-мид на 15F из приседа. Отличный продвигающийся инструмент, который при контрхите на 2 даёт гарантированный ""[backsway 2](qcb+2)"" или ""[backsway 4](qcb+4)"". Если WS1 попадает на контрхит, 2 тоже гарантирован. Всего -10 на блоке, и его можно сделать безопасным, отменив в backsway. "
SS3;"Лоу Пола со сайдстепом. На блоке -12, на хите +4. На контрхите даёт гарантированный ""d1+2"". У стены это разрушительный удар. Мешайте его с SS ""QCB2"" или ""UB2"", чтобы получить шанс на уолл сплэт. У этого удара меньше трекинга, чем в T7, и из-за свойства сайдстепа его немного видно заранее, но это по-прежнему отличный инструмент для продолжения давления. На хите у стены подготавливает Demolition Man!"
DPD df+4 | FC DF4;Новый лоу Пола из его новой стойки, его 'hatchet kick'. +3 на хите и всего -13 на блоке. Отлично сочетается с мидами из приседа или из стойки Deep Dive. Используйте его, чтобы продолжать давление из Deep Dive. Остерегайтесь контрхита, потому что он выполняет этот удар стоя.
UB2;Этот удар потерял хоуминг и подброс на контрхите из T7, но взамен почти всегда даёт полный уолл сплэт, даже если стена находится строго перпендикулярно вам. Всего -5 на блоке. У стены этот удар разрушителен. Его также можно зарядить, чтобы получить хоуминг, а в Хите он может отправить соперника в стену с ОЧЕНЬ большого расстояния, даже если стена полностью слева от вас. 
D1;"Мид на 14F с продолжением в мид (""D1,2"") или лоу (""D1,4,2""). Лоу — классический способ закончить раунд. ""D1,2"" в Хите — усиленный удар, который отправит соперника в стену, если по нему попадёт 2. Сам D1 — увесистый мид с хорошим хитбоксом, который ловит любителей сайдстепа. -9 на блоке. После D1 можно удерживать вниз, чтобы Пол восстановился в приседе. "
D1+2;Мид на 12F, дающий продолжение на контрхите. Раньше в некоторых ситуациях он проходил под джебами, но последний патч убрал это свойство. Его всё ещё можно использовать, если атака соперника не фрейм-плотная. Даёт ОГРОМНЫЙ контрхит с уроном более 55. -18 на блоке, так что используйте его как паническую кнопку экономно. 
F1+4 | U1+2;Уклоняющееся плечо Пола. По сути, это его единственный панический удар. Он делает сайдстеп влево и бьёт плечом. Это ОЧЕНЬ уклоняющийся удар, и его стоит использовать, если соперник продолжает атаку, не особо задумываясь. Также может проходить под хаями (проходит под QCF4 Лидии и даже под UF2 Стива). -14, так что используйте его экономно, потому что его могут спровоцировать. 
H.FF2,1+2 | H.FC DF2,1+2;В Хите стринг FF2 становится очень мощным. Это продвигающийся удар мид-мид, который нельзя перебить, и он даёт +1 на блоке. На хите он отправляет соперника далеко в стену и вызывает уолл сплэт, что даёт полное комбо у стены. Хитрость, чтобы стабильно делать этот удар: нажать FF2, затем удерживать 2, а потом нажать и удерживать 1. 
DB1+2;Мид паверкраш, дающий добивание Deathfist. -14 на блоке. С 20F этот паверкраш относительно быстрый и может перебивать многие стринги персонажей (например, 2,2,2 Клайва, f3, 1+2 Драгунова и ff3,2 Анны).
B1+2;Хай паверкраш, безопасный на блоке. Этот паверкраш достаточно медленный, чтобы поглощать многие удары, и это более безопасный вариант, если соперник решит давить стрингом. 
QCF3+4;"Безопасный мид-удар коленом из sway. Используйте его в миксапе с ""qcf3"". На хите даёт гарантированный Deathfist. На контрхите это лаунчер с торнадо в самом начале. Используйте тот же маршрут комбо, что и для ""qcf1+2"" (смотрите раздел с комбо). "
UF2;Это новый прыжковый плюсовый на блоке удар Пола. Это хай, так что используйте его экономно. На блоке можно удерживать DF, чтобы перейти в Deep Dive. +5 на блоке и +2 при переходе в Deep Dive. Также это подбрасывающий хит ингейджер. 










#panic_moves
Command;Description
F1+4;Уклоняющееся плечо Пола, может обойти соперника примерно на 180 градусов, за спину. Используйте его, когда вы прижаты к стене, или в нейтрали.
Db1+2;Мид паверкраш, на хите даёт гарантированный Deathfist.
B1+2;Хай паверкраш, безопасен на блоке, немного медленнее, но может вытащить вас из опасной ситуации.
D1+2;Мид на 12F, дающий продолжение на контрхите. Больше не проходит под джебами, будьте осторожны при использовании.
Ub1;Backswing blow Пола. Используется очень редко. Он отходит недостаточно далеко, но всё же уклоняется от некоторых хаев. 

#punishers_standing
Startup;Command;Description
i10;1,2;Паниш на 10F, минимальный урон
i10;2,3;Паниш на 10F, по урону превосходит 1,2. Даёт +8 на хите. Хай, хай
i12;B1,2;Паниш хай, мид с уолл сплэтом: в нейтрали даёт нокдаун для оки, у стены вызывает уолл сплэт
i12;D1+2
i13;F2;Хай, паниш хит ингейджером
i14;B3;Лаунчер Пола на 14F, короткая дальность, но надёжно наказывает такие вещи, как лоу хит смэш
i15;DF2
i15;Uf3,4;"Shredder Пола, лучше обычного хопкика благодаря двойному удару ногой; соперники часто сами на него налетают."
i18;QCB 1+2 | B3+4,1+2;Дальнобойный и самый дамажный паниш Пола. Для наказания ударов на -18 и больше.
#punishers_crouching
Startup;Command;Description
i11;ws4
i13;ws3,2;Полностью подтверждается на хите, вызывает уолл сплэт
i14;[fc df2,1](dpd. df+2,1) | fc df2:1 | H. fc df2,1+2;Вызывает уолл сплэт, большая дальность
i15;ws2;Теперь даёт полное комбо, в отличие от T7




#punishers_whiff
Command;Description
f2;Очень быстрый хай-хит ингейджер
qcf2;Самый дамажный мид, хит ингейджер
df2;Самый безопасный лаунчер с огромным потенциалом урона
QCB1+2 | B3+4, 1+2;Лучше всего на дистанции 2/3: спровоцируйте промах и накажите. Самый дамажный лаунчер.

#combos_normal
Starter;Combo
Df2 | Qcf1 | uf4 | CH f1+2*;qcf1 > df4 > df1 backsway df ws 1,2 > backsway deep dive 2,1 > deep dive 1 > wr2
B3;3 > df4 > 3,2 backsway deep dive 2,1 > deep dive 1 > wr2
uf3,4 | ff3,4;df4, 3,2 backsway deep dive 1+2 > deep dive 1 > wr2
Qcb1+2;qcf1 > df4 > df1 backsway df ws 1,2 > backsway deep dive 2,1 > deep dive 1 > wr2
Low parry | qcf1+2;qcf1 > df1 backsway df ws 1,2 > backsway deep dive 2,1






#combos_beginner
Starter;Combo
Df2 | Qcf1 | uf4 | CH f1+2*;df4 > df1 backsway ws 1,2 > backsway deep dive 2,1 > deep dive 1 > wr2
B3;3,2 > 3,2 backsway deep dive 2,1 > deep dive 1 > wr2
uf3,4 | ff3,4;3,2 backsway deep dive 2,1 > deep dive 1 > wr2
Qcb1+2;df4 > 3,2 backsway deep dive 2,1 > deep dive 1 > wr2
Low parry;3,2 > 3,2 backsway deep dive 2,1
qcf1+2;df4 > 3,2 > 3,2 backsway deep dive 2,1


#combos_ender
Type;Combo
carry;FF2:1
floor_break;WR2
wall_break;Qcf2


#combos_wall
Type;Combo
normal;3,2 backsway 2
normal;3,2 D1+2 or 3,2 backsway up cancel qcf 2
tornado;qcb3,2,1 > low splat qcf2
tornado;qcb1+2 or db2 > 3,2 backsway up cancel qcf 2


#combos_small
Starter;Combo
4;db2 or dash up d1+2
d1+2;d1+2
db1+2 | ss1;qcf2
f1+2;qcf2
qcf3;d4,2,1+2 or d2
ss3;d1+2
df4;b1,2 or f2 (heat engager)




#stances
Type;Command / Name;Description
stance;sway/cormorant step;"Вход через движение ""qcf"" или ""qcb"", либо через ""f3+4"" или ""b3+4"". Можно делать из нейтрали. "
stance;Deep dive;"Вход через ввод ""qcf"" и затем ""df"", либо через ""df3+4"""



#frame_traps
Starter;Trap
qcf3;2,3 or 1,2
f1+2;df1,1,2
b4;f2
f2 | f4;f1+4


#knowledge_checks
Command;Description
df1,1,2;Второй удар df1,1,2 — хай. Нужно присесть под него и подбросить до того, как придёт последний удар. Если вы слишком медленны, получите последний 2, а он даёт добивание Deathfist.
qcf1 > df2;"Игроки за Пола делают это, чтобы подбросить ответный джеб после ""qcf1"". ""Df2"" проходит под многими джебами. "
H. d1,2*;Это гард брейк Пола. На блоке можно ответить джебом из приседа или обычным джебом, а при попадании d1 (не контрхит) держите блок. На блоке можно также сделать сайдстеп вправо и ударить лаунчером.
H. b2,1*;Ещё один гард брейк Пола. На блоке отвечайте джебом из приседа или обычным джебом. Его часто используют у стены. Обязательно держите блок и нажмите джеб или джеб из приседа, чтобы перебить второй удар. 
qcb3,2,1 | qcb3,2,3;Последний удар — либо хай, либо мид. Можно сделать фаззи-гард на последнем ударе, чтобы всегда блокировать последний удар. Если вы присели — подбросьте лаунчером из WS. Если заблокировали — используйте свой паниш из WS на 13F. 
f2 > d1+2 (rip);Раньше D1+2 уклонялся от джебов, теперь нет. Чтобы остановить d1+2, достаточно нажать джеб. 

#defense_tips
Title;Description
Сайдстеп вправо;"Многим ударам Пола не хватает трекинга в его левую сторону (вашу правую). ""Df1"" — его удар с хорошим трекингом влево, но это не должно отбивать у вас желание делать сайдстеп вправо. Многие игроки за Пола ловят соперника на DF2, а многих вариантов после DF1 можно избежать сайдстепом вправо с приседом. "
Держитесь очень далеко ИЛИ очень близко;Самая опасная дистанция Пола — около дистанции 2, так как многие его удары для удержания соперника на расстоянии достают именно туда. Можно отойти ещё дальше, чтобы спровоцировать эти удары и наказать, или подойти ещё ближе, чтобы вынудить его использовать панические удары (которые легко наказать). У многих хороших ударов Пола долгий стартап, что делает его уязвимым к быстрым ударам на контрхит. 
Не делайте тех-ролл сразу у стены;Если сразу сделать тех-ролл у стены, вы окажетесь в его власти. Его 50/50 слишком хорошо у стены (а то и в нейтрали). Этого можно избежать, если остаться лежать и встать после того, как вас ударят на земле, или откатиться в сторону (чтобы уйти от стены) и держать блок, чтобы безопасно встать. Как говорит мой друг RemyMartin: '50/50 — это миксап только тогда, когда вы в нём участвуете, так что не участвуйте'.
Подумайте о блоке стоя;Многие лоу Пола наносят мало урона или имеют очень короткую дальность (одного бекдеша хватает, чтобы избежать Demolition Man даже у стены). Старайтесь большую часть времени блокировать против него стоя. 

#defense_moves
Command;Description
df1,1,2;Второй удар — хай, так что присядьте и накажите его. Если вы опоздали или получили контрхит, последний удар гарантирован и даёт добивание Deathfist. 
df1 (and its options);"Почти всех вариантов после df1 (backsway) можно избежать сайдстепом вправо с приседом. Так вы уйдёте от мида (""qcb2"", ""qcb1"", ""qcb1+2""), хая с хоумингом (""qcb4"") и лоу (""qcb3"")."
F1+4 | U1+2;Все игроки за Пола используют этот удар, чтобы выбраться из панической ситуации. Его можно победить, время от времени делая паузу в атаке. Обычно его используют, когда прижаты к стене или когда вы делаете удар из стойки, который попадает в блок. 
Ws1,2 (string) | Df1 (string);На блоке можно перебить быстрым мидом (лучше на 12F) или джебом, чтобы остановить почти все варианты (qcb1+2 всё равно пройдёт снизу). Следите за тем, что соперник делает после блока. 
3,2;3,2 — удар мид-хай, который многие игроки за Пола низкого ранга используют, чтобы перейти к вариантам из backsway. Всегда приседайте под последний удар, чтобы подбросить.
F1+2 | F1+2 deep dive;F1+2 даёт всего +3 на блоке. Многих вариантов после него можно избежать или заблокировать, если сделать бекдеш. Если он переходит в Deep Dive, можно перебить ударом ws4 (должен получиться размен) или просто заблокировать следующие удары.
df1+3 (throw);Это даст уолл сплэт или, если у него есть Хит, подброс в стену. Разорвать бросок очень важно.
Ub2* | H.ff2,1+2;Оба этих удара дают всего +1 на блоке. Перебивайте последующие удары.


#resources_external
Url;Name
https://youtu.be/UZHMJMiShEM?si=eH_JVCgDE_zO-6Pf;Видеогайд по Полу от Mwkan7
https://youtu.be/e7w84lycV7A?si=qY6xXHsi-ShoN_fK;Видео про Df1 Пола 
https://youtu.be/hsJm7g9Dz8g?si=t9yoQGHTnEB-ua0Z;Оптимизация комбо и комбо у стены за Пола



#credits
name;url;role
Romanjelly;https://x.com/TheRomanjelly | https://www.youtube.com/@Romanjelly | https://www.twitch.tv/romanjelly;author





#about
Property;Value
GameVersion;3.02.02
LastUpdated;2026-09-27




#about_author
Section
Romanjelly — индонезийско-американский специалист по Полу и один из самых узнаваемых игроков за Пола в США. Он известен тем, что глубоко изучает Пола, и делится знаниями как контент-мейкер: регулярно стримит на [Twitch](https://www.twitch.tv/romanjelly) и публикует контент про Пола на [YouTube](https://www.youtube.com/@Romanjelly). Он также проводит [коучинг](https://docs.google.com/forms/d/e/1FAIpQLSd5wg9ArNG1YmdnU2BdJVYdn0CRW1oVwpBvALotigofrbK3eQ/viewform) для игроков, которые хотят вывести свой Tekken на новый уровень.
