;파캄람


#introduction
Section
파캄람은 장단점이 뚜렷한 캐릭터입니다. 독특한 디자인 때문에 움직임과 이지선다에 대해 고유한 개념이 필요합니다. 이 캐릭터로는 횡보가 아니라 횡신을 익혀야 합니다.
주로 엄청난 리치를 활용하고, 50/50 이지선다를 예측하기 어렵게 거는 것이 핵심입니다


#strengths
Strength
게임 내 최고의 리치
높은 대미지
횡 추적 성능이 좋아 상대의 횡보와 횡신을 막을 수 있음



#weaknesses
Weakness
횡보가 나쁨
하단의 프레임이 나쁨 
이지선다의 리스크가 큼


#heat_system
Mechanic
"가루다 포스 강화 상태를 쓸 수 있게 되며, ""GRF df+3+4,3"", ""GRF f+2,1,2"" 같은 기술이 생깁니다 "
"""3,4~3*""(홀드) 및 ""4,3~4*""(홀드)가 가드 브레이크를 일으키고 라마 자세로 이행합니다"


#installments
Name;Description
Garuda Force (GRF);"히트 중에는 항상 사용할 수 있습니다. ""f+3+4"", ""b+4,3,2"", ""df+1,2"" 같은 기술을 맞혀도 얻을 수 있습니다. 새로운 파생과, 히트 항목에서 설명한 라마 자세로 이어지는 가드 브레이크를 쓸 수 있게 됩니다"


#key_moves
Command;Description
3;"리치가 길고 파생이 있는 13프레임 중단 견제기입니다. ""3, 1""은 연속 히트하는 중단·상단 연속기로 히트 시 +7입니다. 상대가 앉지 않는다면 가장 좋은 파생입니다. ""3, 4~3""은 카운터 시 연속 히트하는 중단·중단 연속기로 대미지가 좋습니다. ""3,4~4"" 역시 카운터 시 연속 히트하며 +3에 벽꽝을 일으킵니다. 상대가 첫 타 이후 앉는다면 ""3,4""를 쓸 수 있습니다."
3+4;18프레임 중단으로 왼쪽 횡 추적 성능이 뛰어납니다. 카운터 시 띄우며 벽꽝을 일으킵니다
df+1;"15프레임 중단으로 왼쪽을 추적하며, ""df+1,4"", ""df+1,4~3"", ""df+1,4~4"" 같은 파생이 있습니다"
df+4;"16프레임 중단으로 리치가 길고 오른쪽을 추적합니다. 파생은 ""df+4,1""(노딜 상단)과 ""df+4,3""(-12 중단)입니다"
b,f+4 ;리치가 길고 오른쪽 횡 추적 성능이 뛰어난 일반 시동기
d+4;빠른 하단으로 가드 시 -15, 히트 시 -4이며 리치와 횡 추적 성능이 뛰어납니다. 다운된 상대에게도 맞고, 카운터 시 잡기로 이행합니다 
f,f+3;리치가 긴 하단. 가드 시 -14, 히트 시 +4. 왼쪽을 추적하며 다운된 상대에게도 맞습니다
b+3;빠른 상단 호밍기이자 히트 발동기이며, 벽꽝을 일으킵니다
d+1;"중단. 카운터 시 ""ws 1,2""로 콤보가 됩니다. 패링할 수 없고 다운된 상대에게도 맞습니다"
f,f,f+3;중단, +6. 리치가 길고 벽꽝을 일으키며 패링할 수 없습니다
b+3+4;"엄청난 리치의 중단으로 가드 시 -13. 카운터 시 ""ff+1+2"" 또는 ""f+2,1""로 콤보가 됩니다(가루다 포스 중에는 ""GRF f+2,1,2"")"
GRF df+3+4, 3;왼쪽 횡 추적 성능이 뛰어납니다. 3타는 히트 확인이 가능합니다. 2타는 -10, 3타는 노딜입니다. 히트 시 라마 자세 이지선다로 이어집니다
uf3 (heat dash);발생 14프레임에 리치가 깁니다





















#panic_moves
Command;Description
1,1;상단·중단, 카운터 시 콤보
d+2;잽처럼 쓰는 12프레임 중단 팔꿈치
f+3+4;중단 파워 크러시. 히트 시 가루다 포스 강화 상태를 얻습니다



#punishers_standing
Startup;Command;Description
10;1,4;대미지 22, +8
12;2,1;대미지 33, 벽꽝, 다운
13;3,1;중단, 대미지 23, +7, 긴 리치
14;b+1;긴 리치, ff1+2로 콤보 
15;df+2,3;중단·상단, 히트 시 띄움 




#punishers_crouching
Startup;Command;Description
11;WS 4;일반적인 ws4
13;WS 1,2;히트 발동기, 벽꽝
14;WS 2,4;ff 1+2로 콤보, 벽꽝
15;WS 3;앉아일어서기 시동기




#punishers_whiff
Command;Description
df+4,3;16프레임, 엄청난 리치, d4로 콤보 
3,1;13프레임, 쉬운 헛손질 딜캐
b+1;14프레임, 좋은 리치, ff1+2로 콤보
f+2,1;15프레임, 중단·중단, 긴 리치, 벽꽝

#combos_normal
Starter;Combo
df+2,3; df+3~4 > b+1 > d+3,4,3~4 >  uf4 T! 
WS 3;df+3~4 > 3,4~4 > dash > 3,4~4 > uf+4 T!
b,f+4;df+3~4 > 3,4~4 > dash > 3,4~4 > dash > 3,4~3
CH 3+4;df+3~4 > 3,4~4 > dash > b4 f3,2,4~3 







#combos_beginner
Starter;Combo
df+2,3;b1 > d3,4,3~4 > uf+4 T!
df+2,3;3,4~4 > 3,4~4 > uf+4 T!






#combos_ender
Type;Combo
carry;df+4,3
wall_break;2,1
floor_break;df+1,2
;2,1
;f+2,1
;db 4 dash df 43
;db4 ff1+2




#combos_wall
Type;Combo
normal;1,2,1,4
tornado;uf+4 T! > b+4,3,2
normal;3,1 > uf3 or b1
tornado;df+4,3 T! > 3,1,4


#combos_small
Starter;Combo
b+1;ff+1+2
WS 2,4;ff+1+2
CH FC df+2 ;ff+1+2








#stances
Type;Command / Name;Description
stance;Rama (RAM);"가루다 포스(강화 상태) 중에는 라마라는 이지선다용 자세로 들어갈 수 있습니다. ""GRF df+3+4,3""을 맞히거나, ""GRF 1+2"" 패링을 성공시키거나, ""GRF 3,4~3*"", ""GRF 4,3~4*"" 같은 차지 킥을 상대가 가드하게 만들면 됩니다"
command;RAM 1;파워 크러시나 레이지 아츠를 쓰는 상대를 이기는 선택지. 중단이며 가드 시 +1. 패링할 수 없고 벽꽝을 일으킵니다. 대부분의 캐릭터는 가드할 수밖에 없습니다
command;RAM 2;가드 불능기. 끊거나 횡신·횡보로 피할 수 있습니다 
command;RAM 3,4;중단·상단(가드가 강제되는 연속기). 벽꽝을 일으키고 대미지가 큽니다. 파워 크러시와 패링으로 이길 수 있습니다
command;RAM 4;하단, 가드 시 -13. 하단 패링하거나 가드하십시오
command;RAM 1+3;가드 불능 잡기(가루다 포스를 얻음). 앉아서 피한 뒤 딜캐하십시오


#frame_traps
Starter;Trap
1;1,1
f,f,f+3;3
f,f+3;df+3+4
3,4~4;d+2


#knowledge_checks
Command;Description
GRF f+2,1,2;마지막 타는 가드 시 +2입니다. 상대가 이 기술을 횡신으로 피하지 않으면 매우 강력합니다
GRF d+3,4, 3~4*;모르면 대처하기 어려운 연속기로, 라마 자세 이지선다로 이어집니다





#defense_tips
Title;Description
횡 움직임;파캄람은 횡신은 가능하지만 횡보는 잘하지 못합니다
-13 + 하단;파캄람의 하단은 모두 가드 시 최소 -13입니다



#defense_moves
Command;Description
3,1;2타를 앉아서 피한 뒤 딜캐
df+1,4;2타를 앉아서 피한 뒤 딜캐
3+4 ;왼쪽 횡이동
b,f+4;오른쪽 횡이동






#resources_external
Url;Name
https://www.youtube.com/watch?v=X01lEkAOYzI;TheMainMain의 입문 가이드(15분)
https://www.youtube.com/watch?v=6JFW_VCb3WA;Mwkan의 올인원 가이드(20분)
https://youtu.be/-wtFfYWzY9k?si=j0wC8HBQ-LjJeucQ&t=2524;TheMainMan의 파캄람 상대법(3분)
https://www.youtube.com/live/UvjYlqml5Z0?si=b0i2QV6ErXJfroUD&t=13012;Leemishima의 대회 경기


#credits
name;url;role
Leemishima;https://x.com/leemishimaTKN;author





#about
Property;Value
GameVersion;3.00.02
LastUpdated;2026-04-24




#about_author
Section
