;Фахкумрам


#introduction
Section
Фахкумрам — персонаж с явными сильными и слабыми сторонами. У него уникальный дизайн, который требует особого подхода к передвижению и миксапам. За этого персонажа нужно научиться делать САЙДСТЕП (а не САЙДВОЛК).
В основном он пользуется своей огромной дальностью и непредсказуемостью своих миксапов 50/50


#strengths
Strength
Лучшая дальность в игре
Большой урон
Хороший трекинг, который не даёт соперникам уходить сайдволком и сайдстепом



#weaknesses
Weakness
Слабый сайдволк
Плохие фреймы на лоу 
Рискованные миксапы


#heat_system
Mechanic
"Получает доступ к своему усилению Garuda с такими приёмами, как ""GRF df+3+4,3"" и ""GRF f+2,1,2"" "
"Гард брейк при ""3,4~3*"" (с удержанием) и ""4,3~4*"" (с удержанием) с переходом в стойку Rama"


#installments
Name;Description
Garuda Force (GRF);"В Хите доступно всегда. Также включается при попадании приёмами вроде ""f+3+4"", ""b+4,3,2"" и ""df+1,2"". Даёт доступ к новым продолжениям и гард брейкам с переходом в Rama, как описано в разделе о Хите"


#key_moves
Command;Description
3;"Мид-поук на 13F с отличной дальностью и продолжениями. ""3, 1"" — стринг мид-хай, натуральный на хите и дающий +7. Это лучшее продолжение, если соперник не приседает. ""3, 4~3"" — стринг мид-мид, комбо на контрхите, с хорошим уроном. ""3,4~4"" — тоже комбо на контрхите, +3 и уолл сплэт. Если соперник приседает после первого удара, используйте ""3,4""."
3+4;Мид на 18F с отличным трекингом влево. Лаунчер на контрхите, вызывает уолл сплэт
df+1;"Мид на 15F с трекингом влево и продолжениями вроде ""df+1,4"", ""df+1,4~3"" и ""df+1,4~4"""
df+4;"Мид на 16F с отличной дальностью, трекингом вправо и продолжениями ""df+4,1"" (безопасный хай) и ""df+4,3"" (мид, -12)"
b,f+4 ;Обычный лаунчер с отличной дальностью и отличным трекингом вправо
d+4;Быстрый лоу, -15 на блоке и -4 на хите, с отличной дальностью и отличным трекингом. Попадает по лежачему сопернику, а на контрхите переходит в бросок 
f,f+3;Лоу с отличной дальностью. -14 на блоке и +4 на хите. Трекинг влево, попадает по лежачему сопернику
b+3;Быстрый хай с хоумингом, хит ингейджер, вызывает уолл сплэт
d+1;"Мид. На контрхите комбо с ""ws 1,2"". Нельзя парировать, попадает по лежачему сопернику"
f,f,f+3;Мид, +6. Отличная дальность, вызывает уолл сплэт, нельзя парировать
b+3+4;"Мид с потрясающей дальностью, -13 на блоке. На контрхите комбо с ""ff+1+2"" или ""f+2,1"" (в усилении — ""GRF f+2,1,2"")"
GRF df+3+4, 3;Отличный трекинг влево. Третий удар можно подтвердить на хите. Второй удар -10, третий безопасен. На хите даёт миксап из стойки Rama
uf3 (heat dash);Стартап 14 фреймов и отличная дальность





















#panic_moves
Command;Description
1,1;Хай-мид, комбо на контрхите
d+2;Мид-локоть на 12F, работает как джеб
f+3+4;Мид-паверкраш. На хите даёт усиление Garuda Force



#punishers_standing
Startup;Command;Description
10;1,4;22 урона, +8
12;2,1;33 урона, уолл сплэт, нокдаун
13;3,1;Мид, 23 урона, +7, отличная дальность
14;b+1;Отличная дальность, комбо с ff1+2 
15;df+2,3;Мид-хай, лаунчер на хите 




#punishers_crouching
Startup;Command;Description
11;WS 4;Стандартный ws4
13;WS 1,2;Хит ингейджер, уолл сплэт
14;WS 2,4;Комбо с ff 1+2 и уолл сплэт
15;WS 3;Лаунчер из WS




#punishers_whiff
Command;Description
df+4,3;16F, потрясающая дальность, комбо с d4 
3,1;13F, простой вифф-паниш
b+1;14F, хорошая дальность, комбо с ff1+2
f+2,1;15F, мид-мид, большая дальность, уолл сплэт

#combos_normal
Starter;Combo
df+2,3; df+3~4 > b+1 > d+3,4,3~4 >  uf4 T! 
WS 3;df+3~4 > 3,4~4 > dash > 3,4~4 > uf+4 T!
b,f+4;df+3~4 > 3,4~4 > dash > 3,4~4 > dash > 3,4~3
CH 3+4;df+3~4 > 3,4~4 > dash > b4 f3,2,4~3 







#combos_beginner
Starter;Combo
df+2,3;b1 > d3,4,3~4 > uf+4 T!
df+2,3;3,4~4 > 3,4~4 > uf+4 T!






#combos_ender
Type;Combo
carry;df+4,3
wall_break;2,1
floor_break;df+1,2
;2,1
;f+2,1
;db 4 dash df 43
;db4 ff1+2




#combos_wall
Type;Combo
normal;1,2,1,4
tornado;uf+4 T! > b+4,3,2
normal;3,1 > uf3 or b1
tornado;df+4,3 T! > 3,1,4


#combos_small
Starter;Combo
b+1;ff+1+2
WS 2,4;ff+1+2
CH FC df+2 ;ff+1+2








#stances
Type;Command / Name;Description
stance;Rama (RAM);"Garuda Force (усиление) позволяет перейти в стойку для миксапов под названием Rama. Для этого нужно попасть ""GRF df+3+4,3"", успешно провести парирование ""GRF 1+2"" или заставить соперника заблокировать один из заряженных ударов ногой, например ""GRF 3,4~3*"" и ""GRF 4,3~4*"""
command;RAM 1;Вариант против соперников, которые жмут паверкраш или рейдж арт. Мид, +1 на блоке. Нельзя парировать, вызывает уолл сплэт. Большинство персонажей могут его только заблокировать
command;RAM 2;Анблокбл. Его можно перебить или уйти от него сайдстепом/сайдволком 
command;RAM 3,4;Мид-хай (джейлит). Вызывает уолл сплэт и бьёт очень больно. Паверкраш и парирование побеждают этот вариант
command;RAM 4;Лоу, -13 на блоке. Сделайте лоу пэрри или заблокируйте
command;RAM 1+3;Анблокбл-бросок (даёт усиление). Присядьте и накажите


#frame_traps
Starter;Trap
1;1,1
f,f,f+3;3
f,f+3;df+3+4
3,4~4;d+2


#knowledge_checks
Command;Description
GRF f+2,1,2;Последний удар +2 на блоке. Если соперник не уходит от него сайдстепом, приём очень силён
GRF d+3,4, 3~4*;Хороший стринг для проверки знаний соперника, ведущий в миксап Rama





#defense_tips
Title;Description
Передвижение вбок;Фахкумрам может делать сайдстеп, но плохо ходит сайдволком
-13 + лоу;Все лоу Фахкумрама минимум -13 на блоке



#defense_moves
Command;Description
3,1;Присядьте под второй удар и накажите
df+1,4;Присядьте под второй удар и накажите
3+4 ;Сайдстеп влево
b,f+4;Сайдстеп вправо






#resources_external
Url;Name
https://www.youtube.com/watch?v=X01lEkAOYzI;Гайд для начинающих от TheMainMain (15 мин)
https://www.youtube.com/watch?v=6JFW_VCb3WA;Гайд «всё в одном» от Mwkan (20 мин)
https://youtu.be/-wtFfYWzY9k?si=j0wC8HBQ-LjJeucQ&t=2524;Как победить Фахкумрама, от TheMainMan (3 мин)
https://www.youtube.com/live/UvjYlqml5Z0?si=b0i2QV6ErXJfroUD&t=13012;Турнирный матч Leemishima


#credits
name;url;role
Leemishima;https://x.com/leemishimaTKN;author





#about
Property;Value
GameVersion;3.00.02
LastUpdated;2026-04-24




#about_author
Section
