;ファーカムラム


#introduction
Section
ファーカムラムは長所と短所がはっきりしたキャラクターです。独特なキャラクター設計のため、移動と二択について独自の考え方が求められます。このキャラクターでは、横歩きではなく横移動（ステップ）を使いこなす必要があります。
主に圧倒的なリーチと、読まれにくい50/50の二択を武器に戦います


#strengths
Strength
ゲーム内最高のリーチ
高いダメージ
追尾性能が高く、相手の横歩きや横移動を止められる



#weaknesses
Weakness
横歩きが弱い
下段のフレームが悪い 
二択のリスクが高い


#heat_system
Mechanic
"強化状態のガルーダフォースが使えるようになり、""GRF df+3+4,3""や""GRF f+2,1,2""などの技が出せます "
"""3,4~3*""（ホールド）と""4,3~4*""（ホールド）でガードブレイクを起こし、ラーマスタンスに移行します"


#installments
Name;Description
Garuda Force (GRF);"ヒート中は常に使用可能です。""f+3+4""、""b+4,3,2""、""df+1,2""などをヒットさせても得られます。新しい派生技と、ヒートの項目で説明したラーマスタンスへのガードブレイクが使えるようになります"


#key_moves
Command;Description
3;"リーチが長く派生も豊富な13フレームの中段牽制技です。""3, 1""は連続ヒットする中段・上段の連携で、ヒット時+7です。相手がしゃがまないなら最適な派生です。""3, 4~3""はカウンターで連続ヒットする中段・中段の連携で、ダメージも優秀です。""3,4~4""もカウンターで連続ヒットし、+3で壁強を誘発します。1発目の後に相手がしゃがむなら""3,4""を使いましょう。"
3+4;18フレームの中段で、左への追尾性能が高いです。カウンターで浮き、壁強を誘発します
df+1;"15フレームの中段で、左への追尾があり、""df+1,4""、""df+1,4~3""、""df+1,4~4""などの派生があります"
df+4;"16フレームの中段で、リーチが長く右への追尾があります。派生は""df+4,1""（確定反撃のない上段）と""df+4,3""（-12の中段）です"
b,f+4 ;リーチが長く、右への追尾性能も高い通常の浮かせ技
d+4;発生の速い下段で、ガード時-15、ヒット時-4。リーチが長く追尾性能も高いです。ダウン中の相手にもヒットし、カウンターヒット時は投げに移行します 
f,f+3;リーチの長い下段。ガード時-14、ヒット時+4。左への追尾があり、ダウン中の相手にもヒットします
b+3;発生の速い上段ホーミング技で、ヒート発動技。壁強を誘発します
d+1;"中段。カウンターヒット時は""ws 1,2""でコンボになります。捌かれず、ダウン中の相手にもヒットします"
f,f,f+3;中段で+6。リーチが長く、壁強を誘発し、捌かれません
b+3+4;"驚異的なリーチの中段で、ガード時-13。カウンターヒット時は""ff+1+2""か""f+2,1""でコンボになります（ガルーダフォース中は""GRF f+2,1,2""）"
GRF df+3+4, 3;左への追尾性能が高いです。3発目はヒット確認できます。2発目は-10、3発目は確定反撃を受けません。ヒット時はラーマスタンスの二択に移行します
uf3 (heat dash);発生14フレームでリーチが長い





















#panic_moves
Command;Description
1,1;上段・中段、カウンターでコンボ
d+2;ジャブ代わりになる12フレームの中段エルボー
f+3+4;中段のパワークラッシュ。ヒットでガルーダフォースを得られます



#punishers_standing
Startup;Command;Description
10;1,4;22ダメージ、+8
12;2,1;33ダメージ、壁強、ダウン
13;3,1;中段、23ダメージ、+7、リーチが長い
14;b+1;リーチが長い、ff1+2でコンボ 
15;df+2,3;中段・上段、ヒットで浮く 




#punishers_crouching
Startup;Command;Description
11;WS 4;汎用的なws4
13;WS 1,2;ヒート発動技、壁強
14;WS 2,4;ff 1+2でコンボ、壁強
15;WS 3;立ち途中の浮かせ技




#punishers_whiff
Command;Description
df+4,3;16フレーム、驚異的なリーチ、d4でコンボ 
3,1;13フレーム、手軽なスカ確
b+1;14フレーム、リーチが長い、ff1+2でコンボ
f+2,1;15フレーム、中段・中段、リーチが長い、壁強

#combos_normal
Starter;Combo
df+2,3; df+3~4 > b+1 > d+3,4,3~4 >  uf4 T! 
WS 3;df+3~4 > 3,4~4 > dash > 3,4~4 > uf+4 T!
b,f+4;df+3~4 > 3,4~4 > dash > 3,4~4 > dash > 3,4~3
CH 3+4;df+3~4 > 3,4~4 > dash > b4 f3,2,4~3 







#combos_beginner
Starter;Combo
df+2,3;b1 > d3,4,3~4 > uf+4 T!
df+2,3;3,4~4 > 3,4~4 > uf+4 T!






#combos_ender
Type;Combo
carry;df+4,3
wall_break;2,1
floor_break;df+1,2
;2,1
;f+2,1
;db 4 dash df 43
;db4 ff1+2




#combos_wall
Type;Combo
normal;1,2,1,4
tornado;uf+4 T! > b+4,3,2
normal;3,1 > uf3 or b1
tornado;df+4,3 T! > 3,1,4


#combos_small
Starter;Combo
b+1;ff+1+2
WS 2,4;ff+1+2
CH FC df+2 ;ff+1+2








#stances
Type;Command / Name;Description
stance;Rama (RAM);"ガルーダフォース（強化状態）中は、二択を仕掛けるラーマという構えに移行できます。""GRF df+3+4,3""をヒットさせる、""GRF 1+2""の捌きを成功させる、または""GRF 3,4~3*""や""GRF 4,3~4*""のような溜め蹴りを相手にガードさせると移行します"
command;RAM 1;パワークラッシュやレイジアーツを出す相手に勝てる選択肢。中段でガード時+1。捌かれず、壁強を誘発します。ほとんどのキャラクターはガードするしかありません
command;RAM 2;ガード不能技。割り込むか、横移動・横歩きで避けられます 
command;RAM 3,4;中段・上段（しゃがめない連携）。壁強を誘発し、ダメージが大きいです。パワークラッシュと捌きで勝てます
command;RAM 4;下段で、ガード時-13。下段捌きするかガードしましょう
command;RAM 1+3;ガード不能の投げ（ガルーダフォースを得られます）。しゃがんで確定反撃しましょう


#frame_traps
Starter;Trap
1;1,1
f,f,f+3;3
f,f+3;df+3+4
3,4~4;d+2


#knowledge_checks
Command;Description
GRF f+2,1,2;最後の一発はガード時+2です。相手が横移動しなければ非常に強力です
GRF d+3,4, 3~4*;ラーマスタンスの二択につながる、初見殺しとして優秀な連携です





#defense_tips
Title;Description
横の動き;ファーカムラムは横移動はできますが、横歩きは苦手です
-13 + 下段;ファーカムラムの下段は、すべてガード時に-13以上の不利です



#defense_moves
Command;Description
3,1;2発目をしゃがんで確定反撃
df+1,4;2発目をしゃがんで確定反撃
3+4 ;左横移動
b,f+4;右横移動






#resources_external
Url;Name
https://www.youtube.com/watch?v=X01lEkAOYzI;TheMainMainによる入門ガイド（15分）
https://www.youtube.com/watch?v=6JFW_VCb3WA;Mwkanによるオールインワンガイド（20分）
https://youtu.be/-wtFfYWzY9k?si=j0wC8HBQ-LjJeucQ&t=2524;TheMainManによるファーカムラム対策（3分）
https://www.youtube.com/live/UvjYlqml5Z0?si=b0i2QV6ErXJfroUD&t=13012;Leemishimaの大会試合


#credits
name;url;role
Leemishima;https://x.com/leemishimaTKN;author





#about
Property;Value
GameVersion;3.00.02
LastUpdated;2026-04-24




#about_author
Section
