;فاکمرام


#introduction
Section
فاکمرام ایک ایسا کریکٹر ہے جس کی خوبیاں اور خامیاں واضح ہیں۔ اس کا منفرد ڈیزائن موومنٹ اور مکس اپس کے معاملے میں ایک الگ سوچ کا تقاضا کرتا ہے۔ اس کریکٹر کے ساتھ آپ کو سائیڈ اسٹیپ کرنا سیکھنا ہوگا (سائیڈ واک نہیں)۔
یہ بنیادی طور پر اپنی بہت لمبی رینج سے اور اپنے 50/50 مکس اپس میں غیر متوقع رہ کر فائدہ اٹھاتا ہے


#strengths
Strength
گیم کی سب سے بہترین رینج
زیادہ ڈیمج
اچھی ٹریکنگ جو حریف کو سائیڈ واک اور سائیڈ اسٹیپ کرنے سے روکتی ہے



#weaknesses
Weakness
کمزور سائیڈ واک
لوز پر خراب فریمز 
خطرناک مکس اپس


#heat_system
Mechanic
"اسے گروڈا انسٹال تک رسائی ملتی ہے، جس میں ""GRF df+3+4,3"" اور ""GRF f+2,1,2"" جیسے موووز شامل ہیں "
"گارڈ بریک: ""3,4~3*"" (ہولڈ) اور ""4,3~4*"" (ہولڈ) پر، جو راما اسٹانس میں لے جاتے ہیں"


#installments
Name;Description
Garuda Force (GRF);"ہیٹ میں ہمیشہ دستیاب۔ ""f+3+4""، ""b+4,3,2"" اور ""df+1,2"" جیسے موووز لگانے سے بھی ملتا ہے۔ نئی ایکسٹینشنز اور راما میں لے جانے والے گارڈ بریکس تک رسائی دیتا ہے، جیسا کہ ہیٹ والے حصے میں بیان کیا گیا ہے"


#key_moves
Command;Description
3;"مڈ پوک، 13 فریمز، بہترین رینج اور فالو اپس کے ساتھ۔ ""3, 1"" مڈ ہائی کومبو ہے اور ہٹ ہونے پر پلس 7 ہے۔ اگر حریف نہ جھکے تو یہ بہترین فالو اپ ہے۔ ""3, 4~3"" مڈ مڈ کاؤنٹر ہٹ کومبو ہے جس کا ڈیمج اچھا ہے۔ ""3,4~4"" بھی کاؤنٹر ہٹ کومبو ہے، پلس 3 ہے اور وال اسپلیٹ کرتا ہے۔ اگر حریف پہلی ہٹ کے بعد جھک رہا ہو تو آپ ""3,4"" استعمال کر سکتے ہیں۔"
3+4;مڈ، 18 فریمز، بائیں جانب بہترین ٹریکنگ۔ کاؤنٹر ہٹ پر لانچر اور وال اسپلیٹ
df+1;"مڈ، 15 فریمز، بائیں جانب ٹریکنگ، اور ""df+1,4""، ""df+1,4~3"" اور ""df+1,4~4"" جیسے فالو اپس"
df+4;"مڈ، 16 فریمز، بہترین رینج، دائیں جانب ٹریکنگ، اور فالو اپس ""df+4,1"" (محفوظ ہائی) اور ""df+4,3"" (مائنس 12 مڈ)"
b,f+4 ;عام لانچر، بہترین رینج اور دائیں جانب بہترین ٹریکنگ کے ساتھ
d+4;تیز لو، بلاک ہونے پر مائنس 15 اور ہٹ ہونے پر مائنس 4، بہترین رینج اور بہترین ٹریکنگ کے ساتھ۔ زمین پر گرے حریف کو بھی لگتا ہے، اور کاؤنٹر ہٹ پر تھرو میں بدل جاتا ہے 
f,f+3;لمبی رینج والا لو۔ بلاک ہونے پر مائنس 14 اور ہٹ ہونے پر پلس 4۔ بائیں جانب ٹریک کرتا ہے اور زمین پر گرے حریف کو بھی لگتا ہے
b+3;تیز ہومنگ ہائی، ہیٹ انگیجر، اور وال اسپلیٹ کرتا ہے
d+1;"مڈ۔ کاؤنٹر ہٹ پر ""ws 1,2"" کے ساتھ کومبو۔ اسے پیری نہیں کیا جا سکتا اور یہ زمین پر گرے حریف کو بھی لگتا ہے"
f,f,f+3;مڈ، پلس 6۔ بہترین رینج، وال اسپلیٹ کرتا ہے اور اسے پیری نہیں کیا جا سکتا
b+3+4;"زبردست رینج والا مڈ، بلاک ہونے پر مائنس 13۔ کاؤنٹر ہٹ پر ""ff+1+2"" یا ""f+2,1"" کے ساتھ کومبو (انسٹال میں ""GRF f+2,1,2"")"
GRF df+3+4, 3;بائیں جانب بہترین ٹریکنگ۔ تیسری ہٹ کو ہٹ کنفرم کیا جا سکتا ہے۔ دوسری ہٹ مائنس 10 ہے اور تیسری ہٹ محفوظ ہے۔ ہٹ ہونے پر راما اسٹانس کا مکس اپ ملتا ہے
uf3 (heat dash);اسٹارٹ اپ 14 فریمز اور بہترین رینج





















#panic_moves
Command;Description
1,1;ہائی مڈ، کاؤنٹر ہٹ پر کومبو
d+2;کہنی والا مڈ جیب، 12 فریمز
f+3+4;مڈ پاور کرش۔ ہٹ ہونے پر گروڈا فورس انسٹال دیتا ہے



#punishers_standing
Startup;Command;Description
10;1,4;ڈیمج 22، پلس 8
12;2,1;ڈیمج 33، وال اسپلیٹ، گراتا ہے (KND)
13;3,1;مڈ، ڈیمج 23، پلس 7، بہترین رینج
14;b+1;بہترین رینج، ff1+2 کے ساتھ کومبو 
15;df+2,3;مڈ ہائی، ہٹ ہونے پر لانچر 




#punishers_crouching
Startup;Command;Description
11;WS 4;عام ws4
13;WS 1,2;ہیٹ انگیجر، وال اسپلیٹ
14;WS 2,4;کومبو ff 1+2 کے ساتھ، اور وال اسپلیٹ
15;WS 3;وائل اسٹینڈنگ لانچر




#punishers_whiff
Command;Description
df+4,3;زبردست رینج، 16 فریمز، d4 کے ساتھ کومبو 
3,1;آسان وِف پنش، 13 فریمز
b+1;اچھی رینج، 14 فریمز، ff1+2 کے ساتھ کومبو
f+2,1;مڈ مڈ، 15 فریمز، لمبی رینج، وال اسپلیٹ

#combos_normal
Starter;Combo
df+2,3; df+3~4 > b+1 > d+3,4,3~4 >  uf4 T! 
WS 3;df+3~4 > 3,4~4 > dash > 3,4~4 > uf+4 T!
b,f+4;df+3~4 > 3,4~4 > dash > 3,4~4 > dash > 3,4~3
CH 3+4;df+3~4 > 3,4~4 > dash > b4 f3,2,4~3 







#combos_beginner
Starter;Combo
df+2,3;b1 > d3,4,3~4 > uf+4 T!
df+2,3;3,4~4 > 3,4~4 > uf+4 T!






#combos_ender
Type;Combo
carry;df+4,3
wall_break;2,1
floor_break;df+1,2
;2,1
;f+2,1
;db 4 dash df 43
;db4 ff1+2




#combos_wall
Type;Combo
normal;1,2,1,4
tornado;uf+4 T! > b+4,3,2
normal;3,1 > uf3 or b1
tornado;df+4,3 T! > 3,1,4


#combos_small
Starter;Combo
b+1;ff+1+2
WS 2,4;ff+1+2
CH FC df+2 ;ff+1+2








#stances
Type;Command / Name;Description
stance;Rama (RAM);"گروڈا فورس (انسٹال) آپ کو راما نامی مکس اپ اسٹانس میں جانے دیتا ہے۔ یہ ""GRF df+3+4,3"" لگا کر، ""GRF 1+2"" پیری کامیاب کر کے، یا حریف سے اس کی کوئی چارج کِک بلاک کروا کر کیا جا سکتا ہے، جیسے ""GRF 3,4~3*"" اور ""GRF 4,3~4*"""
command;RAM 1;پاور کرش اور ریج آرٹ کرنے والے حریف کو ہرانے کا آپشن۔ مڈ، بلاک ہونے پر پلس 1۔ اسے پیری نہیں کیا جا سکتا اور یہ وال اسپلیٹ کرتا ہے۔ زیادہ تر کریکٹرز اسے صرف بلاک ہی کر سکتے ہیں
command;RAM 2;ان بلاک ایبل۔ اسے انٹرپٹ کیا جا سکتا ہے یا سائیڈ اسٹیپ/سائیڈ واک سے بچا جا سکتا ہے 
command;RAM 3,4;مڈ ہائی (جیل کرتا ہے، یعنی بیچ میں جھکا نہیں جا سکتا)۔ وال اسپلیٹ کرتا ہے اور ڈیمج زیادہ ہے۔ پاور کرش اور پیری اس آپشن کو ہرا سکتے ہیں
command;RAM 4;لو، بلاک ہونے پر مائنس 13۔ اس موو کو لو پیری یا بلاک کریں
command;RAM 1+3;ان بلاک ایبل تھرو (انسٹال دیتا ہے)۔ جھک کر پنش کریں


#frame_traps
Starter;Trap
1;1,1
f,f,f+3;3
f,f+3;df+3+4
3,4~4;d+2


#knowledge_checks
Command;Description
GRF f+2,1,2;آخری ہٹ بلاک ہونے پر پلس 2 ہے۔ اگر حریف اس موو سے سائیڈ اسٹیپ نہ کرے تو یہ بہت زبردست ہے
GRF d+3,4, 3~4*;اچھا اسٹرنگ جو حریف کی معلومات کا امتحان لیتا ہے (نالج چیک) اور راما مکس اپ میں لے جاتا ہے





#defense_tips
Title;Description
سائیڈ موومنٹ;فاکمرام سائیڈ اسٹیپ کر سکتا ہے، لیکن اچھی طرح سائیڈ واک نہیں کر سکتا
لوز: مائنس 13 یا اس سے زیادہ;فاکمرام کے تمام لوز بلاک ہونے پر کم از کم مائنس 13 ہیں



#defense_moves
Command;Description
3,1;دوسری ہٹ سے جھک کر بچیں اور پنش کریں
df+1,4;دوسری ہٹ سے جھک کر بچیں اور پنش کریں
3+4 ;بائیں سائیڈ اسٹیپ
b,f+4;دائیں سائیڈ اسٹیپ






#resources_external
Url;Name
https://www.youtube.com/watch?v=X01lEkAOYzI;ابتدائی گائیڈ، از TheMainMain (15 منٹ)
https://www.youtube.com/watch?v=6JFW_VCb3WA;آل اِن ون گائیڈ، از Mwkan (20 منٹ)
https://youtu.be/-wtFfYWzY9k?si=j0wC8HBQ-LjJeucQ&t=2524;فاکمرام کو کیسے ہرائیں، از TheMainMan (3 منٹ)
https://www.youtube.com/live/UvjYlqml5Z0?si=b0i2QV6ErXJfroUD&t=13012;ٹورنامنٹ میچ، از Leemishima


#credits
name;url;role
Leemishima;https://x.com/leemishimaTKN;author





#about
Property;Value
GameVersion;3.00.02
LastUpdated;2026-04-24




#about_author
Section
