;쿠니미츠 가이드


#introduction
Section
"쿠니미츠는 시즌 3의 첫 신규 캐릭터로, 어머니의 뒤를 이어 새로운 시대의 쿠노이치를 이어 갑니다. 어떤 거리에서든 어디서든 공격할 수 있는 빠른 견제기 중심의 캐릭터입니다. ""[Setsunagake (SET/f+3)](f+3)""로 상대에게 돌진해 근거리 공격을 시작할 수 있습니다. 반격하고 싶어 하는 상대에게는 ""1,1""이나 ""2,2"" 같은 핵심 견제기 뒤에 이지선다가 강한 자세 ""[Katon (KAT/1+2)](1+2)""를 사용해 날아오는 공격을 피해 공중으로 이동하고, ""[Veil of Night (KAT.2)](KAT.2)""나 ""[Leaping Moon Blade (KAT.3,2)](KAT.3,2)"" 같은 기술로 상대의 허를 찌를 수 있습니다. 믿음직한 쿠나이로 ""[Savage Kunai Throw (qcf+1)](qcf+1)""를 던져 화면 반대편의 상대를 저격하거나, ""[Cloud Scorching Blossoms (u+1/uf+1)](uf+1)""로 공중의 상대를 노릴 수 있습니다. 쿠니미츠의 임무는 빠른 움직임과 강력한 이지선다, 까다로운 50/50을 구사하며 상대가 다음 행동을 계속 추측하게 만들어 항상 우위를 점하는 것입니다."
초보자에게 쿠니미츠는 게임을 배우기에 좋은 입문 캐릭터로, 철권 8이 제공하는 모든 것을 고루 느끼게 해 주면서도 실력이 늘수록 진가를 알게 되는 기술 구성을 갖추고 있습니다. 숙련자에게 쿠니미츠는 기술적인 표현의 여지가 많습니다. 거리나 서 있는지 앉아 있는지와 상관없이 상대의 작은 실수도 강하게 딜캐할 수 있고, 상대의 머릿속을 어지럽히는 극단적인 이지선다와 셋업을 펼칠 수 있습니다.
기술 구성에 큰 약점이 없고 전반적으로 균형 잡힌 캐릭터입니다. 다만 쿠니미츠는 많은 심리전을 치러야 하기 때문에 고전할 수 있고, 리스크가 따르는 만큼 어려운 딜캐를 성공하지 못하면 대가를 치를 수 있습니다. 하지만 꾸준히 연습할 자신이 있고 빠른 템포의 트릭스터 스타일 철권에 관심이 있다면 쿠니미츠가 바로 당신을 위한 캐릭터입니다.

#strengths
Strength
"""Polarising Full Crouch and Backturn Mix:"" (극단적인 앉은 상태·뒤돌기 이지선다) 쿠니미츠의 핵심 운영은 상대를 이지선다로 흔드는 것입니다. ""d+1""과 ""hFC.1+2"" 같은 기술은 상대가 쿠니미츠의 게임을 하도록 강요하는 상황을 만들어 줍니다."
"""Strong Movement:"" (강력한 움직임) 강한 백대시와 상대에게 빠르게 거리를 좁히는 ""[SET](f+3)"" 같은 기술을 갖춘 쿠니미츠는 스테이지를 자유자재로 누비며 경기에서 많은 기회를 만들어 냅니다."
"""Gifted Punishment:"" (뛰어난 딜캐) 쿠니미츠는 서 있든 앉아 있든 실수를 강하게 딜캐할 수 있습니다. 입력은 어렵지만 상대를 벽꽝시키는 10프레임 딜캐 ""f,f+4,2""부터, 선입력으로 14프레임 시동기가 되는 ""f,d,df+2""까지 갖추고 있습니다."



#weaknesses
Weakness
"""Struggles to prevent movement:"" (움직임을 막기 어려움) 쿠니미츠의 근거리 기술은 오른쪽을, 원거리 기술은 왼쪽을 잡기 때문에 적극적으로 움직이는 상대에게 대처할 수단이 한정되어 있습니다. 이를 막기 위한 기술은 약하거나(""df+4""), 리스크가 있거나(""3,4""), 느립니다(""qcf+1+2"")."
"""Compulsive Gambler:"" (도박꾼 기질) 쿠니미츠는 뉴트럴에서 여러 번의 심리전을 꾸준히 이겨야 하므로, 상대가 카운터를 노리거나 자신의 공격을 펼칠 기회를 줄 수 있습니다."



#heat_system
Mechanic
"히트 상태에서 쿠니미츠는 ""H.u+1+2""로 뒤돌기 이지선다를 더 잘 강요할 수 있습니다. 또한 KAT 자세에서 ""H.KAT.d+1+2""라는 회피 성능이 매우 뛰어난 하단을 얻습니다. 새로운 노딜 시동기 ""H.db+1+2""도 사용할 수 있게 됩니다."
"쿠니미츠는 히트 스매시 ""[Flame Riot: Lunar Mirror](H.2+3)""도 사용할 수 있습니다. 14프레임의 매우 강력한 히트 스매시로, 벽꽝을 일으키고 파괴 가능한 벽을 즉시 부숩니다."


#key_moves
Command;Description
1 (Jab with extensions);"쿠니미츠의 잽은 다양한 파생 덕분에 매우 강력하며 운영의 출발점으로 쓸 수 있습니다. 상대를 흔들거나 압박하는 것이 목표라면 ""1,1""이 딱 맞습니다. 노딜인 상단·중단 연속기로 히트 시 이득이고, 카톤 자세로 이행할 수 있으며 뉴트럴 견제에도 쓸 수 있습니다. 상대의 반격 시도는 노딜 파생 ""1,1,2""로 잠재울 수 있으며, 카운터 시 작은 콤보가 들어갑니다. 프레임 트랩을 걸거나 상대를 무시하고 밀어붙이고 싶다면 ""1,2,4""가 카운터 시 확정되는 G-clef 스타일 연속기로, 상대를 멀리 날려 보내거나 벽 근처라면 벽꽝시킵니다. 초기 운영으로서, 특히 초보자라면 이 목표들을 섞어 쓰는 것이 경기에서 주도권을 잡는 데 도움이 됩니다. 쿠니미츠의 잽을 마스터하면 상대의 공격 시도를 무너뜨리면서 경기의 템포를 효과적으로 조절할 수 있습니다."
df+1;"쿠니미츠의 악명 높은 중단 견제기에는 ""df+1,2,2""라는 연속기 파생이 있습니다. 이 기술은 쓰임새가 다양합니다. 일반 견제기로, 카운터를 노리는 도구로, 또는 딜레이를 걸 수 있는 연속기 공격에 섣불리 반응하는 상대에게 프레임 트랩으로 쓸 수 있습니다. ""df+1,2""가 카운터로 맞으면 df+1,2,2를 끝까지 입력할 수 있고, 벽꽝을 일으킬 수 있습니다. 벽꽝이 나지 않았지만 상대가 벽 가까이 있다면 3타 이후 ""qcf+2""가 확정입니다. 철권 7에서는 df+1 연속기의 딜레이 폭이 매우 커서 악명이 높았습니다. 철권 8에서는 2타의 딜레이 성능이 사라졌지만, 충분히 연습하면 첫 타 히트를 보고 df+1의 파생을 확인하는 것은 여전히 가능합니다."
hFC.1+2;"쿠니미츠의 핵심 운영을 충족하는 핵심 하단이자, 게임 내 최고의 하단 중 하나라고 할 만한 기술입니다. 히트 시 쿠니미츠는 +5로 뒤돌기(BT) 상태가 되어 상대를 추측해야 하는 상황에 몰아넣습니다. hFC+1+2를 맞힌 뒤에는 ""BT.1+2""가 좋은 첫 선택지이며, 상대가 방심하면 ""BT.d+2""로 체력을 깎아 나갈 수 있습니다. 파워 크러시와 레이지 아츠가 BT.1+2에 효과적일 수 있지만, 쿠니미츠에게는 이런 상황에서 그 핵심 선택지들을 이기는 ""BT.1,4""가 있습니다. 가드 시 hFC.1+2는 -12에 불과해, 강한 10~11프레임 딜캐나 확실한 12프레임 딜캐가 없는 상대에게는 대처하기 더욱 부담스러운 기술입니다."
d+1+2;"상단 공격 아래로 파고드는 회전 하단 공격으로, 견제 운영에 잘 맞습니다. 칼로 상대의 발을 베는 공격이라 이 강력한 견제기는 하단 패링이 불가능합니다. 히트 시 쿠니미츠는 앉은 상태로 0프레임 이득을 얻는데, 상대가 ""ws4""나 ""ws1"" 같은 빠른 후속기에 대해 움직임으로 대응할 수 있는 애매한 상황입니다. 카운터 시에는 무려 15프레임 이득을 얻어, ""hFC.1+2"" 같은 선택지로 이지선다를 걸어 공격을 이어 가거나, 판단에 따라 ""ws2""나 ""ws3"" 같은 중단으로 견제할 수 있습니다. 이 하단은 쿠니미츠 운영의 핵심입니다. 다만 앉은 상태에서 14프레임 시동기를 가진 캐릭터를 상대로는 조심해서 사용하십시오."
SET.1+2;두 번 회전하며 베는 연속 공격으로, 히트 발동기이며 뉴트럴에서 횡이동으로 피하기 매우 어렵습니다. SET.1+2는 히트 상태에서 맞히면 히트 대시 시동기도 됩니다. 가드 시 SET.1+2는 노딜일 뿐 아니라 밀어내기도 적당해, 백대시 한 번으로 일부 선택지에 대해 거리를 벌릴 수 있습니다.
SET.2;"가슴을 빠르게 베는 노딜 공격으로, 카운터 시 띄웁니다. SET을 잽으로 견제하려는 상대에게 기본 프레임 트랩으로 ""f+4""나 ""BT.4""와 조합하는 것이 가장 좋습니다. 일반 히트 시 SET.2는 쿠니미츠에게 8프레임 이득을 주므로, ""df+1""이나 ""d+1"" 같은 선택지가 매우 강력한 프레임 트랩이 됩니다. SET.2의 리치는 SET 상태에 머무는 시간에 따라 늘어납니다."
d+1;"쿠니미츠의 또 다른 핵심 기술입니다. 쿠니미츠가 상대를 내리치며, 가드 여부와 관계없이 자신과 상대 모두를 앉은 상태로 만듭니다. 히트 시 이득이 커서(+6) 상대는 ""hFC.1+2""나 ""ws2,1"" 같은 선택지에 대응해야 합니다. 가드 시에도 쿠니미츠가 이득(+3)이라 공격적인 운영을 강요하는 핵심 기술입니다. 또한 카운터 시 ""ws+2,1""이 확정입니다. 몇 가지 고급 팁: 어떤 상황에서든 쿠니미츠가 8프레임 이득일 때 즉시 d+1을 내면 d+1은 횡이동으로 피할 수 없게 됩니다. 또한 d+1이 쿠니미츠의 경직이 최소인 기술과 상쇄되면 ""df+2""로 상대를 띄울 수 있습니다."
BT.1+2;"뒤돌기 상태에서 회전하며 칼로 베는 공격으로, 가드 시 노딜입니다. 안전한 운영을 중시한다면 이 기술을 첫 번째 선택지로 삼아야 합니다. 가드 시 쿠니미츠는 약간 손해(-2)지만 상대와 거리가 꽤 벌어져, 백대시 후 헛손질 딜캐를 노릴 수 있습니다. 히트 시 SET.1+2는 +7이므로 이후 ""df+1""을 습관처럼 쓰면 상대의 반격 시도를 잡아내며 레이지 아츠와 파워 크러시도 이깁니다."
f+4;"앞을 유지하면 SET으로 이행할 수 있는 안정적이고 노딜인 무릎 공격입니다. SET을 중심으로 한 공격적인 운영을 노린다면 f+4는 핵심 선택지입니다. f+4에서 잽 시도를 잡는 ""SET.2""나 움직임을 막는 ""SET.1+2"" 같은 선택지가 있기 때문입니다. 또한 f+4가 카운터로 맞으면 SET.1+2가 확정입니다. "
ws2;"쿠니미츠가 수평으로 베는 기술입니다. ws+2 단독으로도 노딜이며 횡이동으로 피하기 어려운 강력한 견제기입니다. 이 기술의 진가는 파생 ""ws+2,1""에 있는데, 딜레이를 걸 수 있는 히트 발동기 파생이며 충분히 연습하면 상황에 따라 카운터 확인이 가능합니다. 상대가 ws4 같은 11프레임 이상의 기술로 반격하길 좋아한다면 ws+2는 ""d+1"" 뒤에 특히 잘 통합니다. ws+2,1의 카운터 확인 상황 중에서는 d+1에서 ws+2로 이어지는 상황이 가장 중요하며, 가장 자주 쓰게 될 것이므로 반드시 익혀 두십시오. 히트 게이지가 있을 때 ws+2,1은 매우 공격적으로 쓸 수 있으며, 가드 시의 불리함을 히트 대시 후 압박을 이어 가는 상황으로 바꿔 리스크 대비 리턴을 크게 끌어올립니다. 히트를 이미 발동했거나 소모했다면 ws+2,1은 상대를 쿠니미츠의 왼쪽으로 날려 각도 있게 벽꽝을 낼 수 있습니다."
f,f+4,2;마음 약한 사람은 쓸 수 없는, 쿠니미츠 전문가용 10프레임 딜캐입니다! 가드 후 서 있든 앉아 있든 f,f+4,2로 작은 실수를 딜캐할 수 있습니다. 10프레임으로 완벽하게 딜캐하려면 4를 누르기 전에 f,f를 제대로 선입력해야 합니다. 완벽해야 하며, 그렇지 않으면 1프레임 늦을 수 있습니다. 연습만이 살길입니다!
SET.1 (with extensions);"쿠니미츠의 SET에서 나가는 가장 빠른 선택지입니다. SET.1이 +8 상황으로 히트하면 ""SET.1,2""를 히트 확인할 수 있습니다. SET.1,2의 2타가 맞으면 ""SET.1,2,2""가 확정입니다. 가드 시 SET.1은 -1에 불과해, 상대가 느린 기술을 쓰면 움직이거나 잽으로 끊을 기회가 생깁니다."
H.u+1+2;"쿠니미츠가 압박에 쓰기 가장 좋은 히트 기술입니다. 칼을 연달아 휘두르는 공격으로, 히트 시 벽꽝을 일으키고 가드 시에도 뒤돌기 이지선다를 강요해 쿠니미츠가 이득을 가집니다. 가드 시 상황은 히트한 ""1,1,2"",b나 +5인 ""hFC.1+2""와 프레임이 같지만, 가드 시 상대가 더 멀리 있어 상대에게 방어 선택지가 더 많아질 수 있다는 점을 알아 두십시오."
b+1+2;노딜이고 비교적 빠르며 큰 대미지를 주는 폭발적인 중단입니다. 히트 발동기를 맞힌 뒤 쓰기에 매우 유용하며, 히트 발동기에서 제대로 선입력한 b+1+2는 상대의 횡이동, 레이지 아츠, 파워 크러시를 막습니다.
b+1;"요시미츠의 회전 공격처럼 쿠니미츠도 어지러워지기 전까지 총 다섯 번 회전할 수 있습니다. ""b+1,1"" 이상 회전하면 가드 시 쿠니미츠가 +5인 상황이 됩니다. 회전 후 경직이 거의 없어, 예를 들어 상단 파워 크러시를 즐겨 쓰는 상대에게 매우 효과적입니다."
db+4;쿠니미츠의 가장 리스크가 낮은 하단 견제기입니다. 상대의 체력을 깎거나 라운드 막판에 안정적으로 쓸 수 있습니다. -12에 불과해 카즈야 같은 캐릭터에게 뜰 걱정 없이 쓰기 좋은 견제기입니다. 히트 시 이득 프레임이 0이라 횡이동, 백대시, 다음 행동을 하기에 좋은 기회입니다.
WR.2;"쿠니미츠가 이득 프레임을 공격적으로 밀어붙일 때 쓰는 주력 선택지입니다. 공격적인 운영을 한다면 이것이 주력 기술이며, 상대를 프레임 트랩에 거는 ""df+1""이나 움직임을 막는 ""df+4""와 함께 쓸 때 특히 좋습니다."
KAT.2;"순간이동해 위에서 칼로 내리치는 기술로, 가드 시 이득입니다. 카운터 시 상대를 공중으로 뒤집어 큰 대미지를 줍니다. ""1,1""이나 ""2,2""에서 KAT로 이행한 뒤 쓰면 잽과 일부 중단 견제를 안정적으로 피하기 때문에 견제하기 어렵습니다."
KAT.3;"순간이동 후 내려찍는 다이브 킥으로, ""KAT.2""처럼 시동기 파생이 있습니다. ""1,1""이나 ""2,2"" 뒤에 써서 잽과 일부 중단을 피할 수 있습니다. ""KAT.3,2""는 상대의 헛손질을 눈으로 확인했을 때 쓰는 것이 이상적입니다. KAT.3은 화면 중앙의 최적 콤보 마무리로도 쓸 수 있습니다. 거리를 맞추기는 까다롭지만, KAT.3이 공중의 상대에게 +2 이상의 이득으로 맞도록 거리를 잡으면 ""qcf+2""로 추가 대미지를 줄 수 있습니다. 내려찍기의 거리 조절 방법은 이 ""[video example](https://youtu.be/sp6UOCVVrr4)""을 참고하십시오."
qcf+1+2;"상대의 횡이동을 막는 쿠니미츠의 핵심 호밍기 중 하나입니다. 가드 시 노딜이며, 평소라면 닿지 않는 특정 콤보 루트에서도 유용합니다. 상대가 견제 상황 후 무작정 걸어 다니는 것을 좋아한다면 qcf+1+2로 걷지 못하게 할 수 있습니다. 벽꽝이 나지 않으면 ""qcf+2""로 이어 갈 수 있습니다."
uf+3;"쿠니미츠가 공중으로 뛰어오르는 리치가 긴 점프 킥입니다. ""df+2""에 비해 상대가 가드 후 딜캐하기 쉽지만, uf+3은 하단을 뛰어넘을 수 있어 대체로 더 좋습니다. 원거리 헛손질 딜캐로 매우 강력하니 사용법을 꼭 익히십시오!"
b+2;철권 7의 파워 크러시를 재활용한 기술로, 지금은 왼쪽으로 걷는 상대를 잘 잡는 노딜 카운터 시동기입니다. b+2는 쿠니미츠의 기술 중 느린 편이라, 행동을 늦게 내는 상대에게 매우 좋습니다.
3;"비교적 빠른 상단 호밍기로 ""3,4"" 파생이 있습니다. 쿠니미츠를 상대로 왼쪽으로 걸으려는 상대에게 특히 좋습니다. 연습하면 걷는 상대에게 파생을 히트 확인하는 것도 가능합니다. 상대의 횡이동을 막는다는 목적은 ""qcf+1+2""와 비슷하지만, 해당 상황에서 더 빠른 선택지가 필요하고 파생의 히트 확인에 자신이 있다면 3을 쓰십시오. 고급 테크닉: 쿠니미츠의 왼쪽에 벽이 있고 벽과 평행하다면 3,4는 ""f,d,df+2""로 추가타가 가능해 시동기로 쓸 수 있습니다. 추가타 방법은 이 ""[video example](https://youtu.be/w0HAx0JY24M)""을 참고하십시오."
KAT.1,2;"노딜이고 빠르며, 딜레이와 히트 확인이 가능한 히트 발동기 연속기입니다. KAT.1,2는 ""2,2""나 ""1,1"" 뒤에, 특히 상대가 맞은 뒤에 버튼을 누르길 좋아한다면 고려할 만한 훌륭한 선택지입니다. 상대가 자신의 오른쪽으로 횡이동하면 1타를 피할 수 있고, 2타를 바로 내면 역시 헛치지만, 2타에 약간 딜레이를 걸면 방향을 다시 잡아 상대를 맞힙니다. 2타는 아래를 유지해 캔슬할 수도 있습니다."
H.KAT.d+1+2;회피 성능이 매우 뛰어난 히트 기술로, 특정 거리에서는 벽꽝을 일으킬 수 있습니다. 잽이나 중단으로 견제하기가 매우 어렵습니다.
f+1+2;칼을 교차해 베는 1타 히트 발동기로, 가드 시 노딜입니다. 오른쪽으로 횡이동하려는 상대를 완전히 잡아냅니다. 공중 히트 시 캐릭터를 미끄러뜨리는 유일한 선택지이므로, 히트 대시 콤보에서는 이 기술을 주력으로 써야 합니다.
db+2,4;"칼로 베는 공격으로 시작하는 노딜 견제 연속기입니다. 라운드 막판에 쓰기 좋은 중단 견제 연계입니다. ""db+2"" 단독으로도 쓸 만하며, 쿠니미츠를 앉은 상태로 만들어 ""ws2""나 ""hFC.1+2"" 같은 기술로 이지선다를 걸 수 있습니다."
SS.2;"횡이동에서 나가는 칼 중단 견제기로, 뒤돌기 상태가 됩니다. 뒤돌기 이지선다로 이행하는 쿠니미츠의 다른 기술과 달리 실제로는 쿠니미츠가 손해입니다. 쿠니미츠를 조금 더 신중하게 운영하는 플레이어라면 SS.2를 카운터로 맞히는 것이 목표이며, 그러면 ""BT.1,4""가 확정입니다."
f,d,df+2;"쿠니미츠의 두 번째 전문가용 딜캐로, 이번에는 가드 시 -14인 기술용입니다. ""qcf+2""나 ""f,f+4""처럼 f,d,df+2도 선입력해 두면 상대의 기술을 더 쉽게 딜캐할 수 있습니다. "
2,2;"대부분의 캐릭터가 패링할 수 없는 칼 2연속 베기입니다. 2,2는 히트나 가드 시 ""2,2,1+2""로 카톤 자세로 이행할 수 있습니다. 히트 시에는 ""KAT.1,2"" 같은 선택지로 압박을 이어 가는 것이 좋고, 가드 시 상대가 반격하려 한다면 ""KAT.2""나 ""KAT.3"" 같은 선택지가 더 좋습니다. 상대가 ""2,2""를 가드한 뒤 자기 턴을 되찾으려 한다면 ""2,2,2,2""로 이를 막을 수 있습니다. 이 파생의 3타와 4타는 상단이므로, 아껴서 상대를 길들이는 용도로만 쓰십시오. 상대의 등을 딜캐할 수 있다면 ""2,2,2,2,2""를 끝까지 넣을 수 있습니다."
SS.4;"횡이동에서 나가는 스네이크 엣지 스타일의 기술입니다. 가드당하면 크게 딜캐당하므로 매우 위험한 기술입니다. 또한 클린 히트 판정이 있어, 이 기술의 이점을 최대한 얻으려면 항상 클린 히트를 노려야 합니다. 매우 가까이서 써야 하므로 상대가 벽을 등지고 있을 때 쓰는 것이 가장 좋습니다. 클린 히트가 나면 상대가 다운되고 ""qcf+2""가 확정입니다."
3+4;"Strong Aerial Tailspin(SAT) 속성을 가진 1타 점프 기술입니다. 쿠니미츠에게는 더 좋은 도구가 있으므로 뉴트럴에서 써서는 안 되지만, 기상하는 상대에게 이지선다를 걸 수 있다는 점은 특별히 언급할 만합니다. 쿠니미츠가 공중의 상대에게 3+4를 맞히고 대시해 들어간 뒤 낙법을 치는 상대에게 f+3을 쓰면, 카메라는 그대로인 채 상대를 지나쳐 즉시 ""BT.f+1+2""를 쓸 수 있고, 방심한 상대에게 시동기를 맞힐 수 있습니다."
f+2,3;"13프레임 딜캐 이외의 용도로는 저평가된 연속기입니다. ""f+2"" 단독으로도 리치가 긴 견제기로, 다가오는 상대에게 제동을 거는 ""df+1""이나 ""df+4""의 대안으로 쓸 수 있습니다. f+2,3은 벽 근처에서 벽꽝을 노릴 때 카운터 확인 도구로도 쓸 수 있습니다. 또한 상대를 다운시킨 뒤 상대가 자신의 오른쪽으로 구르면, 대시해 들어가 ""f+3""을 써서 ""3+4"" 이후와 비슷한 이지선다 상황을 만들 수 있습니다. 다만 입력은 더 어렵습니다."
ub+3;쿠니미츠를 왼쪽으로 날려 보내는 탈출 기술입니다. 특정 매치업, 특히 상대가 즉시 타이밍으로 쓰는 자세 선택지에 매우 유용합니다. 탈출 시도가 너무 뻔하면 뜰 수 있으니 주의하십시오.

#panic_moves
Command;Description
KAT.2 | KAT.3,2 | h.KAT.d+1+2;카톤 자세에서 나가는 회피 기술 모음으로, 쿠니미츠가 잽과 일부 중단 견제까지 피할 수 있습니다.
d+3+4;쿠니미츠의 파워 크러시는 공격을 흡수하거나 가드당했을 때 상대를 멀리 밀어냅니다.
1,2,4;카운터 시 확인 가능한 연속기입니다. 빠른 위기 탈출기로 좋습니다.
hFC.1 (db+1);앉아 잽으로, 곧바로 앉은 상태 이지선다로 들어갑니다.
ub+3;쿠니미츠가 뛰어올라 안전한 곳으로 피하는 기술입니다.

#punishers_standing
Startup;Command;Description
i10;1,2,2;뒤를 유지하면 뒤돌기로 이행할 수 있습니다.
i10;f,f+4,2;입력 난도가 높은 딜캐. 벽꽝. 선입력이 어렵습니다.
i12;4,2;뒤돌기로 이행.
i13;f+2,3;벽꽝을 일으키며 상대를 비스듬히 다운시킵니다.
i13;qcf+2;입력 난도가 높은 딜캐. 쿠마·판다의 ff+2 같은 기술에 대한 원거리 딜캐.
i14;f,d,df+2;입력 난도가 높은 시동기. 선입력 가능.
i15;uf+3
i15;qcf+1;폴의 붕권(qcf+2) 딜캐용.

#punishers_crouching
Startup;Command;Description
i10;f,f+4,2;입력 난도가 높은 딜캐. 벽꽝.
i11;ws4
i12;ws1,1
i13;ws2,1;히트 발동기. 벽꽝. 히트 소모 후에는 비스듬히 날립니다.
i14;f,d,df+2;입력 난도가 높은 시동기. 선입력 가능.
i15;ws3


#punishers_whiff
Command;Description
qcf+2;빠른 중단 헛손질 딜캐 선택지.
uf+3;가장 빠른 중단 시동기. 헛손질 경직이 긴 기술을 딜캐하기에 좋은 선택지입니다.
f,f+4,2;리치가 길고 매우 빠르지만, 잘못 쓰면 리스크가 큽니다.


#combos_normal
Starter;Combo
df+2 | KAT.3,2 | ws3 | CH f,f+2 | CH df+(1),3 | CH KAT.2;uf+3 > f+3+4 > BT.4f > SET.1,2,1 > 3+4 > qcf+1
uf+3;df+4 > f+3+4 > BT.4f > SET.1,2,1 > 3+4 > qcf+1
db+2,4,2 | CH u+2 | CH SET.3;ws4 > f+3+4 > BT.4f > SET.1,2,1 > 3+4 > qcf+1
BT.1+2 | CH MUS.2 | CH (3),4;KAT.4,2 > f+3+4 > BT.4f > SET.1,2,1 > 3+4 > qcf+1
CH b+2;ws2,1 > f+3+4 > BT.4f > SET.1,2,1 > 3+4 > qcf+1
CH SET.2 | H.db+1+2;KAT.4,2 > f+3+4 > BT.4f > SET.1 > qcf+1
SET.1+2 (Into HD) | f+1+2 (Into HD);3+4 > df+4 > f+3+4 > BT.4f > SET.1,2,1 > 3+4 > qcf+1




#combos_beginner
Starter;Combo
df+2 | uf+3  | KAT.3,2 | ws3 | CH f,f+2 | CH df+(1),3 | CH KAT.2 | CH b+2 | BT.1+2 | SET.1+2 (Into HD) | f+1+2 (Into HD);f+3+4 > BT.4f > SET.1,2,1 > 3+4 > qcf+1
CH SET.2 | H.db+1+2;f+3+4 > BT.4 > f+4 > SET.1,2,1






#combos_ender
Type;Combo
wall_break;qcf+1+2
floor_break;f,f+4,2
carry;f+3+4


#combos_wall
Type;Combo
normal;1 > df+1 > d+2,1,2,1+2
normal;b+1,1 > df+1,2,2
tornado;df+1,3 > 1 > d+2,1,2,1+2
tornado;b+4,3 > 1 > d+2,1,2,1+2


#combos_small
Starter;Combo
uf+2 | MUS.2 | BT.4 | 3,4 | (1,1),4 | KAT.2 | SET.4,3 | SET.1,2,4 | ub+2 (At wall);qcf+2
uf+4 | SET.1,2,3;f,f+2
CH d+1;ws2,1
CH f+4;SET.1+2
CH SS.2;BT.1,4
CH b+(4),3 | (1,1),2 | SET.(1,2),2;qcf+1
ws2,1 (Into HD) | BT.1,4 (Into HD) | KAT.1,2 (Into HD);qcf+1+2




#stances
Type;Command / Name;Description
stance;f+3 / Setsunagake (SET);"쿠니미츠를 앞으로 돌진시켜 상대와의 거리를 빠르게 좁히는 자세입니다. ""f+4"", ""BT.4""와 조합하면 ""SET.2""를 잽으로 반격하려는 상대에게 프레임 트랩으로 쓸 수 있습니다. SET에서는 쿠니미츠의 커맨드 잡기 ""uf+1+2""와 ""f+1+4""를 쓸 수 있습니다."
stance;1+2 / Katon (KAT);"회피에 특화된 자세로, ""KAT.2""와 ""KAT.3"" 같은 선택지로 쿠니미츠가 대부분의 반격 시도를 순간이동으로 피할 수 있습니다. 이 자세에는 주로 ""1,1""이나 ""2,2""로 들어갑니다. "
command;b+3+4 / Disengage (BT);"쿠니미츠를 뒤돌기 자세로 만드는 동작입니다. 뒤돌기는 ""4,2"", 뒤 입력을 곁들인 ""1,2,2"", 뒤 입력을 곁들인 ""SET.1,2"", 또는 ""df+3+4""로도 들어갈 수 있습니다. 뒤돌기 중에는 대부분의 상황에서 노딜 중단 견제로 쓸 수 있는 ""BT.1+2""나, ""BT.1+2""를 인식시킨 뒤 상대의 체력을 깎는 또 다른 도구로 쓸 수 있는 ""BT.d+2"" 같은 비교적 강한 선택지가 있습니다. 또한 뒤돌기에서 쿠니미츠는 ""BT.1+4"", 또는 ""[BT.1+3](1+3)""이나  ""[BT.2+4](2+4)""로 2지선다 잡기를 걸 수 있습니다."


#frame_traps
Starter;Trap
1;1,2,4
f,f,F+2;df+1
f+4;SET.2



#knowledge_checks
Command;Description
1;"쿠니미츠에게는 반격 시도를 이기도록 설계된 연속기 ""1,1,2""와 ""1,1,4""가 있습니다. 두 연속기의 마지막 타는 오른쪽 횡이동으로 피할 수 있습니다. 쿠니미츠는 이 대응을 이기기 위해 ""1,1,1""을 쓸 수 있는데, 오른쪽으로 횡이동한 뒤 바로 가드하면 앞서 말한 파생을 피하면서 1,1,1도 막을 수 있습니다. 1에서 ""1,2,4""로 이어지는 흔한 프레임 트랩도 알아 두는 것이 좋으며, 카운터 확인이 가능합니다. 신규 플레이어라면 잽에서 ""uf+1+2""나 ""f+1+4""로 잡기를 거는 것이 확실한 전략입니다."
u+2;"발생이 약 0.5초나 걸리는 매우 느린 점프 하단 공격입니다. 쿠니미츠는 착지 전에 아래를 유지해 이 기술을 캔슬할 수 있습니다. 쿠니미츠는 ""ws+2""나 ""hFC.1+2""로 이지선다를 걸 수 있습니다. 방어 측은 점프 킥으로 하단과 캔슬 선택지를 모두 이길 수 있습니다."
d+1+2;"d1+2는 히트 시 이득 프레임이 정확히 0이며 쿠니미츠를 앉은 상태로 남깁니다. 방어 측은 왼쪽으로 횡이동하면 ""ws+1""과 ""ws+4""를 피할 수 있습니다. 캐릭터에 따라서는 ""hFC.1+2""와 ""ws2""까지 돌아서 피할 수 있습니다."
d+1;"쿠니미츠가 상대에게 대응을 강요하는 매우 강력한 도구입니다. 방어 측이 여기서 ws4를 쓰는 것은 위험한데, 쿠니미츠의 ""ws+2,1""에 프레임 트랩으로 걸리기 때문입니다. 대신 방어 측은 여기서 어느 정도 추측을 해야 합니다. 그래도 행동으로 반격하고 싶다면 앉아 잽이나 10프레임에 나가는 다른 기술을 쓰는 것이 유리한데, ""ws+2""와 상쇄되기 때문입니다. 쿠니미츠가 이 상황에서 매우 흔한 ""hFC.1+2""처럼 13프레임보다 느린 기술을 고르면 턴을 되찾을 수 있습니다."
df+1,2;"이 연속기의 2타는 상대를 흔들기 위해 크게 딜레이를 걸 수 있습니다. 방어 측은 상대가 2타에 딜레이를 즐겨 건다면 10프레임 기술로 끊을 수 있지만, 그런 시도를 잡아내는 ""df+1,2,2""를 조심하십시오. 14프레임 시동기를 가진 캐릭터라면 3타가 나올 때까지 기다렸다가 띄우는 편이 낫습니다."


#defense_tips
Title;Description
뉴트럴에서는 왼쪽 횡이동;뉴트럴에서 왼쪽으로 횡이동하면 쿠니미츠의 핵심 견제기도 대처할 수 있습니다. df+4 같은 작은 견제기는 대미지가 적고 이득 프레임도 미미합니다.
"""SET""와 ""KAT""에는 오른쪽 횡이동";"""2,2""와 ""1,1"" 뒤에 횡이동하면 모든 KAT 선택지를 피할 수 있습니다. 횡을 잡는 선택지는 2타에 딜레이를 건 ""KAT.1,2""뿐입니다. ""f+4""를 가드한 뒤 횡이동하면 SET의 핵심 선택지 대부분을 막을 수 있고, ""SET.2"" 같은 선택지에는 상대를 띄울 기회도 생깁니다. 따라서 쿠니미츠를 상대로 거리가 있을 때는 오른쪽으로 횡이동하고 걸어야 하며, 근거리에서는 왼쪽으로 움직여야 합니다."
"""SET""에 맞서기";맞서기가 매우 무섭게 느껴질 수 있지만, SET에 맞서면 쿠니미츠가 SET에 의존하지 못하게 만들 수 있습니다. 쿠니미츠가 다가올 때 df+2를 내미는 것만으로도 큰 효과가 있으며, 노딜 df+2가 있다면 더더욱 시도해 보십시오.


#defense_moves
Command;Description
3,4;이 기술의 1타와 2타는 앉아서 피할 수 있습니다. 또는 요시미츠라면 2타를 플래시로 받아칠 수 있습니다. 어떤 경우든 1타를 가드한 뒤에는 앉는 것이 좋으며, 특히 쿠니미츠 플레이어가 2타의 확인을 어려워한다면 더욱 그렇습니다.
db+2,4,2;이 연속기의 3타는 노딜이지만, 2타를 가드한 뒤 17프레임 기술로 끊을 수 있습니다.
1,2,2;"딜캐로 잘못 쓰면 마지막 타를 앉아서 피할 수 있습니다. 다만 쿠니미츠 플레이어가 앉기 시도를 맞히는 ""1,2,4""도 쓸 수 있으니 조심하십시오."
SET.1,2,2;이 연속기의 2타는 앉아서 피할 수 있고, 3타는 오른쪽 횡이동으로 피할 수 있습니다. 앉기를 선택하면 쿠니미츠가 2타의 타이밍을 크게 늦춰 앉는 타이밍을 흔들 수 있으니, 상대에 맞춰 앉기를 유지할지 빠르게 입력할지 판단하십시오.
BT.1,4;쿠니미츠 플레이어는 히트 대시를 위해 이 기술을 쓸 수 있습니다. 1타와 2타는 상단이라 앉아서 피할 수 있습니다.





#resources_external
Url;Name
https://youtu.be/uL2cfy23FkU?si=6ct1JxjcJGx6EQQu;RyzingSol의 콤보 가이드
https://www.youtube.com/watch?v=cxVTSX3ghK4;TekRavenger의 결정판 영상 가이드
https://youtu.be/7bzQboSDHjU?si=Pa9Ls8IeGUkmbz0q;JDCR의 원 잽 영상
https://www.youtube.com/playlist?list=PLOr4jyX65St5IBAcUfzTnku197jCS0LjG;쿠니미츠 리플레이 모음
https://wavu.wiki/t/Kunimitsu;Wavu Wiki 쿠니미츠 페이지

#credits
name;url;role
Koenji;https://x.com/koenjideck;author





#about_author
Section
안녕하세요! Koenji가 또 하나의 가이드로 찾아왔습니다! 이번에는 쿠니미츠입니다. 저를 모르시는 분들을 위해 소개하자면, 저는 10년 동안 간간이 철권을 경쟁적으로 플레이해 왔고, 본격적으로는 철권 7부터 시작했습니다. 이번 작에서는 주로 아수세나를 2년간 플레이했고, 시즌 2 막바지에 잠시 미아리 조를 했습니다.
시즌 3에서는 쿠니미츠를 주력 캐릭터로 플레이하고 있습니다. 매우 강한 캐릭터이고(약하다는 말에 속지 마십시오), 딜캐에 익숙하고 여러 번의 심리전을 즐기는 사람에게 특히 잘 맞습니다.
이 가이드를 정리하는 데 시간이 꽤 걸렸으니, 제가 공들인 만큼 즐겁게 읽어 주셨으면 좋겠습니다!

#about
Property;Value
GameVersion;3.02.01
LastUpdated;2026-09-07




#matchups_good
Character;Description
Kuma | Panda;"쿠마와 판다는 횡이동 성능이 매우 약합니다. 쿠니미츠는 이를 이용해 두 캐릭터에게 이지선다를 마음껏 걸 수 있습니다. 예를 들어 ""f+4""에서 ""SET.2""는 다른 캐릭터는 모두 횡이동으로 피할 수 있지만 두 곰은 피할 수 없습니다. 또한 몸집이 커서 df+1,2,2 뒤에 qcf+2를 약간 늦게 넣으면 추가 대미지를 줄 수 있습니다."
Azucena;"쿠니미츠는 아수세나의 핵심 견제기이자 상단을 회피하는 db+4를 띄울 수 있습니다. 딜캐에 실패한 1,2도 띄워서 딜캐할 수 있습니다. 또한 쿠니미츠의 점프 킥이 아수세나의 f+4,4의 상단을 피하기 때문에, ""uf+3""으로 아수세나의 f+4 파생을 모두 안정적으로 대처할 수 있습니다."
Victor;"빅터에게는 uf+1,1이나 f,f,f+1+2처럼 가드 시 -14인 핵심 기술이 여럿 있습니다. 또한 ""ub+3""으로 다른 캐릭터는 일반적인 움직임으로 대처할 수 없는 일부 IAI 자세를 빠져나갈 수 있습니다."




#matchups_bad
Character;Description
Alisa;"보통 뒤돌기에 들어갈 때의 이득 프레임은 대부분의 매치업에서 중요하지 않지만, 알리사를 상대로는 이 수치가 매우 중요합니다. +5(""1,1,2"", 히트 시 ""hFC.1+2"", 가드 시 ""h.u+1+2"")에서는 알리사가 쿠니미츠의 뒤돌기 선택지를 거의 모두 걸어서 피할 수 있습니다. +6(히트 시 ""4,2"")에서는 BT.1,4가 다시 횡이동으로 피할 수 없게 되고, +8(뒤돌기로 이행한 ""SET.1,2"")에서는 ""BT.1+2""를 다시 중단 견제로 쓸 수 있습니다. 알리사를 제대로 견제하지 못하면 알리사가 쿠니미츠의 등 뒤까지 걸어 들어가 등 딜캐를 할 수 있습니다. ""BT.4""로 알리사의 움직임을 제대로 견제해 이런 상황을 아예 피해야 합니다."
Lili | Zafina;"알리사전과 마찬가지로 릴리와 자피나도 쿠니미츠의 뒤돌기 선택지를 횡이동으로 피할 수 있습니다. 다만 알리사와 달리 릴리와 자피나는 +6에서도 ""BT.1,4""를 피할 수 있습니다."
Kazuya;"최악의 매치업은 아니지만, 카즈야의 최속 풍신권(EWGF)은 쿠니미츠의 접근을 막는 데 매우 뛰어납니다. 타이밍 좋은 최속 풍신권은 ""SET.3""을 제외한 모든 SET 선택지를 막을 수 있습니다. 이 매치업에서는 SET을 어떻게 쓰는지 매우 신경 써야 합니다. 주로 ""hFC.1+2""와 ""db+4""로 견제하고, ""d+1+2""나 ""BT.d2"" 같은 선택지로 견제할 때는 조심하십시오."
