;州光ガイド


#introduction
Section
"州光はシーズン3最初の新キャラクターで、母の跡を継ぎ、くノ一の新たな時代を担います。どの距離からでもどこからでも攻撃できる、牽制技中心の素早いキャラクターです。""[Setsunagake (SET/f+3)](f+3)""で相手に突進し、接近戦の攻めを始められます。反撃したがる相手には、""1,1""や""2,2""といった主要な牽制技の後に二択の強い構え""[Katon (KAT/1+2)](1+2)""を使い、相手の攻撃を避けて空中へ移動し、""[Veil of Night (KAT.2)](KAT.2)""や""[Leaping Moon Blade (KAT.3,2)](KAT.3,2)""などの技で相手の意表を突けます。頼れるクナイで、""[Savage Kunai Throw (qcf+1)](qcf+1)""により画面の端から相手を狙撃したり、""[Cloud Scorching Blossoms (u+1/uf+1)](uf+1)""で空中の相手を狙ったりできます。州光の使命は、素早い動き、強力な二択、厄介な50/50を駆使して、相手に次の行動を常に読ませないようにし、常に優位に立つことです。"
初心者にとって、州光はゲームを学ぶのに最適な入門キャラクターです。鉄拳8の魅力を一通り味わえる上に、上達するほど良さが分かる性能を持っています。経験者にとっては、技術を発揮できる場面が多いキャラクターです。間合いや立ち・しゃがみに関係なく相手の小さなミスにも大きく確定反撃でき、相手の頭を悩ませる極端な二択やセットプレイを仕掛けられます。
性能に大きな欠点はなく、全体的にバランスの取れたキャラクターです。ただし、州光は多くの読み合いをこなさなければならないため苦労することがあり、リスクを伴う分、難しい確定反撃を決められないと痛い目を見ます。それでも練習を怠らず、スピーディーでトリッキーな鉄拳に興味があるなら、州光はまさにあなたのためのキャラクターです。

#strengths
Strength
"""Polarising Full Crouch and Backturn Mix:""（強烈なしゃがみ・背向け二択）州光の基本戦略は、相手に二択を仕掛けることです。""d+1""や""hFC.1+2""などの技で、相手に州光のペースで戦うことを強いる状況を作れます。"
"""Strong Movement:""（強力な機動力）強いバックステップと、相手との距離を素早く詰める""[SET](f+3)""などの技を備えた州光は、ステージを自在に動き回り、試合の中で多くのチャンスを作り出せます。"
"""Gifted Punishment:""（優秀な確定反撃）州光は立ちでもしゃがみでもミスに大きく確定反撃できます。入力は難しいものの壁強を誘発する10フレームの確定反撃""f,f+4,2""から、先行入力で14フレームの浮かせ技になる""f,d,df+2""まで揃っています。"



#weaknesses
Weakness
"""Struggles to prevent movement:""（横移動を止めにくい）州光の近距離技は右に、遠距離技は左に追尾するため、積極的に動く相手への対処手段が限られています。これを止めるための技は、弱い（""df+4""）か、リスクがある（""3,4""）か、遅い（""qcf+1+2""）かのいずれかです。"
"""Compulsive Gambler:""（ギャンブラー気質）州光はニュートラルで何度も読み合いに勝ち続ける必要があり、相手にカウンターを取られたり、相手の攻めを許したりする機会を与えてしまうことがあります。"



#heat_system
Mechanic
"ヒート中の州光は、""H.u+1+2""で背向け二択をより強く迫れるようになります。また、華遁（KAT）から""H.KAT.d+1+2""という非常に回避性能の高い下段が使えるようになります。さらに、新たな確反のない浮かせ技""H.db+1+2""も使えるようになります。"
"州光はヒートスマッシュ""[Flame Riot: Lunar Mirror](H.2+3)""も使えます。14フレームの非常に強力なヒートスマッシュで、壁強を誘発し、破壊可能な壁を即座に破壊します。"


#key_moves
Command;Description
1 (Jab with extensions);"州光のジャブは豊富な派生により非常に強力で、立ち回りの起点として使えます。相手に二択を仕掛けたい、または固めたいなら""1,1""がうってつけです。確反のない上段・中段の連携で、ヒット時有利、華遁の構えに移行でき、ニュートラルの牽制にも使えます。相手の反撃は確反のない派生""1,1,2""で黙らせることができ、カウンターヒット時には小さなコンボが入ります。暴れ潰しをしたい、または相手を無視して攻めたいなら、""1,2,4""がカウンターヒットで確定するG-clef（ト音記号）タイプの連携で、相手を吹き飛ばすか、壁際なら壁強を誘発します。最初の方針として、特に初心者は、これらの目的を織り交ぜることで試合の主導権を握りやすくなります。州光のジャブを使いこなせれば、相手の攻めを崩しつつ試合のペースを効果的にコントロールできます。"
df+1;"悪名高い州光の中段牽制には""df+1,2,2""という連携派生があります。この技には様々な使い道があります。通常の牽制技として、カウンターを狙う道具として、あるいはディレイがかけられる連携に食いつく相手への暴れ潰しとして使えます。""df+1,2""がカウンターヒットすればdf+1,2,2を最後まで入力でき、壁強を誘発することがあります。壁強が起きなくても相手が壁際なら、3発目の後に""qcf+2""が確定します。鉄拳7ではdf+1の連携は非常に大きくディレイがかけられ、それが悪名の理由でした。鉄拳8では2発目のディレイ性能は削除されましたが、十分に練習すれば1発目のヒットを見てdf+1の派生をヒット確認することは今でも可能です。"
hFC.1+2;"州光の基本戦略を支える主力下段で、ゲーム内でも屈指の下段と言えます。ヒット時、州光は+5で背向け（BT）になり、相手に読みを強いる状況を作ります。hFC+1+2を当てた後は""BT.1+2""が最初の選択肢として優秀で、相手が油断したら""BT.d+2""で体力を削れます。パワークラッシュやレイジアーツはBT.1+2に有効な場合がありますが、州光にはこうした選択肢に勝てる""BT.1,4""があります。ガード時、hFC.1+2は-12しかないため、強い10〜11フレームの確定反撃や確実な12フレームの確定反撃を持たない相手にとっては、さらに対処が厄介な技になります。"
d+1+2;"上段攻撃の下をくぐる回転下段で、牽制の役割を果たします。ナイフで相手の足を斬る攻撃なので、この強力な牽制技は下段捌きできません。ヒット時、州光はしゃがみ状態で五分になり、""ws4""や""ws1""などの速い後続技に対して相手が動いて対処できる微妙な状況です。カウンターヒット時には15フレームという大きな有利を得られ、""hFC.1+2""などで二択を仕掛けて攻めを続けたり、判断に応じて""ws2""や""ws3""などの中段で暴れを潰したりできます。この下段は州光の戦略の要です。ただし、しゃがみから14フレームの浮かせ技を持つキャラクターには注意して使いましょう。"
SET.1+2;2回転して斬りつける連続攻撃で、ヒート発動技であり、ニュートラルでは横移動で避けるのが非常に難しい技です。SET.1+2はヒート中に当てるとヒートダッシュの浮かせ技にもなります。ガード時、SET.1+2は確反がないだけでなくノックバックもそこそこあり、バックステップ1回で一部の選択肢に対して距離を取れます。
SET.2;"胸を素早く斬る確反のない攻撃で、カウンターで浮きます。SETをジャブで止めようとする相手への定番の暴れ潰しとして、""f+4""や""BT.4""と組み合わせるのが最適です。ノーマルヒット時、SET.2は州光に8フレームの有利をもたらすので、""df+1""や""d+1""などが非常に強い暴れ潰しになります。SET.2のリーチは、SETでいる時間に応じて伸びます。"
d+1;"州光のもう一つの主力技です。州光が相手を打ち下ろし、ガードされたかどうかに関係なく、自分と相手の両方をしゃがみ状態にします。ヒット時は有利が大きい（+6）ため、相手は""hFC.1+2""や""ws2,1""などの選択肢に付き合わされます。ガード時も州光が有利（+3）なので、攻撃的な戦略を押し付ける主力技です。さらに、カウンターヒット時には""ws+2,1""が確定します。上級者向けのヒント：州光が8フレーム有利の状況でd+1を最速で出すと、d+1は横移動できなくなります。また、d+1が州光の硬直が最小になる技と相打ちになった場合、""df+2""で相手を浮かせられます。"
BT.1+2;"背向けから回転してナイフで斬る技で、ガードされても確反がありません。安全重視の戦略なら、この技を第一の選択肢にしましょう。ガード時、州光はわずかに不利（-2）ですが、相手との距離が大きく離れるため、バックステップしてスカ確を狙えます。ヒット時SET.1+2は+7なので、その後に""df+1""を習慣的に使えば、相手の反撃を潰し、レイジアーツやパワークラッシュにも勝てます。"
f+4;"前を入れっぱなしにするとSETに移行できる、確反のない安定した膝攻撃です。SETを軸にした攻撃的な戦略を狙うなら、f+4は主力の選択肢です。f+4からジャブを潰す""SET.2""や、横移動を止める""SET.1+2""などの選択肢があるからです。さらに、f+4がカウンターヒットするとSET.1+2が確定します。 "
ws2;"州光が水平に斬る技です。ws+2単体でも、確反がなく横移動で避けにくい強力な牽制技です。この技の真価は派生""ws+2,1""にあり、ディレイがかけられるヒート発動技の派生で、十分に練習すれば状況に応じてカウンター確認できます。相手がws4などの11フレーム以上の技で反撃したがるなら、ws+2は""d+1""の後で特によく機能します。ws+2,1のカウンター確認で最も重要なのはd+1からws+2の状況で、使用頻度も高いのでぜひ身につけましょう。ヒートゲージがある時、ws+2,1は非常に攻撃的に使え、ガード時の不利をヒートダッシュ後に攻めを継続できる状況に変え、リスクとリターンを大きく傾けます。ヒートを発動済み、または使い切った後は、ws+2,1が相手を州光の左側へ飛ばすので、角度をつけて壁強を誘発できます。"
f,f+4,2;気の弱い人には向かない、州光の上級者向け10フレーム確定反撃です！ガード後、立ちでもしゃがみでもf,f+4,2で小さなミスに確定反撃できます。10フレームで完璧に確定反撃するには、4を押す前にf,fを正しく先行入力する必要があります。完璧でなければ1フレーム遅れることがあります。練習あるのみです！
SET.1 (with extensions);"SETから出せる州光の最速の選択肢です。SET.1が+8の状況でヒットすれば""SET.1,2""をヒット確認できます。SET.1,2の2発目がヒットすれば""SET.1,2,2""が確定します。ガード時、SET.1は-1しかないので、相手が遅い技を使ってきたら動いたりジャブで割り込んだりするチャンスがあります。"
H.u+1+2;"州光の固めに最適なヒート技です。ナイフを連続で振るう攻撃で、ヒット時は壁強を誘発し、ガード時も背向け二択を迫れるので州光が有利になります。ガード時の状況はヒットした""1,1,2"",bや+5の""hFC.1+2""と同じフレームですが、ガード時は相手が遠くにいるため、相手の防御の選択肢が増える可能性がある点は覚えておきましょう。"
b+1+2;確反がなく比較的速い、ダメージの大きい爆発的な中段です。ヒート発動技を当てた後に非常に便利で、ヒート発動技から正しく先行入力したb+1+2は、相手の横移動、レイジアーツ、パワークラッシュを封じます。
b+1;"吉光の回転攻撃と同様に、州光も目を回すまでに合計5回回転できます。""b+1,1""以上回転すると、ガード時に州光が+5の状況になります。回転後の硬直はほぼなく、例えば上段パワークラッシュを好んで使う相手に非常に有効です。"
db+4;州光の最もリスクの低い下段牽制です。相手の体力を削ったり、ラウンド終盤に安定して使えます。-12しかないので、一八などのキャラクターに浮かされる心配なく使える牽制技です。ヒット時は五分なので、横移動、バックステップ、行動を起こす絶好の機会です。
WR.2;"州光が有利フレームを積極的に押し付けるための主力の選択肢です。攻撃的な戦略なら、これが主力技です。相手を暴れ潰しする""df+1""や、横移動を止める""df+4""と組み合わせると特に効果的です。"
KAT.2;"瞬間移動して上からナイフで斬りつける技で、ガードされても有利です。カウンターヒット時は相手を空中にひっくり返し、大ダメージを与えます。""1,1""や""2,2""から華遁に移行した後に使うと、ジャブや一部の中段を安定して避けるため、潰すのが困難です。"
KAT.3;"瞬間移動して急降下する蹴りで、""KAT.2""と同様に浮かせ技への派生があります。""1,1""や""2,2""の後に使えば、ジャブや一部の中段を避けられます。""KAT.3,2""は、相手の技の空振りを目視で確認した時に使うのが理想的です。KAT.3は画面中央での最適なコンボ締めとしても使えます。距離調整は難しいですが、KAT.3が空中の相手に+2以上の有利で当たるように間合いを取れれば、""qcf+2""で追加ダメージを与えられます。距離の取り方はこちらの""[video example](https://youtu.be/sp6UOCVVrr4)""を参考にしてください。"
qcf+1+2;"相手の横移動を止める州光の主要なホーミング技の一つです。ガードされても確反がなく、通常では届かない特定のコンボルートでも役立ちます。牽制の後に相手が漫然と歩くのを好むなら、qcf+1+2で歩きを抑止できます。壁強が起きなければ""qcf+2""で追撃できます。"
uf+3;"州光が空中へ跳び上がる、リーチの長い跳び蹴り（ジャンステ技）です。""df+2""と比べると相手にガード後の確定反撃を受けやすいですが、uf+3は下段を飛び越えられるため、一般的にはこちらの方が優秀です。遠距離のスカ確として非常に強力なので、使い方をぜひ覚えましょう！"
b+2;鉄拳7のパワークラッシュを流用した技で、現在は左に歩く相手への追尾性能が高い、確反のないカウンター浮かせ技です。b+2は州光の技の中では遅めなので、行動を遅らせる相手に非常に有効です。
3;"比較的速いホーミング上段で、""3,4""の派生があります。州光に対して左に歩こうとする相手に特に有効です。練習すれば、歩いている相手に派生をヒット確認することも可能です。相手の横移動を止めるという目的は""qcf+1+2""と同様ですが、その状況でより速い選択肢が欲しく、派生のヒット確認に自信があるなら3を使いましょう。上級テクニック：州光の左側に壁があり、壁と平行な状態なら、3,4は""f,d,df+2""で拾えるので浮かせ技として使えます。拾い方はこちらの""[video example](https://youtu.be/w0HAx0JY24M)""をご覧ください。"
KAT.1,2;"確反がなく速い、ディレイとヒット確認が可能なヒート発動技の連携です。KAT.1,2は""2,2""や""1,1""の後、特に相手が被弾後に手を出したがる場合に検討すべき優秀な選択肢です。相手が自分から見て右へ横移動すると1発目を避けられ、2発目をすぐに出すとそれも空振りしますが、2発目を少しディレイさせると向きを補正して相手に当たります。2発目は下入れっぱなしでキャンセルすることもできます。"
H.KAT.d+1+2;非常に回避性能の高いヒート技で、特定の距離では壁強を誘発できます。ジャブや中段で潰すのは非常に困難です。
f+1+2;ナイフを交差させて斬る単発のヒート発動技で、ガードされても確反がありません。右へ横移動しようとする相手を完全に追尾します。空中ヒット時にキャラクターを滑らせる唯一の選択肢なので、ヒートダッシュコンボではこれを主力にしましょう。
db+2,4;"ナイフの斬りつけから始まる確反のない牽制連携です。ラウンド終盤に使いやすい中段の牽制連携です。""db+2""単体でも機能し、州光をしゃがみ状態にして""ws2""や""hFC.1+2""などで二択を仕掛けられます。"
SS.2;"横移動から出すナイフの中段牽制技で、背向けになります。背向け二択へ移行する州光の他の技と違い、実際には州光が不利です。もう少し慎重に州光を使うプレイヤーなら、SS.2をカウンターヒットさせることが目標で、そうすれば""BT.1,4""が確定します。"
f,d,df+2;"州光の2つ目の上級者向け確定反撃で、こちらはガード時-14の技に対するものです。""qcf+2""や""f,f+4""と同様に、f,d,df+2は先行入力しておくと相手の技により簡単に確定反撃できます。 "
2,2;"キャラクターの大半が捌けないナイフの2連斬りです。2,2はヒット時・ガード時ともに""2,2,1+2""で華遁に移行できます。ヒット時は""KAT.1,2""などで攻めを継続するのが良く、ガード時に相手が反撃しようとするなら""KAT.2""や""KAT.3""などの方が有効です。""2,2""をガードした後に相手が手番を取り返そうとするなら、""2,2,2,2""でそれを防げます。この派生の3発目と4発目は上段なので、相手を慣らすためだけに控えめに使いましょう。相手の背中に確定反撃できる場合は、""2,2,2,2,2""を最後まで入れられます。"
SS.4;"横移動から出すスネークエッジタイプの技です。ガードされると大きく確定反撃を受けるため、非常にリスクの高い技です。さらにクリーンヒット判定があり、この技の恩恵を最大限に得るには常にクリーンヒットを狙う必要があります。非常に近い距離で当てる必要があるため、相手が壁を背負っている時に使うのが最適です。クリーンヒットすると相手はダウンし、""qcf+2""が確定します。"
3+4;"Strong Aerial Tailspin（SAT）属性を持つ単発のジャンプ技です。州光にはもっと良い技があるのでニュートラルで使うべきではありませんが、起き上がる相手への二択を仕掛けられる点は特筆に値します。州光が空中の相手に3+4を当て、ダッシュで近づき、受け身を取る相手にf+3を出すと、カメラはそのままで相手の横をすり抜け、すぐに""BT.f+1+2""を出せます。油断した相手に浮かせ技を当てられます。"
f+2,3;"13フレームの確定反撃以外の用途では過小評価されている連携です。""f+2""単体でもリーチの長い牽制技で、近づいてくる相手を止める""df+1""や""df+4""の代わりに使えます。f+2,3は、壁際で壁強を狙う場面でのカウンター確認にも使えます。さらに、相手をダウンさせた後に相手が自分から見て右へ転がった場合、ダッシュで近づいて""f+3""を出すと、""3+4""の後と同様の二択の状況を作れます。ただし入力はより難しいです。"
ub+3;州光を左へ跳ばす脱出技です。特定のキャラ対策、特に相手が最速で出してくる構えの選択肢に対して非常に有効です。脱出が読まれやすいと浮かされるので注意しましょう。

#panic_moves
Command;Description
KAT.2 | KAT.3,2 | h.KAT.d+1+2;華遁から出せる回避技の数々で、州光はジャブや一部の中段までも避けられます。
d+3+4;州光のパワークラッシュは、攻撃を吸収した時やガードされた時に相手を大きく押し返します。
1,2,4;カウンターヒット確認が可能な連携です。素早い切り返し技として優秀です。
hFC.1 (db+1);しゃがみジャブで、そのまましゃがみ状態からの二択に移行できます。
ub+3;州光が跳び上がって安全な場所へ逃れる技です。

#punishers_standing
Startup;Command;Description
i10;1,2,2;後ろ入れっぱなしで背向けに移行できます。
i10;f,f+4,2;入力が難しい確定反撃。壁強を誘発。先行入力が難しい。
i12;4,2;背向けに移行。
i13;f+2,3;壁強を誘発し、相手を斜めにダウンさせます。
i13;qcf+2;入力が難しい確定反撃。クマ・パンダのff+2などの技に対する遠距離の確定反撃。
i14;f,d,df+2;入力が難しい浮かせ技。先行入力可能。
i15;uf+3
i15;qcf+1;ポールの崩拳（qcf+2）用。

#punishers_crouching
Startup;Command;Description
i10;f,f+4,2;入力が難しい確定反撃。壁強を誘発。
i11;ws4
i12;ws1,1
i13;ws2,1;ヒート発動技。壁強を誘発。ヒート消費後は斜めに吹き飛ばします。
i14;f,d,df+2;入力が難しい浮かせ技。先行入力可能。
i15;ws3


#punishers_whiff
Command;Description
qcf+2;速い中段のスカ確の選択肢。
uf+3;最速の中段浮かせ技。空振り後の硬直が長い技へのスカ確に優秀です。
f,f+4,2;リーチが長く非常に速いですが、入力を誤るとリスクが大きいです。


#combos_normal
Starter;Combo
df+2 | KAT.3,2 | ws3 | CH f,f+2 | CH df+(1),3 | CH KAT.2;uf+3 > f+3+4 > BT.4f > SET.1,2,1 > 3+4 > qcf+1
uf+3;df+4 > f+3+4 > BT.4f > SET.1,2,1 > 3+4 > qcf+1
db+2,4,2 | CH u+2 | CH SET.3;ws4 > f+3+4 > BT.4f > SET.1,2,1 > 3+4 > qcf+1
BT.1+2 | CH MUS.2 | CH (3),4;KAT.4,2 > f+3+4 > BT.4f > SET.1,2,1 > 3+4 > qcf+1
CH b+2;ws2,1 > f+3+4 > BT.4f > SET.1,2,1 > 3+4 > qcf+1
CH SET.2 | H.db+1+2;KAT.4,2 > f+3+4 > BT.4f > SET.1 > qcf+1
SET.1+2 (Into HD) | f+1+2 (Into HD);3+4 > df+4 > f+3+4 > BT.4f > SET.1,2,1 > 3+4 > qcf+1




#combos_beginner
Starter;Combo
df+2 | uf+3  | KAT.3,2 | ws3 | CH f,f+2 | CH df+(1),3 | CH KAT.2 | CH b+2 | BT.1+2 | SET.1+2 (Into HD) | f+1+2 (Into HD);f+3+4 > BT.4f > SET.1,2,1 > 3+4 > qcf+1
CH SET.2 | H.db+1+2;f+3+4 > BT.4 > f+4 > SET.1,2,1






#combos_ender
Type;Combo
wall_break;qcf+1+2
floor_break;f,f+4,2
carry;f+3+4


#combos_wall
Type;Combo
normal;1 > df+1 > d+2,1,2,1+2
normal;b+1,1 > df+1,2,2
tornado;df+1,3 > 1 > d+2,1,2,1+2
tornado;b+4,3 > 1 > d+2,1,2,1+2


#combos_small
Starter;Combo
uf+2 | MUS.2 | BT.4 | 3,4 | (1,1),4 | KAT.2 | SET.4,3 | SET.1,2,4 | ub+2 (At wall);qcf+2
uf+4 | SET.1,2,3;f,f+2
CH d+1;ws2,1
CH f+4;SET.1+2
CH SS.2;BT.1,4
CH b+(4),3 | (1,1),2 | SET.(1,2),2;qcf+1
ws2,1 (Into HD) | BT.1,4 (Into HD) | KAT.1,2 (Into HD);qcf+1+2




#stances
Type;Command / Name;Description
stance;f+3 / Setsunagake (SET);"州光を前方に突進させ、相手との距離を素早く詰める構えです。""f+4""、""BT.4""と組み合わせれば、""SET.2""をジャブで反撃しようとする相手への暴れ潰しとして使えます。SETからは州光のコマンド投げ""uf+1+2""と""f+1+4""が使えます。"
stance;1+2 / Katon (KAT);"回避に特化した構えで、""KAT.2""や""KAT.3""などで州光はほとんどの反撃を瞬間移動でかわせます。この構えには主に""1,1""か""2,2""から移行します。 "
command;b+3+4 / Disengage (BT);"州光を背向け状態にする動作です。背向けには""4,2""、後ろ入力付きの""1,2,2""、後ろ入力付きの""SET.1,2""、または""df+3+4""からも移行できます。背向け中は、ほとんどの状況で確反のない中段の牽制として使える""BT.1+2""や、""BT.1+2""を意識させた後に相手の体力を削るもう一つの手段として使える""BT.d+2""など、比較的強い選択肢があります。さらに背向けから、州光は""BT.1+4""、または""[BT.1+3](1+3)""か""[BT.2+4](2+4)""による投げの二択を仕掛けられます。"


#frame_traps
Starter;Trap
1;1,2,4
f,f,F+2;df+1
f+4;SET.2



#knowledge_checks
Command;Description
1;"州光には、反撃を潰すための連携""1,1,2""と""1,1,4""があります。どちらの連携も最後の一発は右横移動で避けられます。州光はこの対策に勝つために""1,1,1""を使えます。右横移動してすぐにガードすれば、前述の派生を避けつつ1,1,1もガードできます。1から""1,2,4""というよくある暴れ潰しも覚えておきましょう。これはカウンター確認が可能です。初心者のうちは、ジャブから""uf+1+2""か""f+1+4""の投げを狙うのが堅実な戦略です。"
u+2;"発生まで約0.5秒かかる、非常に遅いジャンプ下段攻撃です。州光は着地前に下入れっぱなしでこの技をキャンセルできます。州光は""ws+2""や""hFC.1+2""で二択を仕掛けられます。防御側は、跳び蹴り（ジャンステ技）で下段とキャンセルの両方に勝てます。"
d+1+2;"d1+2はヒット時に完全な五分で、州光はしゃがみ状態のままです。防御側は左に横移動すれば""ws+1""と""ws+4""を避けられます。キャラクターによっては""hFC.1+2""や""ws2""も回り込んで避けられます。"
d+1;"州光が相手に対応を強いる非常に強力な技です。防御側がここでws4を使うのは危険で、州光の""ws+2,1""で暴れ潰しされてしまいます。代わりに防御側は何らかの読みをする必要がありますが、行動で反撃したいなら、しゃがみジャブや10フレームで出る他の技を使うのが有効です。""ws+2""と相打ちになるからです。この状況で非常によく使われる""hFC.1+2""のように、州光が13フレームより遅い技を選んだ場合は、手番を取り返せます。"
df+1,2;"この連携の2発目は、相手を惑わせるために大きくディレイをかけられます。防御側は、相手が2発目をディレイさせがちなら10フレームの技で割り込めますが、それを潰す""df+1,2,2""に注意しましょう。14フレームの浮かせ技を持つキャラクターなら、3発目が出るのを待って浮かせる方が良いです。"


#defense_tips
Title;Description
ニュートラルでは左横移動;ニュートラルで左横移動すれば州光の主要な牽制技にも対処でき、df+4のような小さな牽制技はダメージが低く有利フレームもわずかです。
"""SET""と""KAT""には右横移動";"""2,2""や""1,1""の後に横移動すれば、華遁のすべての選択肢を避けられます。追尾する選択肢は、2発目をディレイさせた""KAT.1,2""だけです。""f+4""をガードした後に横移動すればSETの主要な選択肢のほとんどを防げ、""SET.2""などに対しては相手を浮かせるチャンスも生まれます。つまり、州光と距離がある時は右へ横移動・横歩きし、近距離では左へ動くのが狙いです。"
"""SET""に割り込む";割り込むのはとても怖く感じるかもしれませんが、SETに割り込むことで州光にSETへの依存をためらわせることができます。州光の接近にdf+2を置いておくだけでも大きな効果があり、確反のないdf+2を持っているなら特に狙いましょう。


#defense_moves
Command;Description
3,4;この技の1発目と2発目はしゃがめます。あるいは吉光を使っているなら、2発目をフラッシュで取れます。いずれにせよ、1発目をガードした後はしゃがむのが良く、特に州光使いが2発目のヒット確認を苦手としている場合は有効です。
db+2,4,2;この連携の3発目は確反がありませんが、2発目をガードした後に17フレームの技で割り込めます。
1,2,2;"確定反撃として誤って使われると、最後の一発をしゃがめます。ただし、州光使いはしゃがみを潰す""1,2,4""も使えるので注意しましょう。"
SET.1,2,2;この連携の2発目はしゃがめ、3発目は右横移動で避けられます。しゃがむ場合、州光は2発目のタイミングを大きく遅らせてしゃがみのタイミングをずらしてくることがあるので、相手に応じてしゃがみっぱなしにするか素早く入力するかを判断しましょう。
BT.1,4;州光使いはヒートダッシュのためにこの技を使うことがあります。1発目と2発目は上段なのでしゃがめます。





#resources_external
Url;Name
https://youtu.be/uL2cfy23FkU?si=6ct1JxjcJGx6EQQu;RyzingSolのコンボガイド
https://www.youtube.com/watch?v=cxVTSX3ghK4;TekRavengerの決定版動画ガイド
https://youtu.be/7bzQboSDHjU?si=Pa9Ls8IeGUkmbz0q;JDCRのワンジャブ動画
https://www.youtube.com/playlist?list=PLOr4jyX65St5IBAcUfzTnku197jCS0LjG;州光リプレイ集
https://wavu.wiki/t/Kunimitsu;Wavu Wikiの州光ページ

#credits
name;url;role
Koenji;https://x.com/koenjideck;author





#about_author
Section
こんにちは！Koenjiです。また新たなガイドをお届けします！今回は州光です。私を知らない方のために紹介すると、10年ほど断続的に鉄拳を競技的にプレイしており、本格的に始めたのは鉄拳7からです。今作では主にアズセナを2年間使い、シーズン2の終盤に少しだけミアリー・ゾを使っていました。
シーズン3では、州光をメインキャラクターとして使っています。非常に強いキャラクターで（弱いという声に惑わされないでください）、確定反撃に慣れていて、何度も読み合いをするのが好きな人に特に向いています。
このガイドをまとめるのにかなり時間がかかったので、私が込めた分だけ楽しんで読んでいただければ嬉しいです！

#about
Property;Value
GameVersion;3.02.01
LastUpdated;2026-09-07




#matchups_good
Character;Description
Kuma | Panda;"クマとパンダは横移動性能が非常に低いです。州光はこれを利用して、二択を存分に押し付けられます。例えば""f+4""から""SET.2""は、他のキャラクターは横移動で避けられますが、クマとパンダはどちらも避けられません。さらに、体が大きいため、df+1,2,2の後に少し遅らせたqcf+2で追加ダメージを与えられます。"
Azucena;"州光は、アズセナの上段をすかす主力牽制技db+4を浮かせられます。確定反撃に失敗した1,2も浮かせて反撃できます。さらに、州光の跳び蹴りはアズセナのf+4,4の上段を避けるので、""uf+3""でアズセナのf+4の派生すべてに安定行動を取れます。"
Victor;"ヴィクターには、uf+1,1やf,f,f+1+2など、ガード時-14の主要技がいくつかあります。さらに、他のキャラクターでは通常の移動で対処できない一部の居合（IAI）の構えから、""ub+3""で逃れられます。"




#matchups_bad
Character;Description
Alisa;"通常、背向けに移行した時の有利フレームはほとんどのキャラ対策で重要ではありませんが、アリサ相手ではこの数値が極めて重要です。+5（""1,1,2""、ヒット時の""hFC.1+2""、ガード時の""h.u+1+2""）では、アリサは州光の背向けの選択肢をほぼすべて横歩きで避けられます。+6（ヒット時の""4,2""）ではBT.1,4が再び横移動できなくなり、+8（背向け移行の""SET.1,2""）では""BT.1+2""を再び中段の牽制として使えます。アリサの動きをきちんと止められないと、アリサが州光の背後まで歩いて回り込み、背中への確定反撃を受けます。""BT.4""でアリサの動きをきちんと止め、この状況自体を避けましょう。"
Lili | Zafina;"アリサ戦と同様に、リリとザフィーナも州光の背向けの選択肢を横移動で避けられます。ただしアリサと違い、リリとザフィーナは+6でも""BT.1,4""を避けられます。"
Kazuya;"最悪のキャラ対策ではありませんが、一八の最速風神拳（EWGF）は州光を寄せ付けないのに非常に優れています。タイミングの良い最速風神拳は、""SET.3""以外のすべてのSETの選択肢を止められます。このキャラ対策では、SETの使い方に非常に気を配る必要があります。主に""hFC.1+2""と""db+4""で牽制し、""d+1+2""や""BT.d2""などで牽制する時は注意しましょう。"
