;Guía de Kunimitsu


#introduction
Section
"Kunimitsu es la primera incorporación de la Temporada 3 y continúa una nueva era de kunoichi, sucediendo a su madre. Es un personaje rápido, orientado al poke, que puede atacar a cualquier distancia y desde cualquier lugar. Puede usar ""[Setsunagake (SET/f+3)](f+3)"" para lanzarse hacia su oponente y empezar la ofensiva a corta distancia. Contra oponentes ansiosos por responder, ""[Katon (KAT/1+2)](1+2)"" es un stance cargado de mixups que puede usar después de pokes clave como ""1,1"" o ""2,2"" para quitarse de en medio de los ataques entrantes y elevarse por el aire, con movimientos como ""[Veil of Night (KAT.2)](KAT.2)"" o ""[Leaping Moon Blade (KAT.3,2)](KAT.3,2)"" para sorprender a sus oponentes. Con su fiel kunai, Kunimitsu puede alcanzar a sus oponentes desde el otro lado de la pantalla con su ""[Savage Kunai Throw (qcf+1)](qcf+1)"", o a objetivos en el aire con ""[Cloud Scorching Blossoms (u+1/uf+1)](uf+1)"". La misión de Kunimitsu en una pelea es mantener siempre a su oponente adivinando cuál será su próxima acción, desplegando su movimiento rápido, sus mixups fuertes y sus 50/50 engañosos para tener siempre la ventaja."
Para principiantes, Kunimitsu puede ser un gran personaje de entrada para aprender el juego: te da una idea completa de lo que Tekken 8 ofrece, con un set de herramientas que aprenderás a apreciar a medida que mejores. Para jugadores experimentados, Kunimitsu ofrece varias oportunidades de expresión técnica, con su capacidad de castigar fuerte hasta los errores más pequeños del oponente, sin importar el espaciado ni si está de pie o agachada, y de desplegar mixups y setups polarizantes que realmente se meten en la cabeza de tu oponente.
"No tiene muchas fallas en su kit y en general es muy completa; sin embargo, Kunimitsu puede sufrir un poco porque tiene que jugar muchas interacciones, y fallar sus castigos técnicos puede costarte caro, dado el riesgo que implican. Pero si eres constante en tu entrenamiento y te interesa su versión de un Tekken rápido y tramposo, Kunimitsu es el personaje para ti."

#strengths
Strength
"""Polarising Full Crouch and Backturn Mix:"" (mixup polarizante desde agachado y de espaldas) El plan de juego central de Kunimitsu es hacer mixups al oponente. Herramientas como ""d+1"" y ""hFC.1+2"" ponen a Kunimitsu en situaciones donde obliga al oponente a jugar su juego."
"""Strong Movement:"" (movimiento fuerte) Equipada con un buen backdash y herramientas como ""[SET](f+3)"" para cerrar distancia rápidamente, Kunimitsu se mueve por el escenario sin esfuerzo y se crea muchas oportunidades en la partida."
"""Gifted Punishment:"" (castigo excepcional) Kunimitsu puede castigar fuerte los errores esté de pie o agachada, desde el difícil castigo de 10F ""f,f+4,2"", que hace wall splat, hasta ""f,d,df+2"", que se puede bufferear para tener un launcher de 14F."



#weaknesses
Weakness
"""Struggles to prevent movement:"" (le cuesta frenar el movimiento) Kunimitsu tiene opciones limitadas contra oponentes que se mueven activamente, porque sus opciones de corta distancia tienen tracking hacia la derecha y las de larga distancia hacia la izquierda. Las acciones que usa para evitarlo son débiles (""df+4""), tienen riesgo (""3,4"") o son lentas (""qcf+1+2"")."
"""Compulsive Gambler:"" (apostadora compulsiva) Kunimitsu tiene que ganar constantemente múltiples interacciones en neutral, lo que puede dar oportunidades al oponente para hacerle counter hit o imponer su propia agresión."



#heat_system
Mechanic
"El Heat de Kunimitsu mejora su capacidad de forzar mixups de espaldas con ""H.u+1+2"". Kunimitsu también obtiene un bajo extremadamente evasivo desde el stance KAT con ""H.KAT.d+1+2"". Además, gana acceso a un nuevo launcher seguro con ""H.db+1+2""."
"Kunimitsu también puede hacer su Heat Smash ""[Flame Riot: Lunar Mirror](H.2+3)"", un Heat Smash muy poderoso de 14F que hace wall splat y rompe al instante las paredes destructibles."


#key_moves
Command;Description
1 (Jab with extensions);"El jab de Kunimitsu es muy fuerte gracias a su gran variedad de extensiones y puede servir como punto de partida para un plan. Si tu objetivo es hacer mixups o presionar a tu oponente, ""1,1"" permite justo eso: un string alto-medio seguro, con ventaja al golpear, que puede pasar a su stance Katon y le permite pokear en neutral. Cualquier intento de respuesta del oponente se puede silenciar con ""1,1,2"", un follow-up seguro que da un combo pequeño en counter hit. Si quieres hacer frame trap o faltarle el respeto a tu oponente, ""1,2,4"" es un string estilo G-clef que está garantizado en counter hit, alejando al oponente o haciendo wall splat cerca de una pared. Como plan inicial, sobre todo para principiantes, combinar estos objetivos te ayuda a imponerte en la partida. Cuando domines el jab de Kunimitsu, podrás controlar el ritmo de la partida mientras desmontas los intentos ofensivos de tu oponente."
df+1;"El infame mid check de Kunimitsu tiene una extensión de string con ""df+1,2,2"". Este movimiento tiene múltiples usos: como poke general, como herramienta para buscar counter hits o para hacer frame trap a un oponente ansioso que muerde su ofensiva con delay. Con un counter hit exitoso de ""df+1,2"" puedes hacer df+1,2,2 completo, que puede hacer wall splat. Si no hace wall splat y el oponente está cerca de la pared, ""qcf+2"" está garantizado después del tercer golpe. En Tekken 7, el string de df+1 se podía retrasar muchísimo, lo que le dio su fama. En Tekken 8 se eliminó el delay del segundo golpe, pero con suficiente práctica todavía se puede confirmar la extensión de df+1 desde el primer golpe."
hFC.1+2;"El bajo clave de Kunimitsu, que cumple su plan de juego central y es posiblemente uno de los mejores bajos del juego. Al golpear, Kunimitsu queda de espaldas (BT) con +5, obligando al oponente a adivinar. ""BT.1+2"" es una gran opción inicial después de conectar un hFC+1+2, y ""BT.d+2"" sirve para desgastar la vida del oponente si se confía. Los Power Crush y las Rage Art pueden ser efectivos contra BT.1+2, pero Kunimitsu tiene ""BT.1,4"", que se puede usar en esta situación para ganarles a esas opciones. Al bloqueo, hFC.1+2 deja a Kunimitsu en apenas -12, lo que lo hace aún más estresante para oponentes que no tienen un castigo fuerte de i10 o i11 ni un castigo dedicado de i12."
d+1+2;"Un ataque bajo giratorio que pasa por debajo de los altos y cumple su función de poke. Como corta el pie del oponente con su cuchillo, este poderoso poke no se le puede hacer low parry. Al golpear, deja a Kunimitsu agachada con 0F de ventaja, una situación incómoda donde tu oponente tiene opciones de movimiento contra algunas de tus herramientas de seguimiento más rápidas, como ""ws4"" o ""ws1"". En counter hit, Kunimitsu obtiene unos generosos 15 frames de ventaja, lo que le permite hacer mixup con opciones como ""hFC.1+2"" para seguir con su ofensiva, o hacer check con medios como ""ws2"" o ""ws3"" según tu criterio. Este bajo es central en el plan de juego de Kunimitsu; solo ten cuidado al usarlo contra personajes con launchers de i14 desde agachado."
SET.1+2;Un combo de dos giros cortantes que es Heat Engager y es extremadamente difícil de hacerle sidestep en neutral. SET.1+2 también es un launcher para Heat Dash si conecta con Heat. Al bloqueo, SET.1+2 no solo es seguro, sino que también da un empuje decente, lo que te permite crear espacio contra algunas opciones con un solo backdash.
SET.2;"Un corte rápido y seguro al pecho que hace launch en counter hit. Funciona mejor combinado con ""f+4"" o ""BT.4"" como frame trap de cabecera contra oponentes a los que les gusta frenar SET con un jab. En golpe normal, SET.2 le da a Kunimitsu 8F de ventaja, lo que hace que opciones como ""df+1"" o ""d+1"" sean frame traps muy fuertes. El alcance de SET.2 aumenta según el tiempo que pases en SET."
d+1;"Otro movimiento clave de Kunimitsu. Kunimitsu golpea hacia abajo al oponente y pone a ambos en estado agachado, sea bloqueado o no. Al golpear, el oponente se ve obligado a lidiar con opciones como ""hFC.1+2"" y ""ws2,1"", porque la ventaja es alta (+6). Al bloqueo, Kunimitsu sigue con ventaja (+3), lo que lo convierte en un movimiento clave para imponer un plan agresivo. Además, ""ws+2,1"" está garantizado en counter hit. Algunos consejos avanzados: si se hace d+1 de inmediato cuando Kunimitsu tiene 8F de ventaja en una situación dada, d+1 no se puede esquivar con sidestep. Además, si d+1 hace trade con movimientos que dejan a Kunimitsu con una recuperación mínima, Kunimitsu puede usar ""df+2"" para lanzar al oponente."
BT.1+2;"Un corte giratorio con cuchillo desde de espaldas que es seguro al bloqueo. Si tu plan de juego gira en torno a la seguridad, este movimiento debería ser tu opción de primera capa. Al bloqueo, Kunimitsu se recupera con una ligera desventaja (-2), pero a una buena distancia del oponente, lo que te deja hacer backdash y castigar whiffs; al golpear SET.1+2 queda en +7, así que puedes acostumbrarte a usar ""df+1"" después, ya que atrapa los intentos de respuesta del oponente y les gana a las Rage Art y los Power Crush."
f+4;"Un rodillazo sólido y seguro que puede pasar a SET manteniendo adelante. f+4 es una opción clave si buscas un plan de juego más agresivo en torno a SET, ya que tienes opciones como f+4 a ""SET.2"", que contrarresta los intentos de jab, o ""SET.1+2"", que frena los intentos de movimiento. Además, SET.1+2 está garantizado después de f+4 en counter hit. "
ws2;"Un movimiento en el que Kunimitsu corta en horizontal. Por sí solo, ws+2 es un poke fuerte, seguro y difícil de esquivar con sidestep. La magia del movimiento está en su follow-up, ""ws+2,1"", un follow-up Heat Engager que se puede retrasar (delay) y que, con suficiente práctica, se puede confirmar en counter hit según la situación. ws+2 funciona especialmente bien después de ""d+1"" si a tu oponente le gusta responder con un movimiento de 11F, como un ws4, o más lento. A la hora de confirmar counter hits con ws+2,1, d+1 a ws+2 es la situación más importante que debes aprender, porque le sacarás mucho provecho. Con Heat disponible, ws+2,1 se puede usar de forma extremadamente agresiva, convirtiendo su desventaja al bloqueo en una situación para seguir presionando tras un Heat Dash, inclinando mucho la balanza de riesgo-recompensa. Si el Heat ya se activó o se gastó, ws+2,1 manda al oponente a tu izquierda, lo que te permite hacer wall splat en ángulo."
f,f+4,2;"¡La opción especialista de castigo i10 de Kunimitsu, no apta para cardíacos! Al bloqueo, estés de pie o agachado, f,f+4,2 sirve para castigar errores pequeños. Para castigar perfectamente a i10, tienes que bufferear bien el f,f antes de presionar 4. Tiene que ser perfecto; si no, puedes llegar un frame tarde. ¡La práctica hace al maestro!"
SET.1 (with extensions);"La opción más rápida de Kunimitsu desde SET. ""SET.1,2"" se puede confirmar al golpear si SET.1 conecta en una situación de +8. Si el segundo golpe de SET.1,2 conecta, ""SET.1,2,2"" está garantizado. Al bloqueo, SET.1 queda en apenas -1, lo que te da oportunidades de moverte o meter un jab si el oponente decide usar un movimiento más lento."
H.u+1+2;"El mejor movimiento de Heat de Kunimitsu para presionar. Una ráfaga de cuchillazos que hace wall splat al golpear y fuerza un mixup de espaldas al bloqueo, dándole la ventaja a Kunimitsu. Vale la pena saber que, aunque la situación al bloqueo tiene los mismos frames que ""1,1,2"",b al golpear o ""hFC.1+2"" en +5, tu oponente queda más lejos al bloqueo, lo que potencialmente le da más opciones defensivas."
b+1+2;"Un medio seguro, relativamente rápido y explosivo que hace bastante daño. Es súper útil después de conectar un Heat Engager; un b+1+2 bien buffereado desde un Heat Engager impide que tu oponente haga sidestep, use Rage Art o un Power Crush."
b+1;"Igual que los puños giratorios de Yoshimitsu, Kunimitsu puede girar un total de cinco veces antes de marearse. Hacer ""b+1,1"" o más giros deja a Kunimitsu en +5 al bloqueo. La recuperación de los giros es casi inmediata, lo que es extremadamente efectivo, por ejemplo, contra oponentes a los que les gusta usar Power Crush altos."
db+4;El poke bajo de menor riesgo de Kunimitsu. Se puede usar de forma confiable para desgastar a tu oponente con chip o al final de las rondas. Queda en apenas -12, lo que lo hace un gran poke contra personajes como Kazuya sin preocuparte por recibir un launcher. Al golpear queda neutral, lo que te da una oportunidad perfecta para hacer sidestep, backdash o actuar.
WR.2;"La opción de cabecera de Kunimitsu para imponer ventaja de frames de forma agresiva. Si tu plan de juego gira en torno a la agresión, este es tu movimiento de cabecera, sobre todo combinado con ""df+1"" para hacer frame trap a tu oponente o ""df+4"" para cortar sus intentos de movimiento."
KAT.2;"Un corte de cuchillo por arriba con teletransporte que tiene ventaja al bloqueo. En counter hit, el movimiento voltea al oponente en el aire para un daño enorme; frenar este movimiento es difícil después de pasar a KAT desde ""1,1"" o ""2,2"", ya que evita de forma confiable los jabs y algunos mid checks."
KAT.3;"Una patada en picada con teletransporte que tiene una extensión a launcher, similar a ""KAT.2""; puedes usarla después de ""1,1"" o ""2,2"" para evitar jabs y algunos medios. Lo ideal es usar ""KAT.3,2"" cuando confirmes visualmente que el oponente hizo whiff. KAT.3 también sirve como combo ender óptimo a mitad de pantalla. Lograr la distancia correcta puede ser complicado, pero si consigues espaciar KAT.3 para que conecte con un oponente en el aire con +2 frames de ventaja o más, puedes hacer ""qcf+2"" para daño adicional. Aquí tienes un ""[video example](https://youtu.be/sp6UOCVVrr4)"" de cómo espaciar la patada."
qcf+1+2;"Una de las opciones homing clave de Kunimitsu para evitar que los jugadores le hagan sidestep. Es segura al bloqueo y también útil en rutas de combo específicas donde normalmente no alcanzaría. Si a tu oponente le gusta caminar sin rumbo después de las situaciones de poke, puedes usar qcf+1+2 para disuadirlo. Si el ataque no hace wall splat, puedes seguir con ""qcf+2""."
uf+3;"Un hopkick de largo alcance en el que Kunimitsu salta por el aire. Aunque es más fácil de castigar al bloqueo que ""df+2"", en general es mejor usar uf+3, ya que puede saltar por encima de los bajos. Es extremadamente poderoso para castigar whiffs a larga distancia, ¡así que aprende a usarlo!"
b+2;Un Power Crush reciclado de Tekken 7 que ahora es un launcher seguro en counter hit, con buen tracking contra oponentes que caminan a la izquierda. Como b+2 es una de las opciones más lentas del kit de Kunimitsu, es muy bueno contra oponentes a los que les gusta retrasar sus opciones.
3;"Un alto homing relativamente rápido que tiene el follow-up ""3,4"". Este movimiento es especialmente bueno contra oponentes que intentan caminar a la izquierda contra Kunimitsu. Con práctica también se puede confirmar el follow-up contra oponentes que caminan. 3 se puede usar de forma similar a ""qcf+1+2"", ya que el objetivo es evitar que tu oponente haga sidestep, pero deberías usar 3 si quieres una opción más rápida en una situación dada y confías en tu capacidad de confirmar el follow-up al golpear. Como técnica avanzada: si Kunimitsu tiene una pared a su izquierda y está paralela a ella, 3,4 se puede usar como launcher, ya que permite levantar al oponente con ""f,d,df+2"". Aquí tienes un ""[video example](https://youtu.be/w0HAx0JY24M)"" del levantamiento."
KAT.1,2;"Un string seguro, rápido, que se puede retrasar y confirmar al golpear, con un Heat Engager. KAT.1,2 es una gran opción a considerar después de ""2,2"" o ""1,1"", sobre todo si a tu oponente le gusta presionar botones después de recibir un golpe. Tu oponente puede evitar el primer golpe si hace sidestep hacia su derecha; hacer el segundo golpe de inmediato también fallará, pero si retrasas un poco el segundo golpe, se realineará y golpeará a tu oponente. El segundo golpe también se puede cancelar manteniendo abajo."
H.KAT.d+1+2;Un movimiento de Heat súper evasivo que puede hacer wall splat a ciertas distancias. Es extremadamente difícil de frenar con un jab o un medio.
f+1+2;Un Heat Engager de un solo golpe con cuchillos cruzados que es seguro al bloqueo. Tiene tracking total contra oponentes que intentan hacer sidestep a la derecha. Para combos con Heat Dash, este debería ser tu botón de cabecera, ya que es la única opción que hace deslizarse al personaje al golpear en el aire.
db+2,4;"Un string de poke seguro que empieza con un corte de cuchillo. Es una buena secuencia de mid check para usar al final de la ronda. ""db+2"" por sí solo funciona, y deja a Kuni agachada para hacer mixup con herramientas como ""ws2"" o ""hFC.1+2""."
SS.2;"Un mid check con cuchillo desde un sidestep que la deja de espaldas. A diferencia de las otras transiciones de Kunimitsu a su mixup de espaldas, aquí Kunimitsu queda en desventaja. Para quienes juegan a Kunimitsu con algo más de cautela, el objetivo es conseguir el counter hit de SS.2, que garantiza ""BT.1,4""."
f,d,df+2;"El segundo castigo especialista de Kunimitsu, esta vez para movimientos que quedan en -14 al bloqueo. Igual que ""qcf+2"" y ""f,f+4"", f,d,df+2 se puede bufferear para castigar con más facilidad los movimientos de tu oponente. "
2,2;"Un doble tajo de cuchillo que la mayoría del elenco no puede hacerle parry. 2,2 puede pasar a Katon con ""2,2,1+2"" al golpear o al bloqueo. Al golpear, conviene usar opciones como ""KAT.1,2"" para continuar la presión; al bloqueo, en cambio, es mejor usar opciones como ""KAT.2"" o ""KAT.3"" si el oponente intenta responder. Si a tu oponente le gusta recuperar su turno después de bloquear ""2,2"", ""2,2,2,2"" sirve para impedirlo. Usa esta extensión con moderación y solo para condicionar a tu oponente, ya que el tercer y cuarto golpe de la extensión son altos. Si puedes castigar a alguien de espaldas, podrás hacer ""2,2,2,2,2"" completo."
SS.4;"Un movimiento estilo snake edge desde un sidestep. Es muy arriesgado, ya que se castiga fuerte si lo bloquean. Además, tiene propiedad de clean hit; debes intentar conseguir el clean hit siempre para obtener el máximo beneficio. Como requiere estar muy cerca, lo mejor es usarlo cuando el enemigo está de espaldas a la pared. Si hay clean hit, el oponente queda derribado y ""qcf+2"" está garantizado."
3+4;"Un movimiento de salto de un solo golpe con propiedades de Strong Aerial Tailspin (SAT). No debería usarse en neutral, ya que Kunimitsu tiene mejores herramientas; sin embargo, merece una mención especial por su capacidad de hacer mixup al oponente cuando se levanta. Si Kunimitsu hace 3+4 a un oponente en el aire, entra con dash y luego hace f+3 contra un oponente que hace tech roll, Kunimitsu puede pasar al otro lado del oponente con la cámara quieta y hacer al instante ""BT.f+1+2""; así puede conectar un launcher contra oponentes desprevenidos."
f+2,3;"Un string infravalorado fuera de su uso como castigo de 13F. ""f+2"" por sí solo es un poke de largo alcance que se puede usar como alternativa a ""df+1"" o ""df+4"" para frenar a un oponente que avanza. f+2,3 también se puede usar como herramienta de confirmación en counter hit cuando estás cerca de la pared buscando un wall splat. Además, si derribas a tu oponente y decide rodar hacia su derecha, entrar con dash y hacer ""f+3"" crea una situación de mixup parecida a la que tendrías después de ""3+4"", aunque es más difícil de ejecutar."
ub+3;El movimiento de escapista que lanza a Kunimitsu hacia la izquierda. Es muy útil en matchups específicos, sobre todo contra opciones de stance que tu oponente use con timing inmediato. No seas demasiado predecible con tus escapes, porque te pueden lanzar.

#panic_moves
Command;Description
KAT.2 | KAT.3,2 | h.KAT.d+1+2;Una colección de movimientos evasivos desde el stance Katon que permiten a Kunimitsu evadir jabs e incluso algunos mid checks.
d+3+4;El Power Crush de Kunimitsu empuja muy lejos al oponente si absorbe un golpe o es bloqueado.
1,2,4;Un string que se puede confirmar en counter hit. Bueno como herramienta rápida para quitarte al rival de encima.
hFC.1 (db+1);Tu jab agachado, que te deja directamente en tu mixup desde agachado.
ub+3;Un movimiento con el que Kunimitsu salta para ponerse a salvo.

#punishers_standing
Startup;Command;Description
i10;1,2,2;Puedes mantener atrás para pasar a de espaldas.
i10;f,f+4,2;Castigo exigente de ejecución. Hace wall splat. Difícil de bufferear.
i12;4,2;Pasa a de espaldas.
i13;f+2,3;Hace wall splat y derriba al rival en ángulo.
i13;qcf+2;Castigo exigente de ejecución, castigo de largo alcance para movimientos como el ff+2 de los osos.
i14;f,d,df+2;Launcher exigente de ejecución. Se puede bufferear.
i15;uf+3
i15;qcf+1;Para el Deathfist de Paul (qcf+2).

#punishers_crouching
Startup;Command;Description
i10;f,f+4,2;Castigo exigente de ejecución. Hace wall splat.
i11;ws4
i12;ws1,1
i13;ws2,1;Heat Engager. Hace wall splat. Derriba en ángulo cuando el Heat está gastado.
i14;f,d,df+2;Launcher exigente de ejecución. Se puede bufferear.
i15;ws3


#punishers_whiff
Command;Description
qcf+2;Opción rápida de medio para castigar whiffs.
uf+3;El launcher medio más rápido. Una opción sólida para castigar movimientos con una recuperación larga tras el whiff.
f,f+4,2;Llega lejos y es muy rápido, pero conlleva mucho riesgo si se hace mal.


#combos_normal
Starter;Combo
df+2 | KAT.3,2 | ws3 | CH f,f+2 | CH df+(1),3 | CH KAT.2;uf+3 > f+3+4 > BT.4f > SET.1,2,1 > 3+4 > qcf+1
uf+3;df+4 > f+3+4 > BT.4f > SET.1,2,1 > 3+4 > qcf+1
db+2,4,2 | CH u+2 | CH SET.3;ws4 > f+3+4 > BT.4f > SET.1,2,1 > 3+4 > qcf+1
BT.1+2 | CH MUS.2 | CH (3),4;KAT.4,2 > f+3+4 > BT.4f > SET.1,2,1 > 3+4 > qcf+1
CH b+2;ws2,1 > f+3+4 > BT.4f > SET.1,2,1 > 3+4 > qcf+1
CH SET.2 | H.db+1+2;KAT.4,2 > f+3+4 > BT.4f > SET.1 > qcf+1
SET.1+2 (Into HD) | f+1+2 (Into HD);3+4 > df+4 > f+3+4 > BT.4f > SET.1,2,1 > 3+4 > qcf+1




#combos_beginner
Starter;Combo
df+2 | uf+3  | KAT.3,2 | ws3 | CH f,f+2 | CH df+(1),3 | CH KAT.2 | CH b+2 | BT.1+2 | SET.1+2 (Into HD) | f+1+2 (Into HD);f+3+4 > BT.4f > SET.1,2,1 > 3+4 > qcf+1
CH SET.2 | H.db+1+2;f+3+4 > BT.4 > f+4 > SET.1,2,1






#combos_ender
Type;Combo
wall_break;qcf+1+2
floor_break;f,f+4,2
carry;f+3+4


#combos_wall
Type;Combo
normal;1 > df+1 > d+2,1,2,1+2
normal;b+1,1 > df+1,2,2
tornado;df+1,3 > 1 > d+2,1,2,1+2
tornado;b+4,3 > 1 > d+2,1,2,1+2


#combos_small
Starter;Combo
uf+2 | MUS.2 | BT.4 | 3,4 | (1,1),4 | KAT.2 | SET.4,3 | SET.1,2,4 | ub+2 (At wall);qcf+2
uf+4 | SET.1,2,3;f,f+2
CH d+1;ws2,1
CH f+4;SET.1+2
CH SS.2;BT.1,4
CH b+(4),3 | (1,1),2 | SET.(1,2),2;qcf+1
ws2,1 (Into HD) | BT.1,4 (Into HD) | KAT.1,2 (Into HD);qcf+1+2




#stances
Type;Command / Name;Description
stance;f+3 / Setsunagake (SET);"Un stance que lanza a Kunimitsu hacia adelante y le permite cerrar rápidamente la distancia con su oponente. Combinado con ""f+4"", ""BT.4"", ""SET.2"" se puede usar como frame trap contra oponentes que intentan responder con un jab. Desde SET tienes acceso a los agarres de comando ""uf+1+2"" y ""f+1+4"" de Kunimitsu."
stance;1+2 / Katon (KAT);"Un stance centrado en la evasión, con opciones como ""KAT.2"" y ""KAT.3"" que permiten a Kunimitsu teletransportarse fuera del alcance de la mayoría de los intentos de respuesta. A este stance se accede principalmente con ""1,1"" o ""2,2"". "
command;b+3+4 / Disengage (BT);"Una acción que pone a Kunimitsu de espaldas. También se puede entrar de espaldas desde ""4,2"", ""1,2,2"" con atrás, ""SET.1,2"" con atrás o ""df+3+4"". De espaldas tiene opciones relativamente fuertes como ""BT.1+2"", que sirve como mid check seguro en la mayoría de las situaciones, o ""BT.d+2"", que, una vez establecido ""BT.1+2"", sirve como otra herramienta para desgastar la barra de vida de tu oponente. Además, de espaldas, Kunimitsu tiene un mixup de agarres de 2 opciones con ""BT.1+4"" o ""[BT.1+3](1+3)"" o  ""[BT.2+4](2+4)""."


#frame_traps
Starter;Trap
1;1,2,4
f,f,F+2;df+1
f+4;SET.2



#knowledge_checks
Command;Description
1;"Kunimitsu tiene ""1,1,2"" y ""1,1,4"", strings diseñados para ganarles a los intentos de respuesta. El último golpe de ambos strings se puede esquivar con sidestep a la derecha. Kunimitsu puede usar ""1,1,1"" para ganarle a esa respuesta; hacer sidestep a la derecha y bloquear de inmediato te permite esquivar los follow-ups mencionados y bloquear 1,1,1. También conviene conocer 1 a ""1,2,4"", un frame trap común que se puede confirmar en counter hit. Jab seguido de ""uf+1+2"" o ""f+1+4"" es una estrategia sólida para jugadores nuevos."
u+2;"Un ataque bajo con salto muy lento que tarda alrededor de medio segundo en salir. Kunimitsu puede cancelarlo manteniendo abajo antes de tocar el suelo. Kunimitsu puede hacer mixup con ""ws+2"" o ""hFC.1+2"". Como defensor, puedes usar un hopkick para ganarle al bajo y a la opción de cancelación."
d+1+2;"d1+2 queda perfectamente neutral al golpear y deja a Kunimitsu agachada. Como defensor, hacer sidestep a tu izquierda te permite evitar ""ws+1"" y ""ws+4"". Según el personaje, incluso podrías rodear ""hFC.1+2"" y ""ws2""."
d+1;"Este movimiento es una herramienta muy poderosa de Kunimitsu para obligarte a interactuar. Como defensor, usar ws4 aquí es arriesgado, porque el ""ws+2,1"" de Kunimitsu te hará frame trap. En su lugar, como defensor tendrás que adivinar algo aquí, pero si quieres responder con una acción, conviene hacer un jab agachado o cualquier otro movimiento que salga en 10 frames, ya que hará trade con ""ws+2"". Si Kunimitsu elige un movimiento más lento que i13, como ""hFC.1+2"", que es muy común en esta situación, recuperarás tu turno."
df+1,2;"El segundo golpe de este string se puede retrasar mucho para confundir al oponente. Como defensor, si a tu oponente le gusta retrasar el segundo golpe, puedes interrumpirlo con un i10, pero cuidado con ""df+1,2,2"", que te castigará. Si tu personaje tiene un launcher de 14F, es mejor esperar a que salga el tercer golpe para lanzarlo."


#defense_tips
Title;Description
Sidestep a la izquierda en neutral;"Hacer sidestep a la izquierda en neutral también te permite lidiar con sus pokes clave; los pokes más pequeños como df+4 hacen poco daño y dan una ventaja de frames mínima."
"Sidestep a la derecha contra ""SET"" y ""KAT""";"Hacer sidestep después de ""2,2"" y ""1,1"" evita todas las opciones de KAT. La única opción con tracking es ""KAT.1,2"" si retrasa el segundo golpe. Hacer sidestep después de bloquear ""f+4"" te protege contra la mayoría de las opciones clave de SET, y contra opciones como ""SET.2"" te da oportunidades de lanzar a tu oponente. Así que, a distancia contra Kunimitsu, deberías buscar hacer sidestep y caminar a tu derecha. Y de cerca, conviene moverte a tu izquierda."
"Desafía a ""SET""";Aunque desafiarlo puede dar mucho miedo, puedes disuadir de verdad a Kunimitsu de depender de SET si lo desafías. Sacar un df+2 contra su acercamiento ayuda muchísimo, y conviene intentarlo sobre todo si tienes un df+2 seguro.


#defense_moves
Command;Description
3,4;El primer y el segundo golpe de este movimiento se pueden agachar. Alternativamente, si juegas con Yoshimitsu, puedes hacer Flash al segundo golpe. En cualquier caso, deberías agacharte después de bloquear el primer golpe, sobre todo si al jugador de Kunimitsu le cuesta confirmar el segundo golpe.
db+2,4,2;El tercer golpe de este string es seguro, pero se puede interrumpir con un movimiento de i17 después de bloquear el segundo golpe.
1,2,2;"Si se usa mal como castigo, el último golpe se puede agachar. Ten cuidado, porque el jugador de Kunimitsu también puede usar ""1,2,4"", que golpea a quien intenta agacharse."
SET.1,2,2;"El segundo golpe de este string se puede agachar, y el tercero se puede esquivar con sidestep a la derecha. Si decides agacharte, Kunimitsu puede retrasar mucho el segundo golpe para desajustar tu timing; elige mantener agachado o tocarlo rápido según lo que creas mejor contra tu oponente."
BT.1,4;Los jugadores de Kunimitsu pueden usar este movimiento para hacer un Heat Dash. El primer y el segundo golpe son altos y se pueden agachar.





#resources_external
Url;Name
https://youtu.be/uL2cfy23FkU?si=6ct1JxjcJGx6EQQu;Guía de combos de RyzingSol
https://www.youtube.com/watch?v=cxVTSX3ghK4;Guía definitiva en video de TekRavenger
https://youtu.be/7bzQboSDHjU?si=Pa9Ls8IeGUkmbz0q;Video One Jab de JDCR
https://www.youtube.com/playlist?list=PLOr4jyX65St5IBAcUfzTnku197jCS0LjG;Archivo de repeticiones de Kunimitsu
https://wavu.wiki/t/Kunimitsu;Página de Kunimitsu en Wavu Wiki

#credits
name;url;role
Koenji;https://x.com/koenjideck;author





#about_author
Section
¡Hola! ¡Soy Koenji, con otra guía! Esta vez, de Kunimitsu. Para quienes no me conocen, llevo una década jugando Tekken competitivo de forma intermitente, y empecé en serio en Tekken 7. En este juego jugué principalmente con Azucena durante dos años antes de jugar brevemente con Miary al final de la Temporada 2.
En la Temporada 3, Kunimitsu ha sido mi main. Es un personaje muy fuerte (no dejes que te digan lo contrario), y es especialmente buena para quienes se sienten cómodos castigando y disfrutan jugando múltiples interacciones.
Armar esta guía me llevó un buen tiempo, así que espero que la disfrutes tanto como yo disfruté haciéndola.

#about
Property;Value
GameVersion;3.02.01
LastUpdated;2026-09-07




#matchups_good
Character;Description
Kuma | Panda;"Kuma y Panda tienen un movimiento lateral muy débil. Kunimitsu puede aprovecharlo para abusar de sus mixups contra ellos. ""f+4"" a ""SET.2"", por ejemplo, no lo puede esquivar con sidestep ninguno de los dos osos, mientras que todos los demás sí. Además, Kunimitsu puede sacar daño extra después de df+1,2,2 con un qcf+2 ligeramente retrasado, gracias a su cuerpo más grande."
Azucena;"Kunimitsu puede lanzar el db+4 de Azucena, un poke clave que hace crush a los altos. También puede castigar con launcher el 1,2 cuando el castigo de Azucena falla. Además, Kunimitsu puede hacer option select contra todas las extensiones de f+4 de Azucena con ""uf+3"", ya que su hopkick evita el alto de f+4,4 de Azucena."
Victor;"Victor tiene varios movimientos clave que quedan en -14 al bloqueo, como uf+1,1 y f,f,f+1+2. Además, podemos usar ""ub+3"" para escapar de algunos stances IAI contra los que otros personajes no pueden usar opciones normales de movimiento."




#matchups_bad
Character;Description
Alisa;"Normalmente, la ventaja de frames con la que entras de espaldas no importa en la mayoría de los matchups; contra Alisa, sin embargo, estos números son extremadamente importantes. Con +5 (""1,1,2"", ""hFC.1+2"" al golpear o ""h.u+1+2"" al bloqueo), Alisa puede evitar caminando casi todas las opciones de espaldas de Kunimitsu. Con +6 (""4,2"" al golpear), BT.1,4 vuelve a no poder esquivarse con sidestep, y con +8 (""SET.1,2"" a de espaldas), ""BT.1+2"" se puede volver a usar como mid check. Si no frenas bien a Alisa, puede caminar hasta la espalda de Kunimitsu y castigarla de espaldas. Debemos evitar esta situación por completo disputando bien su movimiento con ""BT.4""."
Lili | Zafina;"Igual que en el matchup contra Alisa, tanto Lili como Zafina pueden esquivar las opciones de espaldas de Kunimitsu; sin embargo, a diferencia de Alisa, Lili y Zafina pueden esquivar ""BT.1,4"" incluso con +6."
Kazuya;"Aunque no es el peor matchup, el EWGF de Kazuya es muy bueno para mantener a raya a Kunimitsu; un EWGF bien sincronizado puede frenar todas las opciones de SET excepto ""SET.3"". En este matchup tienes que ser muy consciente de cómo usas SET. Pokea principalmente con ""hFC.1+2"" y ""db+4"", y ten cuidado al pokear con opciones como ""d+1+2"" o ""BT.d2""."
