;Kunimitsu Rehberi


#introduction
Section
"Kunimitsu, Season 3'ün ilk yeni karakteridir; annesinin yerini alarak Kunoichi'liğin yeni dönemini sürdürür. Her mesafeden, her yerden saldırabilen hızlı, poke odaklı bir karakterdir. Yakın mesafe ofansına başlamak için rakibine doğru atılmak üzere ""[Setsunagake (SET/f+3)](f+3)"" kullanabilir. Karşılık vermeye hevesli rakiplere karşı ""[Katon (KAT/1+2)](1+2)"", ""1,1"" veya ""2,2"" gibi temel poke'lardan sonra kullanabileceği, mixup ağırlıklı bir stance'tir; onu gelen saldırıların yolundan çekip havaya kaldırır ve rakiplerini ""[Veil of Night (KAT.2)](KAT.2)"" veya ""[Leaping Moon Blade (KAT.3,2)](KAT.3,2)"" gibi hareketlerle şaşırtmasını sağlar. Güvenilir kunai'leriyle Kunimitsu, ""[Savage Kunai Throw (qcf+1)](qcf+1)"" ile ekranın öbür ucundaki rakiplerini, ""[Cloud Scorching Blossoms (u+1/uf+1)](uf+1)"" ile de havadaki hedefleri vurabilir. Kunimitsu'nun dövüşteki görevi, hızlı hareketini, güçlü mixup'larını ve sinsi 50/50'lerini kullanarak rakibini bir sonraki hamlesinin ne olacağı konusunda sürekli tahmin yürütmeye zorlamak ve her zaman üstün konumda olmaktır."
"Yeni başlayanlar için Kunimitsu oyunu öğrenmek için harika bir giriş karakteri olabilir; Tekken 8'in sunabileceklerini eksiksiz hissettirirken zamanla değerini daha çok anlayacağın bir araç setine sahiptir. Deneyimli oyuncular için Kunimitsu teknik ifade için bolca fırsat sunar: mesafe ne olursa olsun, ayakta ya da çömelik olsun, rakiplerinin en küçük hatalarını ağır şekilde punish'leyebilir ve rakibinin kafasını gerçekten karıştırabilecek keskin mixup'lar ve setup'lar kurabilir."
"Kitinde pek kusur yoktur ve genel olarak dengelidir; ancak Kunimitsu birçok etkileşim oynamak zorunda olduğu için biraz zorlanabilir. İşin içindeki risk düşünülünce, teknik punish'lerini yapamamak sana pahalıya patlayabilir. Ama antrenmanında özenliysen ve onun hızlı tempolu, hilekâr Tekken anlayışı ilgini çekiyorsa, Kunimitsu tam sana göre."

#strengths
Strength
"""Polarising Full Crouch and Backturn Mix:"" (tam çömelme ve sırtı dönük keskin mixup) Kunimitsu'nun temel oyun planı rakibe mixup yapmaktır. ""d+1"" ve ""hFC.1+2"" gibi araçlar Kunimitsu'yu rakibi kendi oyununu oynamaya zorladığı durumlara sokar."
"""Strong Movement:"" (güçlü hareket kabiliyeti) Güçlü bir backdash'e ve rakibine olan mesafeyi hızla kapatmak için ""[SET](f+3)"" gibi araçlara sahip olan Kunimitsu, sahnede zahmetsizce hareket eder ve maçta kendine birçok fırsat yaratır."
"""Gifted Punishment:"" (üstün punish'ler) Kunimitsu ayakta da olsa çömelik de olsa hataları ağır şekilde punish'leyebilir: rakibe wall splat veren, yapması zor 10F punisher ""f,f+4,2""'den, 14F'de launch etmek için buffer'lanabilen ""f,d,df+2""'ye kadar."



#weaknesses
Weakness
"""Struggles to prevent movement:"" (hareketi durdurmakta zorlanır) Yakın mesafe seçenekleri sağa, uzun mesafe seçenekleri sola tracking yaptığı için Kunimitsu'nun ona karşı aktif hareket eden rakiplerle başa çıkacak seçenekleri sınırlıdır. Bunu engellemek için kullandığı hareketler ya zayıf (""df+4""), ya riskli (""3,4"") ya da yavaştır (""qcf+1+2"")."
"""Compulsive Gambler:"" (bağımlı kumarbaz) Kunimitsu neutral'da sürekli birden fazla etkileşimi kazanmak zorundadır; bu da rakibe ona counter hit atma ya da kendi agresyonunu uygulama fırsatları verir."



#heat_system
Mechanic
"Kunimitsu'nun Heat'i ""H.u+1+2"" ile sırtı dönük mixup'lara zorlama yeteneğini geliştirir. Kunimitsu ayrıca KAT stance'inden ""H.KAT.d+1+2"" ile son derece kaçamak bir low kazanır. ""H.db+1+2"" ile de yeni, safe bir launcher'a erişir."
"Kunimitsu ayrıca rakibi duvara yapıştıran ve kırılabilir duvarları anında kıran, çok güçlü bir 14F Heat Smash olan ""[Flame Riot: Lunar Mirror](H.2+3)""'ı yapabilir."


#key_moves
Command;Description
1 (Jab with extensions);"Kunimitsu'nun jab'ı sayısız devamıyla çok güçlüdür ve bir planın başlangıç noktası olarak kullanılabilir. Hedefin rakibine mixup ya da baskı yapmaksa ""1,1"" tam bunu sağlar: isabette artı, Katon stance'ine bağlanabilen ve neutral'da poke'lamasını sağlayan safe bir high mid string. Rakibinin karşılık verme denemeleri, counter hit'te küçük bir kombo veren safe bir devam olan ""1,1,2"" ile susturulabilir. Frame trap yapmak ya da rakibine saygı göstermemek istiyorsan ""1,2,4"", counter hit'te garantili olan, rakibini senden uzağa iten ya da duvara yakınsa wall splat veren G-clef tarzı bir string'dir. Başlangıç planı olarak, özellikle yeni başlayanlar için, bu hedefleri karıştırmak maçta söz sahibi olmana yardım eder. Kunimitsu'nun jab'ında ustalaştığında, rakibinin ofans denemelerini dağıtırken maçın temposunu etkili şekilde kontrol edebilirsin."
df+1;"Kunimitsu'nun meşhur mid check'inin ""df+1,2,2"" şeklinde bir string devamı var. Bu hareketin birçok kullanımı var: genel bir poke, counter hit kollamak için bir araç ya da geciktirilebilen string ofansına atlayan hevesli bir rakibe frame trap. Başarılı bir counter hit'te ""df+1,2"", df+1,2,2'yi tamamen yapabilirsin; bu da wall splat verebilir. Hareket wall splat vermezse ve rakip duvara yakınsa, üçüncü vuruştan sonra ""qcf+2"" garantidir. Tekken 7'de df+1 string'i son derece geciktirilebilirdi, ünü de buradan geliyordu. Tekken 8'de ikinci vuruşun geciktirilebilme özellikleri kaldırıldı, ama yeterli pratikle df+1 devamını ilk vuruştan confirm etmek hâlâ mümkün."
hFC.1+2;"Kunimitsu'nun temel oyun planını karşılayan ve tartışmasız oyunun en iyi low'larından biri olan anahtar low'u. İsabette Kunimitsu +5 ile BT'ye girer ve rakibi tahmin yapmak zorunda kaldığı bir duruma sokar. hFC+1+2 isabet ettikten sonra kullanılacak harika ilk seçenek ""BT.1+2""'dir; rakip rahatlarsa canını eritmek için ""BT.d+2"" kullanışlıdır. Power Crush'lar ve Rage Art'lar BT.1+2'ye karşı etkili olabilir, ama Kunimitsu'nun bu durumda bu anahtar seçenekleri yenmek için kullanabileceği ""BT.1,4""'ü var. Blokta hFC.1+2 Kunimitsu'yu sadece -12'de bırakır; rakibinin güçlü bir i10 veya i11 punish'i ya da özel bir i12 punish'i yoksa bu hareket onun için ekstra stresli olabilir."
d+1+2;"High saldırıların altından kayan ve poke hedeflerini karşılayan, dönerek yapılan bir low saldırı. Rakibin ayağını bıçağıyla kestiği için bu güçlü poke low parry'lenemez. İsabette Kunimitsu'yu 0F avantajla çömelik tutar; bu, rakibinin ""ws4"" veya ""ws1"" gibi daha hızlı devam araçlarına karşı hareket seçeneklerine sahip olduğu garip bir durumdur. Counter hit'te Kunimitsu'ya dolgun bir 15 frame avantaj verir; ofansını sürdürmek için ""hFC.1+2"" gibi seçeneklerle rakibine mixup yapabilir ya da kendi değerlendirmene göre ""ws2"" veya ""ws3"" gibi mid'lerle check edebilirsin. Bu low Kunimitsu'nun oyun planının merkezindedir; sadece çömelmeden i14 launcher'ı olan karakterlere karşı kullanırken dikkatli ol."
SET.1+2;"İki dönüşlü bir kesik kombosu; Heat Engager'dır ve neutral'da step'lemesi son derece zordur. SET.1+2 Heat ile bağlanırsa bir Heat Dash launcher'ıdır da. Blokta SET.1+2 sadece safe değil, aynı zamanda makul bir pushback de verir; bu da tek bir backdash ile bazı seçeneklere karşı mesafe yaratmanı sağlar."
SET.2;"Göğse hızlı, safe bir kesik; counter hit'te launch eder. Bu hareket en iyi, SET'i jab ile check etmeyi seven rakiplere karşı başvurulan bir frame trap olarak ""f+4"" veya ""BT.4"" ile eşleşir. Normal isabette SET.2 Kunimitsu'ya 8F avantaj verir, bu da ""df+1"" veya ""d+1"" gibi seçenekleri çok güçlü frame trap seçenekleri yapar. SET.2'nin menzili SET'te geçirilen süreyle uzatılabilir."
d+1;"Kunimitsu'nun bir başka anahtar hareketi. Kunimitsu rakibe bir kesik atar ve hareket bloklansa da bloklanmasa da hem kendisini hem rakibi çömelme durumuna sokar. İsabette avantaj yüksek (+6) olduğundan rakip ""hFC.1+2"" ve ""ws2,1"" gibi seçeneklerle etkileşime girmek zorunda kalır. Blokta Kunimitsu hâlâ avantajlıdır (+3); bu da onu agresif bir oyun planını dayatmak için anahtar bir hareket yapar. Ayrıca counter hit'te ""ws+2,1"" garantili bir devamdır. Bazı ek ileri seviye ipuçları: Kunimitsu'nun 8F avantajı olduğu bir durumda d+1 hemen yapılırsa d+1 step'lenemez hale gelir. Ayrıca d+1, Kunimitsu'yu minimal toparlanmaya sokan hareketlerle trade olursa Kunimitsu rakibi ""df+2"" ile launch edebilir."
BT.1+2;"Sırtı dönükken yapılan, blokta safe, dönen bir bıçak kesiği. Oyun planın güvenlik üzerine kuruluysa bu hareket ilk katman seçeneğin olmalı. Blokta Kunimitsu hafif dezavantajla (-2) ama rakipten epey uzakta toparlanır; bu da backdash yapıp whiff punish'lemene izin verir. İsabette SET.1+2 +7'dir; sonrasında ""df+1"" kullanmayı alışkanlık haline getirebilirsin, çünkü rakibinin karşılık verme denemelerini yakalar ve Rage Art'ları ve Power Crush'ları yener."
f+4;"İleri basılı tutarak SET'e geçebilen sağlam, safe bir diz saldırısı. SET etrafında dönen daha agresif bir oyun planı hedefliyorsan f+4 anahtar bir seçenektir; çünkü jab denemelerine counter atan f+4 ardından ""SET.2"" veya hareket denemelerini engelleyen ""SET.1+2"" gibi seçeneklerin var. Ayrıca counter hit'te f+4'ten sonra SET.1+2 garantidir. "
ws2;"Kunimitsu'nun yatay kesik attığı bir hareket. ws+2 tek başına safe ve step'lemesi zor, güçlü bir poke'tur. Hareketin sihri devamında yatar: ""ws+2,1"", yeterli pratikle duruma göre counter hit'te confirm edilebilen, geciktirilebilen bir Heat Engager devamıdır. Rakibin ws4 veya daha yavaş 11F bir hareketle karşılık vermeyi seviyorsa ws+2 özellikle ""d+1""'den sonra iyi çalışır. ws+2,1 ile counter hit durumlarını confirm etme konusunda, d+1 ardından ws+2, counter hit confirm etmeyi öğrenmek isteyeceğin en önemli durumdur, çünkü bundan çok fayda sağlarsın. Heat aktifken ws+2,1 son derece agresif kullanılabilir; blokta olumsuz özelliklerini Heat Dash'ten sonra daha fazla baskı kurmaya çevirir ve risk/ödül dengesini ciddi şekilde değiştirir. Heat zaten aktif edilmiş ya da harcanmışsa ws+2,1 rakibi soluna savurur ve açılı bir wall splat yapmanı sağlar."
f,f+4,2;"Kunimitsu'nun uzmanlık isteyen i10 punish seçeneği, yüreği zayıf olanlara göre değil! Blokta, ayakta da olsan çömelik de olsan, f,f+4,2 küçük hataları punish'lemek için kullanılabilir. i10'da kusursuz punish'lemek için 4'e basmadan önce f,f'yi düzgün buffer'laman gerekir. Kusursuz olmalı; aksi halde bir frame yavaş kalabilirsin. Pratik mükemmelleştirir!"
SET.1 (with extensions);"Kunimitsu'nun SET'ten en hızlı seçeneği. SET.1 +8'lik bir duruma bağlanırsa ""SET.1,2"" hit confirm edilebilir. SET.1,2'nin ikinci vuruşu isabet ederse ""SET.1,2,2"" garantidir. Blokta SET.1 sadece -1'dir; rakibin daha yavaş bir hareket seçerse hareket etme ya da jab atma fırsatı verir."
H.u+1+2;"Kunimitsu'nun baskı için en iyi Heat hareketi. İsabette wall splat veren ve blokta sırtı dönük mixup'a zorlayarak Kunimitsu'ya avantaj veren bir bıçak savurma yağmuru. Blok durumu, isabette ""1,1,2"",b ya da +5'teki ""hFC.1+2"" ile aynı sayıda frame olsa da blokta rakibinin daha uzakta olduğunu bilmek önemlidir; bu ona potansiyel olarak daha fazla savunma seçeneği verebilir."
b+1+2;"Hatırı sayılır hasar veren, safe, nispeten hızlı, patlayıcı bir mid. Bu hareket bir Heat Engager tutturduktan sonra kullanmak için süper kullanışlıdır; bir Heat Engager'dan düzgün buffer'lanmış bir b+1+2, rakibinin step atmasını, Rage Art veya Power Crush kullanmasını engeller."
b+1;"Yoshimitsu'nun Stone Fists'i gibi, Kunimitsu da başı dönmeden önce toplam beş kez dönebilir. ""b+1,1"" veya daha fazla dönüş yapmak Kunimitsu'yu blokta +5 olduğu bir durumda bırakır. Dönüşlerden toparlanma neredeyse anında olur; bu da örneğin high Power Crush kullanmayı seven rakiplere karşı son derece etkilidir."
db+4;"Kunimitsu'nun en düşük riskli low poke'u. Rakibini eritmek için ya da round sonlarında güvenilir şekilde kullanılabilir. Sadece -12, bu da onu launch yeme endişesi olmadan Kazuya gibi karakterlere karşı kullanmak için harika bir poke yapar. İsabette nötrdür; step, backdash ya da hamle yapmak için mükemmel bir fırsat verir."
WR.2;"Kunimitsu'nun rakibine agresif şekilde artı frame dayatmak için başvurduğu seçenek. Oyun planın agresyon üzerine kuruluysa başvuracağın hareket budur; özellikle rakibine frame trap yapmak için ""df+1"" ya da hareket denemelerini kesmek için ""df+4"" ile birlikte kullanıldığında."
KAT.2;"Blokta artı, ışınlanarak yukarıdan yapılan bir bıçak kesiği. Counter hit'te rakibi havaya çevirerek devasa hasar verir; ""1,1"" veya ""2,2""'den KAT'a geçtikten sonra bu hareketi check etmek zordur, çünkü jab'lardan ve bazı mid check'lerden güvenilir şekilde kaçar."
KAT.3;"Bir launcher'a giden devamı olan, ışınlanarak yapılan bir dalış tekmesi; ""KAT.2""'ye benzer şekilde jab'lardan ve bazı mid'lerden kaçmak için ""1,1"" veya ""2,2""'den sonra kullanabilirsin. ""KAT.3,2"" ideal olarak rakibin ıskalanan seçeneğini gözle confirm ettiğinde kullanılmalıdır. KAT.3 ekran ortasında optimal bir kombo bitirişi olarak da kullanılabilir. Doğru mesafeyi tutturmak zor olabilir, ama KAT.3'ü havadaki rakibe +2 veya daha fazla frame avantajıyla bağlanacak şekilde ayarlarsan ek hasar için ""qcf+2"" yapabilirsin. Spike'ı nasıl ayarlaman gerektiğine dair bir ""[video example](https://youtu.be/sp6UOCVVrr4)"" burada."
qcf+1+2;"Oyuncuların ona karşı step atmasını durdurmak için Kunimitsu'nun anahtar homing seçeneklerinden biri. Blokta safe ve normalde ulaşamayacağı belirli kombo rotalarında da kullanışlı. Rakibin poke durumlarından sonra amaçsızca yürümeyi seviyorsa, onu yürümekten caydırmak için qcf+1+2 kullanabilirsin. Saldırı wall splat vermezse ""qcf+2"" ile devam edebilirsin."
uf+3;"Kunimitsu'nun havaya sıçradığı uzun menzilli bir hopkick. Rakibinin bunu ""df+2""'ye kıyasla blokta punish'lemesi daha kolay olsa da uf+3 low'ların üstünden atlayabildiği için genelde onu kullanmak daha iyidir. Uzun mesafeli whiff punisher olarak son derece güçlüdür, o yüzden kullanmayı öğren!"
b+2;Tekken 7'deki power crush'tan dönüştürülen, artık safe bir counter hit launcher'ı olan ve sola yürüyen rakiplere karşı iyi tracking'i olan bir hareket. b+2 Kunimitsu'nun kitinde daha yavaş bir seçenek olduğundan, seçeneklerini geciktirmeyi seven rakiplere karşı çok iyidir.
3;"""3,4"" devamı olan, nispeten hızlı, homing bir high. Bu hareket özellikle Kunimitsu'ya karşı sola yürümeye çalışan rakiplere karşı iyidir. Pratikle yürüyen rakiplere karşı devamı confirm etmek de mümkündür. Amaç rakibinin step atmasını durdurmak olduğundan 3, ""qcf+1+2""'ye benzer şekilde kullanılabilir; ama belirli bir durumda daha hızlı bir seçenek istiyorsan ve devamı hit confirm etme becerine güveniyorsan 3'ü kullanmalısın. İleri seviye bir teknik olarak: Kunimitsu'nun solunda bir duvar varsa ve ona paralelse, 3,4 bir launcher olarak kullanılabilir, çünkü ""f,d,df+2"" ile yerden alma imkânı verir. Yerden almanın bir ""[video example](https://youtu.be/w0HAx0JY24M)""'ı burada."
KAT.1,2;"Heat Engager'ı olan safe, hızlı, geciktirilebilen, hit confirm edilebilen bir string. KAT.1,2, özellikle rakibin vuruş yedikten sonra tuşa basmayı seviyorsa, ""2,2"" veya ""1,1""'den sonra değerlendirilecek harika bir seçenektir. Rakibin kendi sağına step atarsa ilk vuruştan kaçabilir; ikinci vuruşu hemen yapmak da ıskalar, ama ikinci vuruşu biraz geciktirirsen yeniden hizalanıp rakibine isabet eder. İkinci vuruş aşağı basılı tutularak iptal de edilebilir."
H.KAT.d+1+2;Belirli mesafelerde wall splat verebilen süper kaçamak bir Heat hareketi. Bu hareketi bir jab veya mid ile check etmek son derece zordur.
f+1+2;Blokta safe, tek vuruşluk, çapraz bıçak kesiği şeklinde bir Heat Engager. Sağa step atmaya çalışan rakipleri tamamen tracking ile yakalar. Heat Dash kombolarında başvuracağın tuş bu olmalı, çünkü havadaki isabette karakteri kaydıran tek seçenek budur.
db+2,4;"Bıçak kesiğiyle başlayan safe bir poke string'i. Bu hareket round sonunda kullanmak için iyi bir mid check dizisidir. ""db+2"" tek başına da işe yarar; Kuni'yi çömelik pozisyona sokar ve ""ws2"" veya ""hFC.1+2"" gibi araçlarla mixup yapmasını sağlar."
SS.2;"Sidestep'ten yapılan ve onu sırtı dönük pozisyona sokan bir bıçak mid check'i. Kunimitsu'nun sırtı dönük mixup'ına geçişlerinin diğerlerinin aksine burada Kunimitsu aslında dezavantajlıdır. Kunimitsu'yu biraz daha temkinli oynayan oyuncular için hedef, ""BT.1,4""'ü garantileyen SS.2 counter hit'ini almaktır."
f,d,df+2;"Kunimitsu'nun ikinci uzmanlık isteyen punish'i, bu sefer blokta -14 olan hareketler için. ""qcf+2"" ve ""f,f+4"" gibi f,d,df+2 de rakibinin hareketlerini daha kolay punish'lemek için buffer'lanabilir. "
2,2;"Kadronun çoğunluğunun parry'leyemediği çift bıçak savurması. 2,2, isabette veya blokta ""2,2,1+2"" ile Katon'a geçebilir. İsabette baskına devam etmek için ""KAT.1,2"" gibi seçenekleri kullanmak iyidir; ama blokta, rakip karşılık vermeye çalışırsa ""KAT.2"" veya ""KAT.3"" gibi seçenekler daha iyidir. Rakibin ""2,2""'yi blokladıktan sonra sırasını geri almayı seviyorsa, bunu engellemek için ""2,2,2,2"" kullanılabilir. Bu devamı idareli ve sadece rakibini şartlandırmak için kullan, çünkü devamın 3. ve 4. vuruşları high'dır. Birini sırtından punish'leyebilirsen ""2,2,2,2,2""'yi tamamen yapabilirsin."
SS.4;"Sidestep'ten yapılan, Snake Edge tarzı bir hareket. Bloklanırsa ağır şekilde punish'lenebildiği için bu hareketi yapmak çok risklidir. Ayrıca bu hareketin bir clean hit özelliği var; bu hareketten en yüksek faydayı almak için her zaman clean hit'i tutturmaya çalışmalısın. Hareket çok yakın olmanı gerektirdiğinden, en iyisi rakibin sırtı duvara dayalıyken kullanmaktır. Clean hit olursa rakip yere düşer ve ""qcf+2"" garantidir."
3+4;"Strong Aerial Tailspin (SAT) özellikleri olan, tek vuruşluk bir zıplama hareketi. Kunimitsu'nun kitinde daha iyi araçlar olduğundan bu hareket neutral'da kullanılmamalıdır; ancak rakip kalkarken mixup yapabilme yeteneği nedeniyle özel bir anılmayı hak eder. Kunimitsu havadaki rakibe 3+4 yapar, dash ile girer ve ardından tech roll yapan rakibe f+3 yaparsa, kamera yerinde kalırken rakibin yanından kayıp geçebilir ve anında ""BT.f+1+2"" yapabilir; burada hazırlıksız rakiplere karşı bir launcher tutturabilir."
f+2,3;"13f punish olarak kullanımı dışında hak ettiği değeri görmeyen bir string. ""f+2"" tek başına, ilerleyen bir rakibi frenlemek için ""df+1"" veya ""df+4""'e alternatif olarak kullanılabilen uzun menzilli bir poke'tur. f+2,3, duvara yakınken ve wall splat kollarken counter hit confirm aracı olarak da kullanılabilir. Ayrıca rakibini yere düşürürsen ve o kendi sağına yuvarlanmaya karar verirse, dash ile girip ""f+3"" yapmak, girişi daha zor olsa da ""3+4""'ten sonra elde ettiğine benzer bir mixup durumu yaratabilir."
ub+3;Kunimitsu'yu sola fırlatan kaçış ustası hareketi. Bu hareket belirli matchup'larda, özellikle rakibinin hemen zamanlamayla kullanabileceği stance seçeneklerine karşı çok kullanışlıdır. Kaçış denemelerinde fazla tahmin edilebilir olma, çünkü launch yiyebilirsin.

#panic_moves
Command;Description
KAT.2 | KAT.3,2 | h.KAT.d+1+2;Katon stance'inden, Kunimitsu'nun jab'lardan, hatta bazı mid check'lerden kaçmasını sağlayan kaçamak hareketler koleksiyonu.
d+3+4;"Kunimitsu'nun power crush'ı; absorbe edilip bloklanırsa rakibi çok geriye iter."
1,2,4;Counter hit'te confirm edilebilen bir string. Rakibi üstünden atmak için hızlı bir araç olarak iyidir.
hFC.1 (db+1);Seni doğrudan tam çömelme mixup'ına sokan, çömelerek atılan jab'ın.
ub+3;Kunimitsu'yu yoldan zıplayarak güvene çıkaran bir hareket.

#punishers_standing
Startup;Command;Description
i10;1,2,2;Sırtı dönük pozisyona geçmek için geri basılı tutulabilir.
i10;f,f+4,2;Execution gerektiren punish. Wall splat verir. Buffer'laması zor.
i12;4,2;Sırtı dönük pozisyona geçer.
i13;f+2,3;Wall splat verir ve oyuncuyu açılı şekilde yere düşürür.
i13;qcf+2;"Execution gerektiren punish; ayıların ff+2'si gibi hareketler için uzun menzilli punish"
i14;f,d,df+2;Execution gerektiren launcher. Buffer'lanabilir.
i15;uf+3
i15;qcf+1;Paul'un Deathfist'i (qcf+2) için.

#punishers_crouching
Startup;Command;Description
i10;f,f+4,2;Execution gerektiren punish. Wall splat verir.
i11;ws4
i12;ws1,1
i13;ws2,1;Heat Engager. Wall splat verir. Heat harcandığında açılı şekilde savurur.
i14;f,d,df+2;Execution gerektiren launcher. Buffer'lanabilir.
i15;ws3


#punishers_whiff
Command;Description
qcf+2;Hızlı mid whiff punish seçeneği.
uf+3;En hızlı mid launcher. Whiff toparlanması uzun hareketleri punish'lemek için sağlam bir seçenek.
f,f+4,2;Uzağa ulaşır ve çok hızlıdır, ama yanlış yapılırsa çok risk taşır.


#combos_normal
Starter;Combo
df+2 | KAT.3,2 | ws3 | CH f,f+2 | CH df+(1),3 | CH KAT.2;uf+3 > f+3+4 > BT.4f > SET.1,2,1 > 3+4 > qcf+1
uf+3;df+4 > f+3+4 > BT.4f > SET.1,2,1 > 3+4 > qcf+1
db+2,4,2 | CH u+2 | CH SET.3;ws4 > f+3+4 > BT.4f > SET.1,2,1 > 3+4 > qcf+1
BT.1+2 | CH MUS.2 | CH (3),4;KAT.4,2 > f+3+4 > BT.4f > SET.1,2,1 > 3+4 > qcf+1
CH b+2;ws2,1 > f+3+4 > BT.4f > SET.1,2,1 > 3+4 > qcf+1
CH SET.2 | H.db+1+2;KAT.4,2 > f+3+4 > BT.4f > SET.1 > qcf+1
SET.1+2 (Into HD) | f+1+2 (Into HD);3+4 > df+4 > f+3+4 > BT.4f > SET.1,2,1 > 3+4 > qcf+1




#combos_beginner
Starter;Combo
df+2 | uf+3  | KAT.3,2 | ws3 | CH f,f+2 | CH df+(1),3 | CH KAT.2 | CH b+2 | BT.1+2 | SET.1+2 (Into HD) | f+1+2 (Into HD);f+3+4 > BT.4f > SET.1,2,1 > 3+4 > qcf+1
CH SET.2 | H.db+1+2;f+3+4 > BT.4 > f+4 > SET.1,2,1






#combos_ender
Type;Combo
wall_break;qcf+1+2
floor_break;f,f+4,2
carry;f+3+4


#combos_wall
Type;Combo
normal;1 > df+1 > d+2,1,2,1+2
normal;b+1,1 > df+1,2,2
tornado;df+1,3 > 1 > d+2,1,2,1+2
tornado;b+4,3 > 1 > d+2,1,2,1+2


#combos_small
Starter;Combo
uf+2 | MUS.2 | BT.4 | 3,4 | (1,1),4 | KAT.2 | SET.4,3 | SET.1,2,4 | ub+2 (At wall);qcf+2
uf+4 | SET.1,2,3;f,f+2
CH d+1;ws2,1
CH f+4;SET.1+2
CH SS.2;BT.1,4
CH b+(4),3 | (1,1),2 | SET.(1,2),2;qcf+1
ws2,1 (Into HD) | BT.1,4 (Into HD) | KAT.1,2 (Into HD);qcf+1+2




#stances
Type;Command / Name;Description
stance;f+3 / Setsunagake (SET);"Kunimitsu'yu ileri atan ve rakibiyle arasındaki mesafeyi hızla kapatmasını sağlayan bir stance. ""f+4"", ""BT.4"" ile eşleştirildiğinde ""SET.2"", jab ile karşılık vermeye çalışan rakiplere karşı frame trap olarak kullanılabilir. SET'ten Kunimitsu'nun ""uf+1+2"" ve ""f+1+4"" komut throw'larına erişirsin."
stance;1+2 / Katon (KAT);"Kaçınmaya odaklı bir stance; ""KAT.2"" ve ""KAT.3"" gibi seçenekler Kunimitsu'nun karşılık verme denemelerinin çoğunun yolundan ışınlanarak çekilmesini sağlar. Bu stance'e çoğunlukla ""1,1"" veya ""2,2"" ile geçilir. "
command;b+3+4 / Disengage (BT);"Kunimitsu'yu sırtı dönük stance'ine sokan bir hareket. Sırtı dönük pozisyona ""4,2"", ""1,2,2"" ardından geri, ""SET.1,2"" ardından geri ya da ""df+3+4"" ile de girilebilir. Sırtı dönükken, çoğu durumda safe bir mid check olarak kullanılabilen ""BT.1+2"" ya da ""BT.1+2"" oturduktan sonra rakibinin can barını eritmek için başka bir araç olarak kullanılabilen ""BT.d+2"" gibi nispeten güçlü seçenekleri var. Ayrıca sırtı dönükken Kunimitsu, ""BT.1+4"" veya ""[BT.1+3](1+3)"" ya da ""[BT.2+4](2+4)"" ile iki yönlü bir throw mixup'ına erişir."


#frame_traps
Starter;Trap
1;1,2,4
f,f,F+2;df+1
f+4;SET.2



#knowledge_checks
Command;Description
1;"Kunimitsu'nun karşılık verme denemelerini yenmek için tasarlanmış ""1,1,2"" ve ""1,1,4"" string'leri var. İki string'in de son vuruşu sağa step'lenebilir. Kunimitsu bu karşı oyunu yenmek için ""1,1,1"" kullanabilir; sağa step atıp hemen bloklamak, daha önce bahsedilen devamları step'lemeni ve 1,1,1'i bloklamanı sağlar. 1 ardından ""1,2,4""'ün de farkında olmak gerekir; bu, counter hit confirm edilebilen yaygın bir frame trap'tir. Yeni bir oyuncu olarak jab ardından ""uf+1+2"" veya ""f+1+4"" sağlam bir stratejidir."
u+2;"Çıkması yaklaşık yarım saniye süren, çok yavaş, zıplayarak yapılan bir low saldırı. Kunimitsu yere inmeden önce aşağı basılı tutarak bu hareketi iptal edebilir. Kunimitsu ""ws+2"" veya ""hFC.1+2"" ile mixup yapabilir. Savunan taraf olarak low'u ve iptal seçeneğini yenmek için hopkick yapabilirsin."
d+1+2;"d1+2, Kunimitsu'yu çömelik pozisyonda bırakırken isabette tamamen nötrdür. Savunan taraf olarak soluna sidestep atmak ""ws+1"" ve ""ws+4""'ten kaçmanı sağlar. Karaktere bağlı olarak ""hFC.1+2"" ve ""ws2""'nin etrafından bile dolaşabilirsin."
d+1;"Bu hareket Kunimitsu'nun seni etkileşime zorlamak için kullandığı çok güçlü bir araçtır. Savunan taraf olarak burada ws4 kullanmak risklidir, çünkü Kunimitsu'nun ""ws+2,1""'i sana frame trap yapar. Bunun yerine savunan taraf olarak burada bir tahmin yapman gerekecek; ama bir hamleyle karşılık vermek istiyorsan, burada çömelerek jab ya da 10 frame'de çıkabilen başka bir hareket yapmak faydalıdır, çünkü ""ws+2"" ile trade olur. Kunimitsu bu durumda çok yaygın olan ""hFC.1+2"" gibi i13'ten yavaş bir hareket seçerse sıranı geri alırsın."
df+1,2;"Bu string'in ikinci vuruşu rakibi şaşırtmak için çok geciktirilebilir. Savunan taraf olarak rakibin ikinci vuruşu geciktirmeyi seviyorsa bunu bir i10 ile punish'leyebilirsin, ama seni punish'leyecek ""df+1,2,2""'ye dikkat et. Karakterinin 14F launcher'ı varsa launch etmek için 3. vuruşun gelmesini beklemek daha iyidir."


#defense_tips
Title;Description
Neutral'da sola sidestep;"Sola step atarsan neutral'da onun anahtar poke'larını da halledersin; df+4 gibi daha küçük poke'lar az hasar verir ve minimal frame avantajı sağlar."
"""SET"" ve ""KAT""'a karşı sağa sidestep";"""2,2"" ve ""1,1""'den sonra step atmak tüm KAT seçeneklerinden kaçar. Tracking yapan tek seçenek, ikinci vuruşu geciktirirlerse ""KAT.1,2""'dir. ""f+4""'ü blokladıktan sonra step atmak seni SET'in anahtar seçeneklerinin çoğuna karşı korur, ""SET.2"" gibi seçeneklere karşı da rakibini launch etme fırsatları verir. Yani Kunimitsu'ya karşı mesafeliyken sağına step atmayı ve yürümeyi hedeflemelisin. Yakındayken de soluna hareket etmek istersin."
"""SET""'e challenge yap";Challenge yapmak çok korkutucu görünse de SET'e challenge yaparsan Kunimitsu'yu ona güvenmekten gerçekten caydırabilirsin. Yaklaşmasına karşı bir df+2 atmak çok işe yarar, özellikle safe bir df+2'n varsa bunu yapmayı dene.


#defense_moves
Command;Description
3,4;Bu hareketin birinci ve ikinci vuruşları çömelerek kaçılabilir. Alternatif olarak Yoshimitsu oynuyorsan ikinci vuruşa flash yapabilirsin. Her durumda ilk vuruşu blokladıktan sonra çömelmeyi tercih etmelisin, özellikle Kunimitsu oyuncusu ikinci vuruşu confirm etmekte zorlanıyorsa.
db+2,4,2;Bu string'in 3. vuruşu safe ama ikinci vuruşu blokladıktan sonra bir i17 hareketle araya girilebilir.
1,2,2;"Punish olarak yanlış kullanılırsa son vuruşa çömelinebilir. Dikkatli ol, çünkü Kunimitsu oyuncusu çömelme denemelerine isabet eden ""1,2,4""'ü de kullanabilir."
SET.1,2,2;"Bu string'in ikinci vuruşu çömelerek kaçılabilir, üçüncü vuruşu da sağa step'lenebilir. Çömelmeyi seçersen Kunimitsu, çömelme zamanlamanı şaşırtmak için ikinci vuruşun zamanlamasını çok geciktirebilir; rakibine karşı en iyi hissettiğin şeye göre çömelmeyi basılı tutmayı ya da hızlıca dokunmayı seç."
BT.1,4;Kunimitsu oyuncuları Heat Dash yapmak için bu hareketi kullanmayı tercih edebilir. Birinci ve ikinci vuruşlar high ve çömelerek kaçılabilir.





#resources_external
Url;Name
https://youtu.be/uL2cfy23FkU?si=6ct1JxjcJGx6EQQu;RyzingSol'un kombo rehberi
https://www.youtube.com/watch?v=cxVTSX3ghK4;TekRavenger'ın kapsamlı video rehberi
https://youtu.be/7bzQboSDHjU?si=Pa9Ls8IeGUkmbz0q;JDCR'ın One Jab videosu
https://www.youtube.com/playlist?list=PLOr4jyX65St5IBAcUfzTnku197jCS0LjG;Kunimitsu replay arşivi
https://wavu.wiki/t/Kunimitsu;Wavu Wiki'deki Kunimitsu sayfası

#credits
name;url;role
Koenji;https://x.com/koenjideck;author





#about_author
Section
Selam! Ben Koenji, bir rehberle daha buradayım! Bu sefer Kunimitsu için. Beni tanımayanlar için: on yıldır ara ara rekabetçi Tekken oynuyorum, asıl olarak Tekken 7'de başladım. Bu oyunda Season 2'nin sonunda kısa bir süre Miary oynamadan önce iki yıl boyunca ağırlıklı olarak Azucena oynadım.
Season 3'te oynadığım ana karakter Kunimitsu oldu. Çok güçlü bir karakter (aksini söyleyenlere kanma) ve özellikle punish konusunda rahat olan ve birden fazla etkileşim yürütmekten keyif alan oyuncular için çok iyi.
Bu rehberi hazırlamak epey zaman aldı, umarım okurken benim hazırlarken harcadığım emek kadar keyif alırsın!

#about
Property;Value
GameVersion;3.02.01
LastUpdated;2026-09-07




#matchups_good
Character;Description
Kuma | Panda;"Kuma ve Panda'nın yanal hareketi çok zayıf. Kunimitsu bunu avantajına kullanarak onlara karşı mixup'larını sonuna kadar kullanabilir. Örneğin ""f+4"" ardından ""SET.2""'yi diğer herkes step'leyebilirken iki ayı da step'leyemez. Ayrıca büyük gövdeleri sayesinde Kunimitsu, df+1,2,2'den sonra biraz geciktirilmiş bir qcf+2 ile ekstra hasar alabilir."
Azucena;"Kunimitsu, Azucena'nın high'ları crush'layan anahtar poke'u db+4'ü launch edebilir. Başarısız punish'lerde 1,2'yi de launch punish'leyebilir. Dahası, hopkick'i Azucena'nın f+4,4'ündeki high'dan kaçtığı için Kunimitsu, Azucena'nın tüm f+4 devamlarına ""uf+3"" ile option select yapabilir."
Victor;"Victor'un uf+1,1 ve f,f,f+1+2 gibi blokta -14 olan birkaç anahtar hareketi var. Ayrıca diğer karakterlerin normal hareket seçenekleriyle başa çıkamadığı bazı IAI stance'lerinden kaçmak için ""ub+3"" kullanabiliriz."




#matchups_bad
Character;Description
Alisa;"Genelde sırtı dönük pozisyona girerken sahip olduğun frame avantajı çoğu matchup'ta önemli değildir; ama Alisa'ya karşı bu sayılar son derece önemlidir. +5'te (isabette ""1,1,2"", ""hFC.1+2"" ya da blokta ""h.u+1+2"") Alisa, Kunimitsu'nun sırtı dönük seçeneklerinin neredeyse hepsini yürüyerek atlatabilir. +6'da (isabette ""4,2"") BT.1,4 yeniden step'lenemez hale gelir, +8'de (""SET.1,2"" ardından sırtı dönük) ise ""BT.1+2"" yeniden mid check olarak kullanılabilir. Alisa'yı düzgün check edemezsen, sırtı dönük punish için Kunimitsu'nun arkasına kadar yürüyebilir. Hareketine ""BT.4"" ile düzgün şekilde karşı koyarak bu durumdan tamamen kaçınmalıyız."
Lili | Zafina;"Alisa matchup'ına benzer şekilde, hem Lili hem Zafina Kunimitsu'nun sırtı dönük seçeneklerini step'leyebilir; ama Alisa'nın aksine hem Lili hem Zafina +6'da bile ""BT.1,4""'ü step'leyebilir."
Kazuya;"En kötü matchup olmasa da Kazuya'nın EWGF'si Kunimitsu'yu uzakta tutmakta çok iyidir; iyi zamanlanmış bir EWGF, ""SET.3"" dışındaki tüm SET seçeneklerini durdurabilir. Bu matchup'ta SET'i nasıl kullandığının çok farkında olmalısın. Ağırlıklı olarak ""hFC.1+2"" ve ""db+4"" ile poke'la, ""d+1+2"" veya ""BT.d2"" gibi seçeneklerle poke'larken dikkatli ol."
