;Kunimitsu-Guide


#introduction
Section
"Kunimitsu ist der erste Neuzugang in Season 3 und führt als Nachfolgerin ihrer Mutter eine neue Ära der Kunoichi fort. Sie ist ein schneller, poke-orientierter Charakter, der auf jeder Distanz und von überall aus angreifen kann. Mit ""[Setsunagake (SET/f+3)](f+3)"" stürmt sie auf den Gegner zu und beginnt ihre Offensive auf kurze Distanz. Gegen Gegner, die unbedingt zurückschlagen wollen, ist ""[Katon (KAT/1+2)](1+2)"" eine Stance voller Mixups, die sie nach wichtigen Pokes wie ""1,1"" oder ""2,2"" nutzen kann, um eingehenden Angriffen auszuweichen und in die Luft zu gehen, und mit Moves wie ""[Veil of Night (KAT.2)](KAT.2)"" oder ""[Leaping Moon Blade (KAT.3,2)](KAT.3,2)"" überrascht sie ihre Gegner. Mit ihrem treuen Kunai kann Kunimitsu Gegner mit ihrem ""[Savage Kunai Throw (qcf+1)](qcf+1)"" quer über den Bildschirm abschießen oder mit ""[Cloud Scorching Blossoms (u+1/uf+1)](uf+1)"" Ziele in der Luft treffen. Kunimitsus Mission im Kampf ist es, den Gegner immer raten zu lassen, was als Nächstes kommt, während sie mit schneller Bewegung, starken Mixups und fiesen 50/50s stets die Oberhand behält."
Für Einsteiger kann Kunimitsu ein großartiger Einstiegscharakter sein, um das Spiel zu lernen: Sie vermittelt ein umfassendes Gefühl dafür, was Tekken 8 zu bieten hat, und hat ein Moveset, das du mit wachsender Erfahrung immer mehr zu schätzen lernst. Erfahrenen Spielern bietet Kunimitsu einige Möglichkeiten, sich technisch auszudrücken: Sie kann selbst kleinste Fehler des Gegners hart punishen, unabhängig von der Distanz und davon, ob sie steht oder in der Hocke ist, und dabei polarisierende Mixups und Setups einsetzen, die dem Gegner richtig in den Kopf gehen.
"Ihr Kit hat nicht viele Schwächen und ist insgesamt sehr rund; allerdings kann Kunimitsu etwas zu kämpfen haben, weil sie viele Interaktionen spielen muss, und wenn du ihre technischen Punishes nicht hinbekommst, kann dich das angesichts des Risikos teuer zu stehen kommen. Aber wenn du fleißig trainierst und dich ihre Version von schnellem, trickreichem Tekken reizt, dann ist Kunimitsu der richtige Charakter für dich."

#strengths
Strength
"""Polarising Full Crouch and Backturn Mix:"" (polarisierendes Mixup aus der Hocke und aus Backturn) Kunimitsus Kern-Gameplan ist es, den Gegner zu mixen. Tools wie ""d+1"" und ""hFC.1+2"" bringen Kunimitsu in Situationen, in denen sie den Gegner zwingt, ihr Spiel zu spielen."
"""Strong Movement:"" (starkes Movement) Mit einem starken Backdash und Tools wie ""[SET](f+3)"", um schnell Distanz zum Gegner zu überbrücken, bewegt sich Kunimitsu mühelos über die Stage und verschafft sich im Match viele Gelegenheiten."
"""Gifted Punishment:"" (begnadete Punishes) Kunimitsu kann Fehler hart punishen, egal ob sie steht oder in der Hocke ist: vom schwer auszuführenden 10F-Punisher ""f,f+4,2"", der einen Wall Splat gibt, bis zu ""f,d,df+2"", das man buffern kann, um mit 14F zu launchen."



#weaknesses
Weakness
"""Struggles to prevent movement:"" (tut sich schwer, Movement zu stoppen) Kunimitsu hat wenige Optionen gegen Gegner, die sich aktiv gegen sie bewegen, weil ihre Nahdistanz-Optionen nach rechts und ihre Ferndistanz-Optionen nach links tracken. Die Moves, mit denen sie das verhindert, sind entweder schwach (""df+4""), riskant (""3,4"") oder langsam (""qcf+1+2"")."
"""Compulsive Gambler:"" (zwanghafte Zockerin) Kunimitsu muss in der Neutral ständig mehrere Interaktionen gewinnen, was dem Gegner Gelegenheiten gibt, sie per Counter Hit zu erwischen oder selbst aggressiv zu werden."



#heat_system
Mechanic
"In Heat kann Kunimitsu mit ""H.u+1+2"" leichter Backturn-Mixups erzwingen. Außerdem bekommt sie aus der KAT-Stance mit ""H.KAT.d+1+2"" einen extrem ausweichstarken Low. Dazu erhält sie mit ""H.db+1+2"" einen neuen safen Launcher."
"Kunimitsu kann außerdem ihren Heat Smash ""[Flame Riot: Lunar Mirror](H.2+3)"" einsetzen, einen sehr starken 14F Heat Smash, der einen Wall Splat gibt und zerstörbare Wände sofort durchbricht."


#key_moves
Command;Description
1 (Jab with extensions);"Kunimitsus Jab ist dank seiner vielen Extensions sehr stark und kann als Ausgangspunkt für einen Gameplan dienen. Wenn du den Gegner mixen oder unter Druck setzen willst, ist ""1,1"" genau das Richtige: ein safer High-Mid-String, der auf Hit plus ist, in ihre Katon-Stance übergehen kann und ihr erlaubt, in der Neutral zu poken. Jeden Versuch des Gegners, zurückzuschlagen, kannst du mit ""1,1,2"" ersticken, einem safen Follow-up, das bei Counter Hit eine kleine Combo gibt. Wenn du eine Frame Trap stellen oder den Gegner respektlos überrollen willst, ist ""1,2,4"" ein String im G-Clef-Stil, der bei Counter Hit garantiert ist und den Gegner wegschleudert oder nahe der Wand einen Wall Splat gibt. Als Anfangsplan, besonders für Einsteiger, hilft es, diese Ziele zu mischen, um dich im Match durchzusetzen. Wenn du Kunimitsus Jab beherrschst, kannst du das Tempo des Matches effektiv kontrollieren und gleichzeitig die Angriffsversuche des Gegners zerlegen."
df+1;"Kunimitsus berüchtigter Mid-Check hat mit ""df+1,2,2"" eine String-Extension. Dieser Move hat mehrere Einsatzzwecke: als allgemeiner Poke, um nach Counter Hits zu fischen, oder als Frame Trap gegen einen ungeduldigen Gegner, der auf die verzögerbare String-Offensive anbeißt. Bei einem erfolgreichen Counter Hit von ""df+1,2"" kannst du df+1,2,2 komplett ausführen, was einen Wall Splat geben kann. Wenn kein Wall Splat entsteht und der Gegner nahe an der Wand ist, ist ""qcf+2"" nach dem dritten Hit garantiert. In Tekken 7 war der df+1-String extrem verzögerbar, was ihm seinen Ruf einbrachte. In Tekken 8 wurde die Verzögerbarkeit des zweiten Hits entfernt, aber mit genug Übung kann man die df+1-Extension immer noch vom ersten Hit aus confirmen."
hFC.1+2;"Kunimitsus wichtigster Low, der ihren Kern-Gameplan erfüllt und wohl einer der besten Lows im Spiel ist. Auf Hit geht Kunimitsu mit +5 in Backturn (BT) und zwingt den Gegner in eine Lage, in der er raten muss. ""BT.1+2"" ist eine gute erste Option nach einem getroffenen hFC+1+2, während ""BT.d+2"" nützlich ist, um am Leben des Gegners zu knabbern, wenn er nachlässig wird. Power Crushes und Rage Arts können gegen BT.1+2 effektiv sein, aber Kunimitsu hat ""BT.1,4"", das in dieser Situation genau diese Optionen schlägt. Auf Block lässt hFC.1+2 Kunimitsu nur bei -12, was den Move für Gegner ohne starken i10- oder i11-Punish oder einen eigenen i12-Punish besonders stressig macht."
d+1+2;"Ein drehender Low, der unter Highs durchrutscht und ihre Poke-Ziele erfüllt. Weil sie dem Gegner mit ihrem Messer in den Fuß schneidet, kann dieser starke Poke nicht per Low Parry abgewehrt werden. Auf Hit bleibt Kunimitsu mit 0F Vorteil in der Hocke, eine unangenehme Situation, in der der Gegner Movement-Optionen gegen einige deiner schnelleren Follow-ups wie ""ws4"" oder ""ws1"" hat. Bei Counter Hit bekommt Kunimitsu satte 15 Frames Vorteil und kann mit Optionen wie ""hFC.1+2"" weiter mixen, um ihre Offensive auszubauen, oder je nach Einschätzung mit Mids wie ""ws2"" oder ""ws3"" checken. Dieser Low ist zentral für Kunimitsus Gameplan; sei nur vorsichtig gegen Charaktere, die aus der Hocke i14-Launcher haben."
SET.1+2;Eine Combo aus zwei Drehschnitten, die ein Heat Engager ist und sich in der Neutral extrem schwer sidesteppen lässt. SET.1+2 ist außerdem ein Heat-Dash-Launcher, wenn er mit Heat trifft. Auf Block ist SET.1+2 nicht nur safe, sondern hat auch ordentlichen Pushback, sodass du mit einem einzigen Backdash gegen manche Optionen Abstand schaffen kannst.
SET.2;"Ein schneller, safer Schnitt gegen die Brust, der bei Counter Hit launcht. Am besten kombinierst du diesen Move mit ""f+4"" oder ""BT.4"" als Standard-Frame-Trap gegen Gegner, die SET gerne mit einem Jab checken. Auf normalen Hit gibt SET.2 Kunimitsu 8F Vorteil, wodurch Optionen wie ""df+1"" oder ""d+1"" zu sehr starken Frame Traps werden. Die Reichweite von SET.2 wächst mit der Zeit, die du in SET verbringst."
d+1;"Ein weiterer wichtiger Kunimitsu-Move. Kunimitsu hackt nach dem Gegner und bringt sich und den Gegner in die Hocke, egal ob der Move geblockt wird oder nicht. Auf Hit muss der Gegner sich wegen des hohen Vorteils (+6) mit Optionen wie ""hFC.1+2"" und ""ws2,1"" auseinandersetzen. Auf Block hat Kunimitsu immer noch Vorteil (+3), was den Move zu einem Schlüssel für einen aggressiven Gameplan macht. Außerdem ist ""ws+2,1"" bei Counter Hit garantiert. Ein paar fortgeschrittene Tipps: Wenn d+1 sofort ausgeführt wird, während Kunimitsu in einer Situation 8F Vorteil hat, lässt sich d+1 nicht sidesteppen. Und wenn d+1 mit Moves tradet, nach denen Kunimitsu nur minimale Recovery hat, kann Kunimitsu den Gegner mit ""df+2"" launchen."
BT.1+2;"Ein drehender Messerschnitt aus Backturn, der auf Block safe ist. Wenn dein Gameplan auf Sicherheit ausgerichtet ist, sollte dieser Move deine erste Option sein. Auf Block erholt sich Kunimitsu mit leichtem Nachteil (-2), aber mit ordentlich Abstand zum Gegner, sodass du backdashen und whiff-punishen kannst; auf Hit ist SET.1+2 +7, und du kannst es dir zur Gewohnheit machen, danach ""df+1"" zu nutzen, da es die Konterversuche des Gegners abfängt und Rage Arts sowie Power Crushes schlägt."
f+4;"Ein solider, safer Kniestoß, der durch Halten von vorne in SET übergehen kann. f+4 ist eine Schlüsseloption, wenn du einen aggressiveren Gameplan rund um SET spielen willst, denn du hast Optionen wie f+4 in ""SET.2"", das Jab-Versuche kontert, oder ""SET.1+2"", das Movement-Versuche verhindert. Außerdem ist SET.1+2 nach f+4 bei Counter Hit garantiert. "
ws2;"Ein Move, bei dem Kunimitsu horizontal schneidet. Für sich allein ist ws+2 ein starker Poke, der safe und schwer zu sidesteppen ist. Die Magie des Moves liegt im Follow-up ""ws+2,1"", einem verzögerbaren Heat-Engager-Follow-up, das man mit genug Übung situativ bei Counter Hit confirmen kann. ws+2 funktioniert besonders gut nach ""d+1"", wenn dein Gegner gerne mit einem 11F-Move wie ws4 oder langsamer zurückschlägt. Beim Counter-Hit-Confirm von ws+2,1 ist d+1 in ws+2 die wichtigste Situation, die du lernen solltest, denn sie wird dir am meisten bringen. Mit verfügbarer Heat kann ws+2,1 extrem aggressiv eingesetzt werden: Der Nachteil auf Block wird nach einem Heat Dash zur Gelegenheit, weiter Druck zu machen, was das Risiko-Ertrags-Verhältnis stark verschiebt. Wenn Heat bereits aktiviert oder verbraucht ist, schleudert ws+2,1 den Gegner nach links von dir, sodass du einen Wall Splat im Winkel bekommst."
f,f+4,2;Kunimitsus Spezialisten-Punish mit i10 – nichts für schwache Nerven! Auf Block kannst du, egal ob stehend oder aus der Hocke, mit f,f+4,2 kleine Fehler punishen. Um perfekt mit i10 zu punishen, musst du dein f,f sauber buffern, bevor du 4 drückst. Es muss perfekt sein, sonst bist du vielleicht einen Frame zu langsam. Übung macht den Meister!
SET.1 (with extensions);"Kunimitsus schnellste Option aus SET. ""SET.1,2"" lässt sich hit-confirmen, wenn SET.1 in eine +8-Situation trifft. Wenn der zweite Hit von SET.1,2 trifft, ist ""SET.1,2,2"" garantiert. Auf Block ist SET.1 nur -1, was dir Gelegenheit gibt, dich zu bewegen oder reinzujabben, falls der Gegner einen langsameren Move wählt."
H.u+1+2;"Kunimitsus bester Heat-Move, um Druck zu machen. Ein Hagel aus Messerhieben, der auf Hit einen Wall Splat gibt und auf Block ein Backturn-Mixup erzwingt, bei dem Kunimitsu im Vorteil ist. Gut zu wissen: Obwohl die Block-Situation dieselben Frames hat wie ""1,1,2"",b auf Hit oder ""hFC.1+2"" mit +5, ist der Gegner auf Block weiter weg, was ihm potenziell mehr defensive Optionen gibt."
b+1+2;"Ein safer, relativ schneller, explosiver Mid, der ordentlich Schaden macht. Dieser Move ist super nützlich nach einem getroffenen Heat Engager; ein sauber gebuffertes b+1+2 nach einem Heat Engager verhindert, dass dein Gegner sidesteppt, eine Rage Art oder einen Power Crush einsetzt."
b+1;"Genau wie Yoshimitsus Drehschläge kann sich Kunimitsu insgesamt fünfmal drehen, bevor ihr schwindelig wird. Mit ""b+1,1"" oder mehr Drehungen steht Kunimitsu auf Block bei +5. Die Recovery nach den Drehungen ist fast sofort vorbei, was zum Beispiel gegen Gegner, die gerne High Power Crushes nutzen, extrem effektiv ist."
db+4;Kunimitsus risikoärmster Low-Poke. Er eignet sich zuverlässig, um am Leben des Gegners zu knabbern oder am Rundenende. Er ist nur -12, was ihn zu einem tollen Poke gegen Charaktere wie Kazuya macht, ohne Angst, gelauncht zu werden. Auf Hit ist er neutral, was dir die perfekte Gelegenheit gibt, zu sidesteppen, zu backdashen oder zu agieren.
WR.2;"Kunimitsus Standardoption, um dem Gegner aggressiv Plus-Frames aufzuzwingen. Wenn dein Gameplan auf Aggression ausgerichtet ist, ist das dein Go-to-Move, besonders zusammen mit ""df+1"" als Frame Trap oder ""df+4"", um Movement-Versuche abzuwürgen."
KAT.2;"Ein teleportierender Messerhieb von oben, der auf Block plus ist. Bei Counter Hit wirbelt der Move den Gegner für enormen Schaden in die Luft; nach dem Übergang in KAT aus ""1,1"" oder ""2,2"" ist er schwer zu checken, da er Jabs und manche Mid-Checks zuverlässig ausweicht."
KAT.3;"Ein teleportierender Dive Kick mit einer Extension in einen Launcher, ähnlich wie ""KAT.2""; du kannst ihn nach ""1,1"" oder ""2,2"" nutzen, um Jabs und manchen Mids auszuweichen. ""KAT.3,2"" setzt du idealerweise ein, wenn du den Whiff des Gegners visuell bestätigt hast. KAT.3 eignet sich außerdem als optimaler Combo-Ender in der Bildschirmmitte. Die richtige Distanz zu treffen ist knifflig, aber wenn du KAT.3 so spacest, dass er einen Gegner in der Luft mit +2 Frames Vorteil oder mehr trifft, kannst du für zusätzlichen Schaden ""qcf+2"" ausführen. Hier ist ein ""[video example](https://youtu.be/sp6UOCVVrr4)"", wie du den Kick spacen solltest."
qcf+1+2;"Eine von Kunimitsus wichtigsten homenden Optionen, um Spieler am Sidesteppen gegen sie zu hindern. Safe auf Block und außerdem nützlich in bestimmten Combo-Routen, in denen sie sonst nicht hinkommen würde. Wenn dein Gegner nach Poke-Situationen gerne ziellos herumläuft, kannst du ihm das mit qcf+1+2 abgewöhnen. Wenn der Angriff keinen Wall Splat gibt, kannst du mit ""qcf+2"" nachsetzen."
uf+3;"Ein Hopkick mit großer Reichweite, bei dem Kunimitsu in die Luft springt. Er lässt sich auf Block zwar leichter punishen als ""df+2"", aber im Allgemeinen ist uf+3 die bessere Wahl, weil er über Lows springen kann. Als Whiff Punish auf große Distanz ist er extrem stark, also lerne, ihn einzusetzen!"
b+2;Ein umfunktionierter Power Crush aus Tekken 7, der jetzt ein safer Counter-Hit-Launcher mit gutem Tracking gegen nach links laufende Gegner ist. Da b+2 eine der langsameren Optionen in Kunimitsus Kit ist, ist er sehr gut gegen Gegner, die ihre Optionen gerne verzögern.
3;"Ein relativ schneller homender High mit dem Follow-up ""3,4"". Dieser Move ist besonders gut gegen Gegner, die gegen Kunimitsu nach links laufen wollen. Mit Übung kann man das Follow-up gegen laufende Gegner auch confirmen. 3 lässt sich ähnlich wie ""qcf+1+2"" einsetzen, da das Ziel ist, den Gegner am Sidesteppen zu hindern, aber nimm 3, wenn du in einer Situation eine schnellere Option brauchst und dir zutraust, das Follow-up zu hit-confirmen. Als fortgeschrittene Technik: Wenn Kunimitsu eine Wand links von sich hat und parallel zu ihr steht, kann 3,4 als Launcher dienen, da er einen Pickup mit ""f,d,df+2"" erlaubt. Hier ist ein ""[video example](https://youtu.be/w0HAx0JY24M)"" des Pickups."
KAT.1,2;"Ein safer, schneller, verzögerbarer, hit-confirmbarer String mit Heat Engager. KAT.1,2 ist eine tolle Option nach ""2,2"" oder ""1,1"", besonders wenn dein Gegner nach einem Treffer gerne drückt. Dein Gegner kann dem ersten Hit ausweichen, wenn er zu seiner Rechten sidesteppt; führst du den zweiten Hit sofort aus, whifft er ebenfalls, aber wenn du den zweiten Hit leicht verzögerst, richtet er sich neu aus und trifft den Gegner. Der zweite Hit lässt sich außerdem durch Halten von unten abbrechen."
H.KAT.d+1+2;Ein extrem ausweichstarker Heat-Move, der auf bestimmte Distanzen einen Wall Splat geben kann. Dieser Move ist mit einem Jab oder einem Mid extrem schwer zu checken.
f+1+2;Ein einzelner Heat Engager mit gekreuzten Messern, der auf Block safe ist. Er trackt Gegner, die nach rechts sidesteppen wollen, vollständig. Für Heat-Dash-Combos sollte das dein Standard-Button sein, da er die einzige Option ist, die den Charakter bei einem Treffer in der Luft rutschen lässt.
db+2,4;"Ein safer Poke-String, der mit einem Messerschnitt beginnt. Eine gute Mid-Check-Sequenz für das Rundenende. ""db+2"" funktioniert auch allein und bringt Kuni in die Hocke, von wo sie mit Tools wie ""ws2"" oder ""hFC.1+2"" mixen kann."
SS.2;"Ein Messer-Mid-Check aus einem Sidestep, der sie in Backturn bringt. Anders als bei Kunimitsus anderen Übergängen in ihr Backturn-Mixup ist Kunimitsu hier tatsächlich im Nachteil. Für Spieler, die Kunimitsu etwas vorsichtiger spielen, ist das Ziel, SS.2 per Counter Hit zu landen, was ""BT.1,4"" garantiert."
f,d,df+2;"Kunimitsus zweiter Spezialisten-Punish, diesmal für Moves, die auf Block -14 sind. Wie ""qcf+2"" und ""f,f+4"" lässt sich f,d,df+2 buffern, um die Moves deines Gegners leichter zu punishen. "
2,2;"Ein doppelter Messerhieb, den der Großteil des Casts nicht parieren kann. 2,2 kann mit ""2,2,1+2"" auf Hit oder Block in Katon übergehen. Auf Hit bieten sich Optionen wie ""KAT.1,2"" an, um den Druck aufrechtzuerhalten; auf Block sind dagegen Optionen wie ""KAT.2"" oder ""KAT.3"" besser, falls der Gegner zurückschlagen will. Wenn dein Gegner nach dem Blocken von ""2,2"" gerne seinen Turn zurücknimmt, kannst du das mit ""2,2,2,2"" verhindern. Setz diese Extension sparsam und nur zur Konditionierung ein, da der dritte und vierte Hit High sind. Wenn du jemanden in den Rücken punishen kannst, kannst du ""2,2,2,2,2"" komplett ausführen."
SS.4;"Ein Move im Snake-Edge-Stil aus einem Sidestep. Dieser Move ist sehr riskant, da er auf Block hart punishbar ist. Außerdem hat er eine Clean-Hit-Eigenschaft; du solltest immer den Clean Hit anstreben, um den maximalen Nutzen aus dem Move zu ziehen. Da du dafür so nah dran sein musst, setzt du ihn am besten ein, wenn der Gegner mit dem Rücken zur Wand steht. Bei einem Clean Hit geht der Gegner zu Boden und ""qcf+2"" ist garantiert."
3+4;"Ein einzelner Sprung-Move mit Strong-Aerial-Tailspin-Eigenschaften (SAT). In der Neutral solltest du ihn nicht nutzen, da es in Kunimitsus Kit bessere Tools gibt; er verdient aber eine besondere Erwähnung, weil er Mixups gegen aufstehende Gegner ermöglicht. Wenn Kunimitsu 3+4 gegen einen Gegner in der Luft landet, reindasht und dann f+3 gegen einen Gegner macht, der einen Tech Roll ausführt, kann sie am Gegner vorbeirutschen, während die Kamera stehen bleibt, und sofort ""BT.f+1+2"" ausführen; so landet sie gegen ahnungslose Gegner einen Launcher."
f+2,3;"Ein unterschätzter String abseits seiner Nutzung als 13f-Punish. ""f+2"" allein ist ein Poke mit großer Reichweite, den du als Alternative zu ""df+1"" oder ""df+4"" nutzen kannst, um einen vorrückenden Gegner auszubremsen. f+2,3 eignet sich außerdem als Counter-Hit-Confirm-Tool, wenn du nahe der Wand nach einem Wall Splat fischst. Und wenn du deinen Gegner zu Boden bringst und er nach rechts rollt, kannst du reindashen und mit ""f+3"" eine ähnliche Mixup-Situation wie nach ""3+4"" erzeugen, auch wenn die Eingabe schwieriger ist."
ub+3;Der Ausbrecher-Move, der Kunimitsu nach links katapultiert. Dieser Move ist in bestimmten Matchups sehr nützlich, besonders gegen Stance-Optionen, die dein Gegner mit sofortigem Timing einsetzt. Sei mit deinen Fluchtversuchen nicht zu vorhersehbar, sonst wirst du gelauncht.

#panic_moves
Command;Description
KAT.2 | KAT.3,2 | h.KAT.d+1+2;Eine Sammlung ausweichstarker Moves aus der Katon-Stance, mit denen Kunimitsu Jabs und sogar manchen Mid-Checks ausweichen kann.
d+3+4;Kunimitsus Power Crush stößt den Gegner weit zurück, wenn er absorbiert oder geblockt wird.
1,2,4;Ein String, der sich bei Counter Hit confirmen lässt. Gut als schnelles Get-off-me-Tool.
hFC.1 (db+1);Dein Jab aus der Hocke, der dich direkt in dein Mixup aus der Hocke bringt.
ub+3;Ein Move, mit dem Kunimitsu aus der Gefahrenzone springt.

#punishers_standing
Startup;Command;Description
i10;1,2,2;Durch Halten von hinten geht es in Backturn.
i10;f,f+4,2;Punish mit hohen Anforderungen an die Ausführung. Gibt Wall Splat. Schwer zu buffern.
i12;4,2;Geht in Backturn.
i13;f+2,3;Gibt Wall Splat und schlägt den Gegner im Winkel zu Boden.
i13;qcf+2;Punish mit hohen Anforderungen an die Ausführung, Langstrecken-Punish für Moves wie ff+2 der Bären.
i14;f,d,df+2;Launcher mit hohen Anforderungen an die Ausführung. Lässt sich buffern.
i15;uf+3
i15;qcf+1;Für Pauls Deathfist (qcf+2).

#punishers_crouching
Startup;Command;Description
i10;f,f+4,2;Punish mit hohen Anforderungen an die Ausführung. Gibt Wall Splat.
i11;ws4
i12;ws1,1
i13;ws2,1;Heat Engager. Gibt Wall Splat. Schleudert im Winkel weg, wenn Heat verbraucht ist.
i14;f,d,df+2;Launcher mit hohen Anforderungen an die Ausführung. Lässt sich buffern.
i15;ws3


#punishers_whiff
Command;Description
qcf+2;Schnelle Mid-Option für Whiff Punishes.
uf+3;Schnellster Mid-Launcher. Eine solide Option, um Moves mit längerer Whiff-Recovery zu punishen.
f,f+4,2;Hat große Reichweite und ist sehr schnell, birgt aber viel Risiko, wenn man ihn falsch einsetzt.


#combos_normal
Starter;Combo
df+2 | KAT.3,2 | ws3 | CH f,f+2 | CH df+(1),3 | CH KAT.2;uf+3 > f+3+4 > BT.4f > SET.1,2,1 > 3+4 > qcf+1
uf+3;df+4 > f+3+4 > BT.4f > SET.1,2,1 > 3+4 > qcf+1
db+2,4,2 | CH u+2 | CH SET.3;ws4 > f+3+4 > BT.4f > SET.1,2,1 > 3+4 > qcf+1
BT.1+2 | CH MUS.2 | CH (3),4;KAT.4,2 > f+3+4 > BT.4f > SET.1,2,1 > 3+4 > qcf+1
CH b+2;ws2,1 > f+3+4 > BT.4f > SET.1,2,1 > 3+4 > qcf+1
CH SET.2 | H.db+1+2;KAT.4,2 > f+3+4 > BT.4f > SET.1 > qcf+1
SET.1+2 (Into HD) | f+1+2 (Into HD);3+4 > df+4 > f+3+4 > BT.4f > SET.1,2,1 > 3+4 > qcf+1




#combos_beginner
Starter;Combo
df+2 | uf+3  | KAT.3,2 | ws3 | CH f,f+2 | CH df+(1),3 | CH KAT.2 | CH b+2 | BT.1+2 | SET.1+2 (Into HD) | f+1+2 (Into HD);f+3+4 > BT.4f > SET.1,2,1 > 3+4 > qcf+1
CH SET.2 | H.db+1+2;f+3+4 > BT.4 > f+4 > SET.1,2,1






#combos_ender
Type;Combo
wall_break;qcf+1+2
floor_break;f,f+4,2
carry;f+3+4


#combos_wall
Type;Combo
normal;1 > df+1 > d+2,1,2,1+2
normal;b+1,1 > df+1,2,2
tornado;df+1,3 > 1 > d+2,1,2,1+2
tornado;b+4,3 > 1 > d+2,1,2,1+2


#combos_small
Starter;Combo
uf+2 | MUS.2 | BT.4 | 3,4 | (1,1),4 | KAT.2 | SET.4,3 | SET.1,2,4 | ub+2 (At wall);qcf+2
uf+4 | SET.1,2,3;f,f+2
CH d+1;ws2,1
CH f+4;SET.1+2
CH SS.2;BT.1,4
CH b+(4),3 | (1,1),2 | SET.(1,2),2;qcf+1
ws2,1 (Into HD) | BT.1,4 (Into HD) | KAT.1,2 (Into HD);qcf+1+2




#stances
Type;Command / Name;Description
stance;f+3 / Setsunagake (SET);"Eine Stance, mit der Kunimitsu nach vorne stürmt und schnell die Distanz zum Gegner überbrückt. Zusammen mit ""f+4"", ""BT.4"" kann ""SET.2"" als Frame Trap gegen Gegner eingesetzt werden, die mit einem Jab zurückschlagen wollen. Aus SET hast du Zugriff auf Kunimitsus Command Grabs ""uf+1+2"" und ""f+1+4""."
stance;1+2 / Katon (KAT);"Eine auf Ausweichen ausgelegte Stance mit Optionen wie ""KAT.2"" und ""KAT.3"", mit denen Kunimitsu sich aus der Reichweite der meisten Konterversuche teleportiert. In diese Stance kommst du vor allem mit ""1,1"" oder ""2,2"". "
command;b+3+4 / Disengage (BT);"Eine Aktion, die Kunimitsu in ihre Backturn-Stance bringt. In Backturn kommst du auch über ""4,2"", ""1,2,2"" mit hinten, ""SET.1,2"" mit hinten oder ""df+3+4"". In Backturn hat sie relativ starke Optionen wie ""BT.1+2"", das in den meisten Situationen als safer Mid-Check dient, oder ""BT.d+2"", das, nachdem ""BT.1+2"" etabliert ist, ein weiteres Tool ist, um an der Lebensleiste des Gegners zu knabbern. Außerdem hat Kunimitsu aus Backturn ein 2-Wege-Wurf-Mixup mit ""BT.1+4"" oder ""[BT.1+3](1+3)"" oder  ""[BT.2+4](2+4)""."


#frame_traps
Starter;Trap
1;1,2,4
f,f,F+2;df+1
f+4;SET.2



#knowledge_checks
Command;Description
1;"Kunimitsu hat ""1,1,2"" und ""1,1,4"", Strings, die darauf ausgelegt sind, Konterversuche zu schlagen. Der letzte Hit beider Strings lässt sich nach rechts sidesteppen. Kunimitsu kann ""1,1,1"" nutzen, um dieses Konterspiel zu schlagen; sidesteppst du nach rechts und blockst sofort, weichst du den genannten Follow-ups aus und blockst 1,1,1. Achte außerdem auf 1 in ""1,2,4"", eine häufige Frame Trap, die sich per Counter Hit confirmen lässt. Jab in ""uf+1+2"" oder ""f+1+4"" ist für neue Spieler eine solide Strategie."
u+2;"Ein sehr langsamer, springender Low, der etwa eine halbe Sekunde zum Herauskommen braucht. Kunimitsu kann diesen Move abbrechen, indem sie vor der Landung unten hält. Kunimitsu kann in ""ws+2"" oder ""hFC.1+2"" mixen. Als Verteidiger kannst du mit einem Hopkick sowohl den Low als auch die Abbruch-Option schlagen."
d+1+2;"d1+2 ist auf Hit exakt neutral und lässt Kunimitsu in der Hocke. Als Verteidiger kannst du durch einen Sidestep nach links ""ws+1"" und ""ws+4"" ausweichen. Je nach Charakter kannst du sogar um ""hFC.1+2"" und ""ws2"" herumlaufen."
d+1;"Dieser Move ist ein sehr starkes Tool, mit dem Kunimitsu dich zur Interaktion zwingt. Als Verteidiger ist ws4 hier riskant, da Kunimitsus ""ws+2,1"" dich per Frame Trap erwischt. Stattdessen musst du als Verteidiger hier eine Art Rateentscheidung treffen; wenn du aber mit einer Aktion antworten willst, lohnt sich ein Jab aus der Hocke oder jeder andere Move, der in 10 Frames herauskommt, da er mit ""ws+2"" tradet. Wenn Kunimitsu einen Move wählt, der langsamer als i13 ist, wie ""hFC.1+2"", was in dieser Situation sehr häufig ist, bekommst du deinen Turn zurück."
df+1,2;"Der zweite Hit dieses Strings lässt sich stark verzögern, um den Gegner aus dem Konzept zu bringen. Als Verteidiger kannst du, wenn dein Gegner den zweiten Hit gerne verzögert, mit einem i10 dazwischengehen, aber pass auf ""df+1,2,2"" auf, das dich dafür punisht. Wenn dein Charakter einen 14F-Launcher hat, ist es besser, auf den dritten Hit zu warten und ihn dann zu launchen."


#defense_tips
Title;Description
Sidestep nach links in der Neutral;"Ein Sidestep nach links in der Neutral kommt auch mit ihren wichtigen Pokes zurecht; kleinere Pokes wie df+4 machen wenig Schaden und geben nur minimalen Frame-Vorteil."
"Sidestep nach rechts gegen ""SET"" und ""KAT""";"Ein Sidestep nach ""2,2"" und ""1,1"" weicht allen KAT-Optionen aus. Die einzige trackende Option ist ""KAT.1,2"", wenn der zweite Hit verzögert wird. Ein Sidestep nach dem Blocken von ""f+4"" schützt dich vor den meisten wichtigen SET-Optionen und gibt dir gegen Optionen wie ""SET.2"" Gelegenheiten, den Gegner zu launchen. Auf Distanz gegen Kunimitsu solltest du also nach rechts sidesteppen und laufen. Und auf kurze Distanz willst du dich nach links bewegen."
"""SET"" challengen";Auch wenn es sehr beängstigend wirken kann, SET zu challengen, kannst du Kunimitsu damit wirklich davon abbringen, sich auf SET zu verlassen. Ein df+2 gegen ihren Ansturm bringt viel, und versuch es besonders dann, wenn du ein safes df+2 hast.


#defense_moves
Command;Description
3,4;Der erste und der zweite Hit dieses Moves lassen sich ducken. Alternativ kannst du, wenn du Yoshimitsu spielst, den zweiten Hit flashen. So oder so solltest du nach dem Blocken des ersten Hits ducken, besonders wenn der Kunimitsu-Spieler Probleme hat, den zweiten Hit zu confirmen.
db+2,4,2;Der dritte Hit dieses Strings ist safe, lässt sich aber nach dem Blocken des zweiten Hits mit einem i17-Move unterbrechen.
1,2,2;"Wenn er falsch als Punish eingesetzt wird, lässt sich der letzte Hit ducken. Sei vorsichtig, denn der Kunimitsu-Spieler kann auch ""1,2,4"" nutzen, das Duck-Versuche trifft."
SET.1,2,2;"Der zweite Hit dieses Strings lässt sich ducken, und der dritte Hit lässt sich nach rechts sidesteppen. Wenn du dich fürs Ducken entscheidest, kann Kunimitsu das Timing des zweiten Hits stark verzögern, um dein Duck-Timing zu stören; halte Ducken gedrückt oder tippe es schnell an, je nachdem, was gegen deinen Gegner am besten ist."
BT.1,4;Kunimitsu-Spieler nutzen diesen Move eventuell, um einen Heat Dash auszuführen. Der erste und zweite Hit sind High und lassen sich ducken.





#resources_external
Url;Name
https://youtu.be/uL2cfy23FkU?si=6ct1JxjcJGx6EQQu;RyzingSols Combo-Guide
https://www.youtube.com/watch?v=cxVTSX3ghK4;TekRavengers umfassender Video-Guide
https://youtu.be/7bzQboSDHjU?si=Pa9Ls8IeGUkmbz0q;JDCRs One-Jab-Video
https://www.youtube.com/playlist?list=PLOr4jyX65St5IBAcUfzTnku197jCS0LjG;Kunimitsu-Replay-Archiv
https://wavu.wiki/t/Kunimitsu;Wavu-Wiki-Seite zu Kunimitsu

#credits
name;url;role
Koenji;https://x.com/koenjideck;author





#about_author
Section
Hi! Hier ist Koenji mit einem weiteren Guide! Diesmal zu Kunimitsu. Für alle, die mich nicht kennen: Ich spiele Tekken seit einem Jahrzehnt mit Unterbrechungen kompetitiv, richtig angefangen habe ich mit Tekken 7. In diesem Spiel habe ich zwei Jahre lang hauptsächlich Azucena gespielt, bevor ich am Ende von Season 2 kurz Miary gespielt habe.
In Season 3 ist Kunimitsu mein Main. Sie ist ein sehr starker Charakter (lass dir nichts anderes erzählen) und besonders gut für Leute, die sich mit Punishes wohlfühlen und gerne viele Interaktionen spielen.
Dieser Guide hat eine Weile gedauert, also hoffe ich, dass du beim Lesen so viel Spaß hast, wie ich Arbeit hineingesteckt habe!

#about
Property;Value
GameVersion;3.02.01
LastUpdated;2026-09-07




#matchups_good
Character;Description
Kuma | Panda;"Kuma und Panda haben sehr schwaches seitliches Movement. Kunimitsu kann das ausnutzen und ihre Mixups gegen sie ausreizen. ""f+4"" in ""SET.2"" kann zum Beispiel keiner der beiden Bären sidesteppen, alle anderen dagegen schon. Außerdem kann Kunimitsu wegen ihres größeren Körpers nach df+1,2,2 mit einem leicht verzögerten qcf+2 zusätzlichen Schaden machen."
Azucena;"Kunimitsu kann Azucenas db+4 launchen, einen wichtigen Poke von ihr, der Highs crusht. Bei misslungenen Punishes kann sie außerdem 1,2 mit einem Launcher punishen. Darüber hinaus kann Kunimitsu mit ""uf+3"" alle f+4-Extensions von Azucena per Option Select abdecken, da ihr Hopkick dem High von Azucenas f+4,4 ausweicht."
Victor;"Victor hat mehrere wichtige Moves, die auf Block -14 sind, etwa uf+1,1 und f,f,f+1+2. Außerdem können wir mit ""ub+3"" einigen IAI-Stances entkommen, gegen die andere Charaktere keine normalen Movement-Optionen haben."




#matchups_bad
Character;Description
Alisa;"Normalerweise spielt der Frame-Vorteil beim Übergang in Backturn in den meisten Matchups keine Rolle; gegen Alisa sind diese Zahlen jedoch extrem wichtig. Bei +5 (""1,1,2"", ""hFC.1+2"" auf Hit oder ""h.u+1+2"" auf Block) kann Alisa fast alle Backturn-Optionen von Kunimitsu weglaufen. Bei +6 (""4,2"" auf Hit) ist BT.1,4 wieder nicht sidestepbar, und bei +8 (""SET.1,2"" in Backturn) kann ""BT.1+2"" wieder als Mid-Check genutzt werden. Wenn du Alisa nicht richtig checkst, kann sie bis hinter Kunimitsu laufen und sie in den Rücken punishen. Wir sollten diese Situation komplett vermeiden, indem wir ihr Movement mit ""BT.4"" richtig challengen."
Lili | Zafina;"Ähnlich wie im Alisa-Matchup können sowohl Lili als auch Zafina Kunimitsus Backturn-Optionen sidesteppen; anders als Alisa können Lili und Zafina ""BT.1,4"" aber selbst bei +6 sidesteppen."
Kazuya;"Auch wenn es nicht das schlechteste Matchup ist, ist Kazuyas EWGF sehr gut darin, Kunimitsu auf Abstand zu halten; ein gut getimter EWGF kann alle SET-Optionen außer ""SET.3"" stoppen. In diesem Matchup musst du sehr bewusst damit umgehen, wie du SET einsetzt. Poke hauptsächlich mit ""hFC.1+2"" und ""db+4"" und sei vorsichtig beim Poken mit Optionen wie ""d+1+2"" oder ""BT.d2""."
