;کونیمتسو گائیڈ


#introduction
Section
"کونیمتسو سیزن 3 کا پہلا نیا کریکٹر ہے، جو اپنی والدہ کی جانشین بن کر کونوئچی کے نئے دور کو آگے بڑھاتی ہے۔ یہ ایک تیز، پوک پر مبنی کریکٹر ہے جو کسی بھی فاصلے سے اور کہیں سے بھی حملہ کر سکتی ہے۔ وہ ""[Setsunagake (SET/f+3)](f+3)"" سے حریف کی طرف لپک کر قریبی حملہ شروع کر سکتی ہے۔ جوابی حملے کے شوقین حریفوں کے خلاف ""[Katon (KAT/1+2)](1+2)"" مکس اپ سے بھرپور اسٹانس ہے جسے وہ ""1,1"" یا ""2,2"" جیسے اہم پوکس کے بعد استعمال کر کے آنے والے حملوں سے ہٹ کر ہوا میں جا سکتی ہے، اور ""[Veil of Night (KAT.2)](KAT.2)"" یا ""[Leaping Moon Blade (KAT.3,2)](KAT.3,2)"" جیسی موووز سے حریف کو حیران کر سکتی ہے۔ اپنے بھروسے مند کونائی کے ساتھ کونیمتسو ""[Savage Kunai Throw (qcf+1)](qcf+1)"" سے اسکرین کے دوسرے کنارے سے حریف کو نشانہ بنا سکتی ہے، یا ""[Cloud Scorching Blossoms (u+1/uf+1)](uf+1)"" سے ہوا میں موجود حریف کو۔ لڑائی میں کونیمتسو کا مشن یہ ہے کہ تیز موومنٹ، مضبوط مکس اپس اور چالاک 50/50 کے ذریعے حریف کو ہمیشہ یہ اندازہ لگانے پر مجبور رکھے کہ اس کا اگلا قدم کیا ہوگا، تاکہ برتری ہمیشہ اس کے پاس رہے۔"
نئے کھلاڑیوں کے لیے کونیمتسو گیم سیکھنے کا ایک بہترین ابتدائی کریکٹر ہو سکتی ہے، جو آپ کو ٹیکن 8 کی پوری جھلک دکھاتی ہے اور ایسا ٹول کٹ رکھتی ہے جس کی قدر وقت کے ساتھ بڑھتی جاتی ہے۔ تجربہ کار کھلاڑیوں کے لیے کونیمتسو تکنیکی مہارت دکھانے کے کئی مواقع دیتی ہے: وہ فاصلے سے قطع نظر اور چاہے کھڑی ہو یا کراؤچ میں، حریف کی چھوٹی سے چھوٹی غلطی کو بھی سختی سے پنش کر سکتی ہے، اور ساتھ ہی ایسے انتہائی مکس اپس اور سیٹ اپس لگا سکتی ہے جو واقعی حریف کے دماغ میں گھر کر جاتے ہیں۔
اس کے کٹ میں زیادہ خامیاں نہیں ہیں اور وہ مجموعی طور پر متوازن ہے؛ تاہم کونیمتسو کو کئی انٹرایکشنز کھیلنے پڑتے ہیں، اس لیے اسے کچھ مشکل پیش آ سکتی ہے، اور خطرے کو دیکھتے ہوئے اس کے تکنیکی پنش میں ناکامی آپ کو مہنگی پڑ سکتی ہے۔ لیکن اگر آپ ٹریننگ میں محنتی ہیں اور تیز رفتار، چالباز انداز کے ٹیکن میں دلچسپی رکھتے ہیں تو کونیمتسو آپ کے لیے ہی ہے۔

#strengths
Strength
"""Polarising Full Crouch and Backturn Mix:"" (فل کراؤچ اور بیک ٹرن کا انتہائی مکس اپ) کونیمتسو کا بنیادی گیم پلان حریف کو مکس اپ کرنا ہے۔ ""d+1"" اور ""hFC.1+2"" جیسے ٹولز کونیمتسو کو ایسی صورتحال میں لاتے ہیں جہاں وہ حریف کو اپنا کھیل کھیلنے پر مجبور کرتی ہے۔"
"""Strong Movement:"" (مضبوط موومنٹ) مضبوط بیک ڈیش اور حریف تک تیزی سے فاصلہ طے کرنے کے لیے ""[SET](f+3)"" جیسے ٹولز کے ساتھ کونیمتسو آسانی سے پورے اسٹیج پر گھومتی ہے اور میچ میں اپنے لیے بہت سے مواقع پیدا کرتی ہے۔"
"""Gifted Punishment:"" (شاندار پنش) کونیمتسو کھڑی ہو یا کراؤچ میں، غلطیوں کو سختی سے پنش کر سکتی ہے: مشکل سے ہونے والے 10 فریم کے پنشر ""f,f+4,2"" سے، جو حریف کو وال اسپلیٹ کرتا ہے، لے کر ""f,d,df+2"" تک، جسے بفر کر کے 14 فریم پر لانچ کیا جا سکتا ہے۔"



#weaknesses
Weakness
"""Struggles to prevent movement:"" (موومنٹ روکنے میں مشکل) کونیمتسو کے پاس سرگرمی سے حرکت کرنے والے حریفوں سے نمٹنے کے محدود آپشنز ہیں، کیونکہ اس کے قریبی آپشنز دائیں طرف اور دور کے آپشنز بائیں طرف ٹریک کرتے ہیں۔ اسے روکنے کے لیے اس کی موووز یا تو کمزور ہیں (""df+4"")، خطرناک ہیں (""3,4"") یا سست ہیں (""qcf+1+2"")۔"
"""Compulsive Gambler:"" (عادی جواری) کونیمتسو کو نیوٹرل میں مسلسل کئی انٹرایکشنز جیتنے پڑتے ہیں، جس سے حریف کو اسے کاؤنٹر ہٹ کرنے یا اپنی جارحیت دکھانے کے مواقع مل سکتے ہیں۔"



#heat_system
Mechanic
"ہیٹ میں کونیمتسو ""H.u+1+2"" سے بیک ٹرن مکس اپس بہتر طریقے سے زبردستی کر سکتی ہے۔ اسے KAT اسٹانس سے ""H.KAT.d+1+2"" کی صورت میں ایک انتہائی بچنے والا لو بھی ملتا ہے۔ اس کے علاوہ ""H.db+1+2"" کی صورت میں ایک نیا محفوظ لانچر بھی ملتا ہے۔"
"کونیمتسو اپنا ہیٹ اسمیش ""[Flame Riot: Lunar Mirror](H.2+3)"" بھی کر سکتی ہے، جو 14 فریم کا انتہائی طاقتور ہیٹ اسمیش ہے جو وال اسپلیٹ کرتا ہے اور ٹوٹنے والی دیواروں کو فوراً توڑ دیتا ہے۔"


#key_moves
Command;Description
1 (Jab with extensions);"کونیمتسو کا جیب اپنی بے شمار ایکسٹینشنز کی وجہ سے بہت مضبوط ہے اور گیم پلان کا نقطۂ آغاز بن سکتا ہے۔ اگر آپ کا مقصد حریف کو مکس اپ کرنا یا دباؤ ڈالنا ہے تو ""1,1"" بالکل یہی کرتا ہے: یہ ایک محفوظ ہائی مڈ اسٹرنگ ہے جو ہٹ ہونے پر پلس ہے، کاٹون اسٹانس میں جا سکتا ہے اور نیوٹرل میں پوک کرنے دیتا ہے۔ حریف کی جوابی کوشش کو ""1,1,2"" سے خاموش کیا جا سکتا ہے، جو ایک محفوظ فالو اپ ہے اور کاؤنٹر ہٹ پر چھوٹا کومبو دیتا ہے۔ اگر آپ فریم ٹریپ لگانا یا حریف کی پروا کیے بغیر کھیلنا چاہتے ہیں تو ""1,2,4"" جی کلیف طرز کا اسٹرنگ ہے جو کاؤنٹر ہٹ پر یقینی ہے، حریف کو دور پھینک دیتا ہے یا دیوار کے قریب وال اسپلیٹ کرتا ہے۔ ابتدائی پلان کے طور پر، خاص طور پر نئے کھلاڑیوں کے لیے، ان مقاصد کو ملا کر استعمال کرنا میچ میں اپنی بات منوانے میں مدد دیتا ہے۔ جب آپ کونیمتسو کے جیب پر عبور حاصل کر لیں گے تو آپ حریف کی حملے کی کوششوں کو ناکام بناتے ہوئے میچ کی رفتار کو مؤثر طریقے سے کنٹرول کر سکیں گے۔"
df+1;"کونیمتسو کے مشہور مڈ چیک کی ایک اسٹرنگ ایکسٹینشن ""df+1,2,2"" ہے۔ اس موو کے کئی استعمال ہیں: عام پوک کے طور پر، کاؤنٹر ہٹ کی تلاش کے لیے، یا ایسے بے صبر حریف کے خلاف فریم ٹریپ کے طور پر جو اس کے ڈیلے ہونے والے اسٹرنگ حملے میں پھنس جائے۔ ""df+1,2"" کے کامیاب کاؤنٹر ہٹ پر آپ پورا df+1,2,2 کر سکتے ہیں، جو وال اسپلیٹ کر سکتا ہے۔ اگر وال اسپلیٹ نہ ہو اور حریف دیوار کے قریب ہو تو تیسری ہٹ کے بعد ""qcf+2"" یقینی ہے۔ ٹیکن 7 میں df+1 اسٹرنگ کو بہت زیادہ ڈیلے کیا جا سکتا تھا، اسی وجہ سے یہ مشہور تھا۔ ٹیکن 8 میں دوسری ہٹ کا ڈیلے ختم کر دیا گیا ہے، لیکن کافی مشق کے ساتھ پہلی ہٹ سے df+1 ایکسٹینشن کو کنفرم کرنا اب بھی ممکن ہے۔"
hFC.1+2;"کونیمتسو کا اہم لو جو اس کے بنیادی گیم پلان کو پورا کرتا ہے اور غالباً گیم کے بہترین لوز میں سے ایک ہے۔ ہٹ ہونے پر کونیمتسو پلس 5 پر بیک ٹرن (BT) میں چلی جاتی ہے اور حریف کو اندازہ لگانے پر مجبور کرتی ہے۔ hFC+1+2 لگنے کے بعد ""BT.1+2"" ایک بہترین پہلا آپشن ہے، اور اگر حریف لاپروا ہو جائے تو ""BT.d+2"" اس کی ہیلتھ کم کرنے کے کام آتا ہے۔ پاور کرش اور ریج آرٹس BT.1+2 کے خلاف مؤثر ہو سکتے ہیں، لیکن کونیمتسو کے پاس ""BT.1,4"" ہے جو اس صورتحال میں ان آپشنز کو ہرا دیتا ہے۔ بلاک ہونے پر hFC.1+2 کونیمتسو کو صرف مائنس 12 پر چھوڑتا ہے، جو ان حریفوں کے لیے اسے اور بھی پریشان کن بنا دیتا ہے جن کے پاس مضبوط i10 یا i11 پنش یا مخصوص i12 پنش نہیں ہے۔"
d+1+2;"گھومتا ہوا لو حملہ جو ہائی حملوں کے نیچے سے نکل جاتا ہے اور پوک کے مقاصد پورے کرتا ہے۔ چونکہ وہ اپنے چاقو سے حریف کا پاؤں کاٹتی ہے، اس طاقتور پوک کو لو پیری نہیں کیا جا سکتا۔ ہٹ ہونے پر کونیمتسو 0 فریم کی برتری کے ساتھ کراؤچ میں رہتی ہے، ایک عجیب صورتحال جس میں حریف کے پاس ""ws4"" یا ""ws1"" جیسے آپ کے تیز فالو اپس کے خلاف موومنٹ کے آپشنز ہوتے ہیں۔ کاؤنٹر ہٹ پر کونیمتسو کو پورے 15 فریم کی برتری ملتی ہے، جس سے وہ ""hFC.1+2"" جیسے آپشنز سے مکس اپ کر کے حملہ جاری رکھ سکتی ہے، یا آپ کے اندازے کے مطابق ""ws2"" یا ""ws3"" جیسے مڈز سے چیک کر سکتی ہے۔ یہ لو کونیمتسو کے گیم پلان کا مرکز ہے؛ بس ان کریکٹرز کے خلاف احتیاط کریں جن کے پاس کراؤچ سے i14 لانچرز ہیں۔"
SET.1+2;دو بار گھوم کر کاٹنے والا کومبو جو ہیٹ انگیجر ہے اور نیوٹرل میں اس سے سائیڈ اسٹیپ کرنا انتہائی مشکل ہے۔ اگر ہیٹ کے ساتھ لگے تو SET.1+2 ہیٹ ڈیش لانچر بھی ہے۔ بلاک ہونے پر SET.1+2 نہ صرف محفوظ ہے بلکہ اچھا پش بیک بھی دیتا ہے، جس سے آپ ایک بیک ڈیش سے کچھ آپشنز کے خلاف فاصلہ بنا سکتے ہیں۔
SET.2;"سینے پر تیز اور محفوظ کٹ جو کاؤنٹر ہٹ پر لانچ کرتا ہے۔ اسے ان حریفوں کے خلاف جو SET کو جیب سے چیک کرنا پسند کرتے ہیں، بنیادی فریم ٹریپ کے طور پر ""f+4"" یا ""BT.4"" کے ساتھ ملا کر استعمال کرنا بہترین ہے۔ عام ہٹ پر SET.2 کونیمتسو کو 8 فریم کی برتری دیتا ہے، جس سے ""df+1"" یا ""d+1"" جیسے آپشنز بہت مضبوط فریم ٹریپ بن جاتے ہیں۔ SET.2 کی رینج SET میں گزارے گئے وقت کے ساتھ بڑھتی ہے۔"
d+1;"کونیمتسو کی ایک اور اہم موو۔ کونیمتسو حریف پر نیچے کی طرف وار کرتی ہے اور بلاک ہو یا نہ ہو، خود کو اور حریف دونوں کو کراؤچ کی حالت میں لے آتی ہے۔ ہٹ ہونے پر برتری زیادہ (پلس 6) ہونے کی وجہ سے حریف کو ""hFC.1+2"" اور ""ws2,1"" جیسے آپشنز کا سامنا کرنا پڑتا ہے۔ بلاک ہونے پر بھی کونیمتسو کو برتری (پلس 3) رہتی ہے، جو اسے جارحانہ گیم پلان مسلط کرنے کی اہم موو بناتی ہے۔ مزید یہ کہ کاؤنٹر ہٹ پر ""ws+2,1"" یقینی ہے۔ چند ایڈوانسڈ ٹپس: اگر کسی صورتحال میں کونیمتسو کو 8 فریم کی برتری ہو اور d+1 فوراً کیا جائے تو d+1 سے سائیڈ اسٹیپ نہیں ہو سکتا۔ مزید یہ کہ اگر d+1 ایسی موووز سے ٹریڈ ہو جو کونیمتسو کو کم سے کم ریکوری میں چھوڑیں تو کونیمتسو ""df+2"" سے حریف کو لانچ کر سکتی ہے۔"
BT.1+2;"بیک ٹرن سے گھومتا ہوا چاقو کا وار جو بلاک ہونے پر محفوظ ہے۔ اگر آپ کا گیم پلان حفاظت کے گرد گھومتا ہے تو یہ موو آپ کا پہلا آپشن ہونا چاہیے۔ بلاک ہونے پر کونیمتسو معمولی نقصان (مائنس 2) پر ریکور ہوتی ہے، لیکن حریف سے کافی فاصلے کے ساتھ، جس سے آپ بیک ڈیش کر کے وِف پنش کر سکتے ہیں؛ ہٹ ہونے پر SET.1+2 پلس 7 ہے، اس لیے اس کے بعد ""df+1"" استعمال کرنے کی عادت ڈالیں کیونکہ یہ حریف کی جوابی کوششوں کو پکڑ لیتا ہے اور ریج آرٹس اور پاور کرش کو ہرا دیتا ہے۔"
f+4;"ایک مضبوط اور محفوظ گھٹنے کا وار جو فارورڈ ہولڈ کرنے پر SET میں جا سکتا ہے۔ اگر آپ SET کے گرد زیادہ جارحانہ گیم پلان چاہتے ہیں تو f+4 ایک اہم آپشن ہے، کیونکہ آپ کے پاس f+4 سے ""SET.2"" جیسے آپشنز ہیں جو جیب کی کوششوں کو کاؤنٹر کرتے ہیں، یا ""SET.1+2"" جو موومنٹ کی کوششوں کو روکتا ہے۔ مزید یہ کہ کاؤنٹر ہٹ پر f+4 کے بعد SET.1+2 یقینی ہے۔ "
ws2;"ایک موو جس میں کونیمتسو افقی طور پر کاٹتی ہے۔ اکیلے ws+2 ایک مضبوط پوک ہے جو محفوظ ہے اور اس سے سائیڈ اسٹیپ کرنا مشکل ہے۔ اس موو کا اصل جادو اس کے فالو اپ ""ws+2,1"" میں ہے، جو ڈیلے ہونے والا ہیٹ انگیجر فالو اپ ہے اور کافی مشق سے صورتحال کے مطابق کاؤنٹر ہٹ پر کنفرم کیا جا سکتا ہے۔ اگر حریف ws4 جیسی 11 فریم یا اس سے سست موو سے جواب دینا پسند کرتا ہے تو ws+2 خاص طور پر ""d+1"" کے بعد اچھا کام کرتا ہے۔ ws+2,1 کے کاؤنٹر ہٹ کنفرم میں d+1 سے ws+2 سب سے اہم صورتحال ہے جسے آپ کو سیکھنا چاہیے، کیونکہ اس سے آپ کو بہت فائدہ ہوگا۔ ہیٹ دستیاب ہو تو ws+2,1 کو انتہائی جارحانہ انداز میں استعمال کیا جا سکتا ہے، اور بلاک پر اس کی کمزوری ہیٹ ڈیش کے بعد مزید دباؤ کا موقع بن جاتی ہے، جس سے رسک اور ریوارڈ کا توازن بہت بدل جاتا ہے۔ اگر ہیٹ پہلے ہی ایکٹیویٹ یا خرچ ہو چکی ہو تو ws+2,1 حریف کو آپ کی بائیں طرف پھینکتا ہے، جس سے آپ زاویے پر وال اسپلیٹ کر سکتے ہیں۔"
f,f+4,2;کونیمتسو کا ماہرانہ i10 پنش آپشن، کمزور دل والوں کے لیے نہیں! بلاک کے بعد، چاہے آپ کھڑے ہوں یا کراؤچ میں، f,f+4,2 سے چھوٹی غلطیوں کو پنش کیا جا سکتا ہے۔ i10 پر بالکل درست پنش کرنے کے لیے آپ کو 4 دبانے سے پہلے f,f کو صحیح طریقے سے بفر کرنا ہوگا۔ یہ بالکل درست ہونا چاہیے، ورنہ آپ ایک فریم دیر کر سکتے ہیں۔ مشق ہی کمال ہے!
SET.1 (with extensions);"کونیمتسو کا SET سے سب سے تیز آپشن۔ اگر SET.1 پلس 8 کی صورتحال میں لگے تو ""SET.1,2"" کو ہٹ کنفرم کیا جا سکتا ہے۔ اگر SET.1,2 کی دوسری ہٹ لگے تو ""SET.1,2,2"" یقینی ہے۔ بلاک ہونے پر SET.1 صرف مائنس 1 ہے، جس سے اگر حریف سست موو استعمال کرے تو آپ کو حرکت کرنے یا جیب مارنے کا موقع ملتا ہے۔"
H.u+1+2;"دباؤ ڈالنے کے لیے کونیمتسو کی بہترین ہیٹ موو۔ چاقو کے وار کی بوچھاڑ جو ہٹ ہونے پر وال اسپلیٹ کرتی ہے اور بلاک ہونے پر بیک ٹرن مکس اپ مسلط کرتی ہے، جس سے کونیمتسو کو برتری ملتی ہے۔ یہ جاننا مفید ہے کہ اگرچہ بلاک کی صورتحال فریمز میں ہٹ ہونے پر ""1,1,2"",b یا پلس 5 والے ""hFC.1+2"" جیسی ہے، بلاک پر حریف زیادہ دور ہوتا ہے، جس سے اسے ممکنہ طور پر زیادہ دفاعی آپشنز مل سکتے ہیں۔"
b+1+2;محفوظ، نسبتاً تیز اور دھماکہ خیز مڈ جو اچھا خاصا ڈیمج کرتا ہے۔ یہ موو ہیٹ انگیجر لگانے کے بعد بہت مفید ہے؛ ہیٹ انگیجر سے صحیح بفر کیا گیا b+1+2 حریف کو سائیڈ اسٹیپ، ریج آرٹ یا پاور کرش استعمال کرنے سے روکتا ہے۔
b+1;"یوشیمتسو کے گھومنے والے مکوں کی طرح کونیمتسو بھی چکر آنے سے پہلے کل پانچ بار گھوم سکتی ہے۔ ""b+1,1"" یا اس سے زیادہ گھومنے پر بلاک کی صورت میں کونیمتسو پلس 5 پر رہتی ہے۔ گھومنے کے بعد ریکوری تقریباً فوری ہے، جو مثال کے طور پر ہائی پاور کرش پسند کرنے والے حریفوں کے خلاف انتہائی مؤثر ہے۔"
db+4;کونیمتسو کا سب سے کم خطرے والا لو پوک۔ اسے حریف کی ہیلتھ کم کرنے یا راؤنڈ کے آخر میں بھروسے سے استعمال کیا جا سکتا ہے۔ یہ صرف مائنس 12 ہے، جو اسے کازویا جیسے کریکٹرز کے خلاف لانچ ہونے کی فکر کے بغیر بہترین پوک بناتا ہے۔ ہٹ ہونے پر یہ نیوٹرل ہے، جو آپ کو سائیڈ اسٹیپ، بیک ڈیش یا کوئی ایکشن کرنے کا بہترین موقع دیتا ہے۔
WR.2;"حریف پر جارحانہ انداز میں پلس فریمز مسلط کرنے کے لیے کونیمتسو کا اہم آپشن۔ اگر آپ کا گیم پلان جارحیت پر مبنی ہے تو یہ آپ کی اہم موو ہے، خاص طور پر جب حریف کو فریم ٹریپ کرنے کے لیے ""df+1"" یا موومنٹ روکنے کے لیے ""df+4"" کے ساتھ استعمال ہو۔"
KAT.2;"ٹیلی پورٹ کر کے اوپر سے چاقو کا وار جو بلاک ہونے پر پلس ہے۔ کاؤنٹر ہٹ پر یہ موو حریف کو ہوا میں الٹ کر بھاری ڈیمج دیتی ہے؛ ""1,1"" یا ""2,2"" سے KAT میں جانے کے بعد اس موو کو چیک کرنا مشکل ہے، کیونکہ یہ جیب اور کچھ مڈ چیکس سے بھروسے سے بچ جاتی ہے۔"
KAT.3;"ٹیلی پورٹ کر کے غوطہ لگاتی کک جس کی لانچر ایکسٹینشن ہے، ""KAT.2"" کی طرح؛ آپ اسے ""1,1"" یا ""2,2"" کے بعد جیب اور کچھ مڈز سے بچنے کے لیے استعمال کر سکتے ہیں۔ ""KAT.3,2"" کو مثالی طور پر تب استعمال کرنا چاہیے جب آپ آنکھوں سے حریف کی وِف دیکھ لیں۔ KAT.3 اسکرین کے درمیان بہترین کومبو اینڈر کے طور پر بھی استعمال ہو سکتا ہے۔ صحیح فاصلہ حاصل کرنا مشکل ہو سکتا ہے، لیکن اگر آپ KAT.3 کو اس طرح اسپیس کر لیں کہ یہ ہوا میں موجود حریف کو پلس 2 یا اس سے زیادہ فریم کی برتری کے ساتھ لگے، تو آپ اضافی ڈیمج کے لیے ""qcf+2"" کر سکتے ہیں۔ اسپائک کو کیسے اسپیس کرنا ہے، اس کی ایک ""[video example](https://youtu.be/sp6UOCVVrr4)"" یہ ہے۔"
qcf+1+2;"کونیمتسو کے اہم ہومنگ آپشنز میں سے ایک، تاکہ کھلاڑی اس کے خلاف سائیڈ اسٹیپ نہ کریں۔ بلاک ہونے پر محفوظ ہے اور مخصوص کومبو روٹس میں بھی مفید ہے جہاں عام طور پر وہ پہنچ نہ پاتی۔ اگر حریف پوک کی صورتحال کے بعد بلا مقصد چلنا پسند کرتا ہے تو آپ qcf+1+2 سے اسے چلنے سے باز رکھ سکتے ہیں۔ اگر حملہ وال اسپلیٹ نہ کرے تو آپ ""qcf+2"" سے فالو اپ کر سکتے ہیں۔"
uf+3;"لمبی رینج والی ہاپ کک جس میں کونیمتسو ہوا میں اچھلتی ہے۔ اگرچہ ""df+2"" کے مقابلے میں حریف کے لیے اسے بلاک کر کے پنش کرنا آسان ہے، عام طور پر uf+3 بہتر ہے کیونکہ یہ لوز کے اوپر سے کود سکتی ہے۔ دور کے وِف پنشر کے طور پر یہ انتہائی طاقتور ہے، اس لیے اسے استعمال کرنا ضرور سیکھیں!"
b+2;ٹیکن 7 کا پرانا پاور کرش جو اب ایک محفوظ کاؤنٹر ہٹ لانچر ہے اور بائیں طرف چلنے والے حریفوں کے خلاف اچھی ٹریکنگ رکھتا ہے۔ چونکہ b+2 کونیمتسو کے کٹ کا ایک سست آپشن ہے، یہ ان حریفوں کے خلاف بہت اچھا ہے جو اپنے آپشنز ڈیلے کرنا پسند کرتے ہیں۔
3;"نسبتاً تیز ہومنگ ہائی جس کا فالو اپ ""3,4"" ہے۔ یہ موو خاص طور پر ان حریفوں کے خلاف اچھی ہے جو کونیمتسو کے خلاف بائیں طرف چلنے کی کوشش کرتے ہیں۔ مشق کے ساتھ چلتے ہوئے حریفوں کے خلاف فالو اپ کو کنفرم کرنا بھی ممکن ہے۔ 3 کو ""qcf+1+2"" کی طرح استعمال کیا جا سکتا ہے کیونکہ مقصد حریف کو سائیڈ اسٹیپ سے روکنا ہے، لیکن اگر کسی صورتحال میں آپ کو تیز آپشن چاہیے اور فالو اپ کو ہٹ کنفرم کرنے پر بھروسہ ہے تو 3 استعمال کریں۔ ایک ایڈوانسڈ تکنیک: اگر کونیمتسو کی بائیں طرف دیوار ہو اور وہ اس کے متوازی ہو تو 3,4 کو لانچر کے طور پر استعمال کیا جا سکتا ہے، کیونکہ اس کے بعد ""f,d,df+2"" سے پک اپ ہو سکتا ہے۔ پک اپ کی ایک ""[video example](https://youtu.be/w0HAx0JY24M)"" یہ ہے۔"
KAT.1,2;"محفوظ، تیز، ڈیلے اور ہٹ کنفرم ہونے والا اسٹرنگ جس میں ہیٹ انگیجر ہے۔ KAT.1,2 ""2,2"" یا ""1,1"" کے بعد غور کرنے کے لیے بہترین آپشن ہے، خاص طور پر اگر حریف ہٹ ہونے کے بعد بٹن دبانا پسند کرتا ہو۔ اگر حریف اپنی دائیں طرف سائیڈ اسٹیپ کرے تو پہلی ہٹ سے بچ سکتا ہے؛ دوسری ہٹ فوراً کرنے پر وہ بھی وِف ہوگی، لیکن اگر آپ دوسری ہٹ کو تھوڑا ڈیلے کریں تو وہ رخ درست کر کے حریف کو لگے گی۔ دوسری ہٹ کو ڈاؤن ہولڈ کر کے کینسل بھی کیا جا سکتا ہے۔"
H.KAT.d+1+2;انتہائی بچنے والی ہیٹ موو جو مخصوص فاصلوں پر وال اسپلیٹ کر سکتی ہے۔ اسے جیب یا مڈ سے چیک کرنا انتہائی مشکل ہے۔
f+1+2;چاقو کراس کرنے والا ایک ہٹ کا ہیٹ انگیجر جو بلاک ہونے پر محفوظ ہے۔ یہ دائیں طرف سائیڈ اسٹیپ کرنے والے حریفوں کو مکمل طور پر ٹریک کرتا ہے۔ ہیٹ ڈیش کومبوز کے لیے یہ آپ کا اہم بٹن ہونا چاہیے، کیونکہ ہوا میں ہٹ ہونے پر کریکٹر کو پھسلانے والا یہی واحد آپشن ہے۔
db+2,4;"محفوظ پوک اسٹرنگ جو چاقو کے وار سے شروع ہوتا ہے۔ یہ راؤنڈ کے آخر میں استعمال کرنے کے لیے اچھا مڈ چیک سلسلہ ہے۔ اکیلا ""db+2"" بھی کام کرتا ہے، اور کونی کو کراؤچ میں لے آتا ہے جہاں سے وہ ""ws2"" یا ""hFC.1+2"" جیسے ٹولز سے مکس اپ کر سکتی ہے۔"
SS.2;"سائیڈ اسٹیپ سے چاقو کا مڈ چیک جو اسے بیک ٹرن میں لے جاتا ہے۔ کونیمتسو کے بیک ٹرن مکس اپ میں جانے کے دوسرے طریقوں کے برعکس، یہاں کونیمتسو دراصل نقصان میں ہوتی ہے۔ کونیمتسو کو تھوڑی زیادہ احتیاط سے کھیلنے والے کھلاڑیوں کا مقصد SS.2 کا کاؤنٹر ہٹ حاصل کرنا ہے، جس سے ""BT.1,4"" یقینی ہو جاتا ہے۔"
f,d,df+2;"کونیمتسو کا دوسرا ماہرانہ پنش، اس بار ان موووز کے لیے جو بلاک ہونے پر مائنس 14 ہیں۔ ""qcf+2"" اور ""f,f+4"" کی طرح f,d,df+2 کو بھی بفر کیا جا سکتا ہے تاکہ حریف کی موووز کو آسانی سے پنش کیا جا سکے۔ "
2,2;"چاقو کا دوہرا وار جسے زیادہ تر کریکٹرز پیری نہیں کر سکتے۔ 2,2 ہٹ یا بلاک دونوں پر ""2,2,1+2"" سے کاٹون میں جا سکتا ہے۔ ہٹ ہونے پر دباؤ جاری رکھنے کے لیے ""KAT.1,2"" جیسے آپشنز استعمال کرنا اچھا ہے؛ تاہم بلاک ہونے پر اگر حریف جواب دینے کی کوشش کرے تو ""KAT.2"" یا ""KAT.3"" جیسے آپشنز بہتر ہیں۔ اگر حریف ""2,2"" بلاک کرنے کے بعد اپنی باری واپس لینا پسند کرتا ہے تو ""2,2,2,2"" سے اسے روکا جا سکتا ہے۔ یہ ایکسٹینشن کم اور صرف حریف کو عادی بنانے کے لیے استعمال کریں، کیونکہ اس کی تیسری اور چوتھی ہٹ ہائی ہیں۔ اگر آپ کسی کو پیٹھ پر پنش کر سکیں تو پورا ""2,2,2,2,2"" کر سکیں گے۔"
SS.4;"سائیڈ اسٹیپ سے نکلنے والی اسنیک ایج طرز کی موو۔ یہ موو بہت خطرناک ہے کیونکہ بلاک ہونے پر اس پر سخت پنش ہوتا ہے۔ اس کے علاوہ اس میں کلین ہٹ کی خصوصیت ہے؛ اس موو کا زیادہ سے زیادہ فائدہ اٹھانے کے لیے آپ کو ہمیشہ کلین ہٹ کی کوشش کرنی چاہیے۔ چونکہ اس کے لیے بہت قریب ہونا ضروری ہے، اسے تب استعمال کرنا بہتر ہے جب حریف کی پیٹھ دیوار سے لگی ہو۔ کلین ہٹ ہونے پر حریف گر جاتا ہے اور ""qcf+2"" یقینی ہے۔"
3+4;"ایک ہٹ کی جمپنگ موو جس میں اسٹرانگ ایریل ٹیل اسپن (SAT) کی خصوصیت ہے۔ اسے نیوٹرل میں استعمال نہیں کرنا چاہیے کیونکہ کونیمتسو کے کٹ میں بہتر ٹولز ہیں؛ تاہم اٹھتے ہوئے حریف کو مکس اپ کرنے کی صلاحیت کی وجہ سے یہ خاص ذکر کی مستحق ہے۔ اگر کونیمتسو ہوا میں موجود حریف پر 3+4 لگائے، ڈیش کر کے قریب جائے اور پھر ٹیک رول کرنے والے حریف پر f+3 کرے تو کونیمتسو کیمرہ اپنی جگہ رہتے ہوئے حریف کے پاس سے نکل سکتی ہے اور فوراً ""BT.f+1+2"" کر سکتی ہے؛ اس طرح بے خبر حریفوں پر لانچر لگ سکتا ہے۔"
f+2,3;"ایک کم سراہا جانے والا اسٹرنگ، 13 فریم پنش کے استعمال کے علاوہ۔ اکیلا ""f+2"" ایک لمبی رینج والا پوک ہے جسے آگے بڑھتے حریف کو روکنے کے لیے ""df+1"" یا ""df+4"" کے متبادل کے طور پر استعمال کیا جا سکتا ہے۔ f+2,3 کو دیوار کے قریب وال اسپلیٹ کی تلاش میں کاؤنٹر ہٹ کنفرم ٹول کے طور پر بھی استعمال کیا جا سکتا ہے۔ اس کے علاوہ اگر آپ حریف کو گرا دیں اور وہ اپنی دائیں طرف رول کرے تو ڈیش کر کے ""f+3"" کرنے سے ""3+4"" کے بعد جیسی مکس اپ کی صورتحال بن سکتی ہے، اگرچہ اسے ان پٹ کرنا زیادہ مشکل ہے۔"
ub+3;فرار کی موو جو کونیمتسو کو بائیں طرف اچھال دیتی ہے۔ یہ موو مخصوص میچ اپس میں بہت مفید ہے، خاص طور پر ان اسٹانس آپشنز کے خلاف جو حریف فوری ٹائمنگ پر استعمال کرے۔ فرار کی کوششوں میں زیادہ قابلِ پیش گوئی نہ بنیں، ورنہ آپ لانچ ہو سکتے ہیں۔

#panic_moves
Command;Description
KAT.2 | KAT.3,2 | h.KAT.d+1+2;کاٹون اسٹانس سے بچنے والی موووز کا مجموعہ جو کونیمتسو کو جیب اور یہاں تک کہ کچھ مڈ چیکس سے بچنے دیتا ہے۔
d+3+4;کونیمتسو کا پاور کرش حملہ جذب کرنے یا بلاک ہونے پر حریف کو بہت دور دھکیل دیتا ہے۔
1,2,4;ایسا اسٹرنگ جو کاؤنٹر ہٹ پر کنفرم ہو سکتا ہے۔ حریف کو جلدی دور ہٹانے کا اچھا ٹول۔
hFC.1 (db+1);آپ کا ڈاؤن جیب جو آپ کو سیدھا فل کراؤچ مکس اپ میں لے آتا ہے۔
ub+3;ایک موو جس سے کونیمتسو کود کر محفوظ جگہ پر چلی جاتی ہے۔

#punishers_standing
Startup;Command;Description
i10;1,2,2;بیک ہولڈ کرنے پر بیک ٹرن میں جا سکتے ہیں۔
i10;f,f+4,2;مشکل ان پٹ والا پنش۔ وال اسپلیٹ کرتا ہے۔ بفر کرنا مشکل ہے۔
i12;4,2;بیک ٹرن میں لے جاتا ہے۔
i13;f+2,3;وال اسپلیٹ کرتا ہے اور حریف کو زاویے پر گراتا ہے۔
i13;qcf+2;مشکل ان پٹ والا پنش، کوما/پانڈا کے ff+2 جیسی موووز کے لیے دور کا پنش۔
i14;f,d,df+2;مشکل ان پٹ والا لانچر۔ بفر کیا جا سکتا ہے۔
i15;uf+3
i15;qcf+1;پال کے ڈیتھ فسٹ (qcf+2) کے لیے۔

#punishers_crouching
Startup;Command;Description
i10;f,f+4,2;مشکل ان پٹ والا پنش۔ وال اسپلیٹ کرتا ہے۔
i11;ws4
i12;ws1,1
i13;ws2,1;ہیٹ انگیجر۔ وال اسپلیٹ کرتا ہے۔ ہیٹ خرچ ہونے پر زاویے پر گراتا ہے۔
i14;f,d,df+2;مشکل ان پٹ والا لانچر۔ بفر کیا جا سکتا ہے۔
i15;ws3


#punishers_whiff
Command;Description
qcf+2;تیز مڈ وِف پنش آپشن۔
uf+3;سب سے تیز مڈ لانچر۔ وِف کے بعد لمبی ریکوری والی موووز کو پنش کرنے کا اچھا آپشن۔
f,f+4,2;دور تک پہنچتا ہے اور بہت تیز ہے، لیکن غلط استعمال پر بہت خطرہ ہے۔


#combos_normal
Starter;Combo
df+2 | KAT.3,2 | ws3 | CH f,f+2 | CH df+(1),3 | CH KAT.2;uf+3 > f+3+4 > BT.4f > SET.1,2,1 > 3+4 > qcf+1
uf+3;df+4 > f+3+4 > BT.4f > SET.1,2,1 > 3+4 > qcf+1
db+2,4,2 | CH u+2 | CH SET.3;ws4 > f+3+4 > BT.4f > SET.1,2,1 > 3+4 > qcf+1
BT.1+2 | CH MUS.2 | CH (3),4;KAT.4,2 > f+3+4 > BT.4f > SET.1,2,1 > 3+4 > qcf+1
CH b+2;ws2,1 > f+3+4 > BT.4f > SET.1,2,1 > 3+4 > qcf+1
CH SET.2 | H.db+1+2;KAT.4,2 > f+3+4 > BT.4f > SET.1 > qcf+1
SET.1+2 (Into HD) | f+1+2 (Into HD);3+4 > df+4 > f+3+4 > BT.4f > SET.1,2,1 > 3+4 > qcf+1




#combos_beginner
Starter;Combo
df+2 | uf+3  | KAT.3,2 | ws3 | CH f,f+2 | CH df+(1),3 | CH KAT.2 | CH b+2 | BT.1+2 | SET.1+2 (Into HD) | f+1+2 (Into HD);f+3+4 > BT.4f > SET.1,2,1 > 3+4 > qcf+1
CH SET.2 | H.db+1+2;f+3+4 > BT.4 > f+4 > SET.1,2,1






#combos_ender
Type;Combo
wall_break;qcf+1+2
floor_break;f,f+4,2
carry;f+3+4


#combos_wall
Type;Combo
normal;1 > df+1 > d+2,1,2,1+2
normal;b+1,1 > df+1,2,2
tornado;df+1,3 > 1 > d+2,1,2,1+2
tornado;b+4,3 > 1 > d+2,1,2,1+2


#combos_small
Starter;Combo
uf+2 | MUS.2 | BT.4 | 3,4 | (1,1),4 | KAT.2 | SET.4,3 | SET.1,2,4 | ub+2 (At wall);qcf+2
uf+4 | SET.1,2,3;f,f+2
CH d+1;ws2,1
CH f+4;SET.1+2
CH SS.2;BT.1,4
CH b+(4),3 | (1,1),2 | SET.(1,2),2;qcf+1
ws2,1 (Into HD) | BT.1,4 (Into HD) | KAT.1,2 (Into HD);qcf+1+2




#stances
Type;Command / Name;Description
stance;f+3 / Setsunagake (SET);"ایک اسٹانس جو کونیمتسو کو آگے لپکاتا ہے اور اسے حریف تک کا فاصلہ تیزی سے طے کرنے دیتا ہے۔ ""f+4""، ""BT.4"" کے ساتھ ملا کر ""SET.2"" کو جیب سے جواب دینے والے حریفوں کے خلاف فریم ٹریپ کے طور پر استعمال کیا جا سکتا ہے۔ SET سے آپ کو کونیمتسو کے کمانڈ تھرو ""uf+1+2"" اور ""f+1+4"" ملتے ہیں۔"
stance;1+2 / Katon (KAT);"بچاؤ پر مبنی اسٹانس، جس میں ""KAT.2"" اور ""KAT.3"" جیسے آپشنز ہیں جو کونیمتسو کو زیادہ تر جوابی کوششوں سے ٹیلی پورٹ کر کے بچنے دیتے ہیں۔ اس اسٹانس میں زیادہ تر ""1,1"" یا ""2,2"" سے جایا جاتا ہے۔ "
command;b+3+4 / Disengage (BT);"ایک ایکشن جو کونیمتسو کو بیک ٹرن اسٹانس میں لے آتا ہے۔ بیک ٹرن میں ""4,2""، بیک کے ساتھ ""1,2,2""، بیک کے ساتھ ""SET.1,2"" یا ""df+3+4"" سے بھی جایا جا سکتا ہے۔ بیک ٹرن میں اس کے پاس نسبتاً مضبوط آپشنز ہیں، جیسے ""BT.1+2"" جو زیادہ تر صورتوں میں محفوظ مڈ چیک ہے، یا ""BT.d+2"" جو ""BT.1+2"" قائم کرنے کے بعد حریف کی ہیلتھ بار کم کرنے کا ایک اور ٹول ہے۔ اس کے علاوہ بیک ٹرن سے کونیمتسو کے پاس ""BT.1+4"" یا ""[BT.1+3](1+3)"" یا  ""[BT.2+4](2+4)"" کے ساتھ دو طرفہ تھرو مکس اپ ہے۔"


#frame_traps
Starter;Trap
1;1,2,4
f,f,F+2;df+1
f+4;SET.2



#knowledge_checks
Command;Description
1;"کونیمتسو کے پاس ""1,1,2"" اور ""1,1,4"" ہیں، ایسے اسٹرنگز جو جوابی کوششوں کو ہرانے کے لیے بنائے گئے ہیں۔ دونوں اسٹرنگز کی آخری ہٹ سے دائیں سائیڈ اسٹیپ کیا جا سکتا ہے۔ کونیمتسو اس جوابی چال کو ہرانے کے لیے ""1,1,1"" استعمال کر سکتی ہے؛ دائیں سائیڈ اسٹیپ کر کے فوراً بلاک کرنے سے آپ پچھلے فالو اپس سے بچ جائیں گے اور 1,1,1 بھی بلاک کر لیں گے۔ 1 سے ""1,2,4"" کے بارے میں جاننا بھی مفید ہے، جو ایک عام فریم ٹریپ ہے اور کاؤنٹر ہٹ پر کنفرم ہو سکتا ہے۔ نئے کھلاڑی کے لیے جیب سے ""uf+1+2"" یا ""f+1+4"" ایک مضبوط حکمتِ عملی ہے۔"
u+2;"بہت سست، کود کر کیا جانے والا لو حملہ جو نکلنے میں تقریباً آدھا سیکنڈ لیتا ہے۔ کونیمتسو زمین پر آنے سے پہلے ڈاؤن ہولڈ کر کے اس موو کو کینسل کر سکتی ہے۔ کونیمتسو ""ws+2"" یا ""hFC.1+2"" کے ساتھ مکس اپ کر سکتی ہے۔ دفاع کرنے والے کے طور پر آپ ہاپ کک سے لو اور کینسل دونوں آپشنز کو ہرا سکتے ہیں۔"
d+1+2;"ہٹ ہونے پر d1+2 بالکل نیوٹرل ہے اور کونیمتسو کو کراؤچ میں چھوڑتا ہے۔ دفاع کرنے والے کے طور پر اپنی بائیں طرف سائیڈ اسٹیپ کرنے سے آپ ""ws+1"" اور ""ws+4"" سے بچ سکتے ہیں۔ کریکٹر کے لحاظ سے آپ ""hFC.1+2"" اور ""ws2"" کے گرد سے بھی نکل سکتے ہیں۔"
d+1;"یہ موو کونیمتسو کا آپ کو انٹرایکٹ کرنے پر مجبور کرنے کا بہت طاقتور ٹول ہے۔ دفاع کرنے والے کے طور پر یہاں ws4 استعمال کرنا خطرناک ہے، کیونکہ کونیمتسو کا ""ws+2,1"" آپ کو فریم ٹریپ کر دے گا۔ اس کے بجائے دفاع کرنے والے کو یہاں کچھ اندازہ لگانا ہوگا، لیکن اگر آپ کسی ایکشن سے جواب دینا چاہتے ہیں تو کراؤچنگ جیب یا 10 فریم میں نکلنے والی کوئی اور موو فائدہ مند ہے، کیونکہ یہ ""ws+2"" سے ٹریڈ ہوگی۔ اگر کونیمتسو i13 سے سست موو چنے، جیسے ""hFC.1+2"" جو اس صورتحال میں بہت عام ہے، تو آپ کو اپنی باری واپس مل جائے گی۔"
df+1,2;"اس اسٹرنگ کی دوسری ہٹ کو حریف کو الجھانے کے لیے بہت زیادہ ڈیلے کیا جا سکتا ہے۔ دفاع کرنے والے کے طور پر، اگر حریف دوسری ہٹ ڈیلے کرنا پسند کرتا ہے تو آپ اسے i10 سے روک سکتے ہیں، لیکن ""df+1,2,2"" سے ہوشیار رہیں جو آپ کو پنش کر دے گا۔ اگر آپ کے کریکٹر کے پاس 14 فریم لانچر ہے تو بہتر ہے کہ تیسری ہٹ کا انتظار کریں تاکہ اسے لانچ کر سکیں۔"


#defense_tips
Title;Description
نیوٹرل میں بائیں سائیڈ اسٹیپ;نیوٹرل میں بائیں سائیڈ اسٹیپ کرنے سے اس کے اہم پوکس سے بھی نمٹا جا سکتا ہے؛ df+4 جیسے چھوٹے پوکس کم ڈیمج کرتے ہیں اور بہت معمولی فریم برتری دیتے ہیں۔
"""SET"" اور ""KAT"" کے خلاف دائیں سائیڈ اسٹیپ";"""2,2"" اور ""1,1"" کے بعد سائیڈ اسٹیپ کرنے سے KAT کے تمام آپشنز سے بچا جا سکتا ہے۔ ٹریک کرنے والا واحد آپشن ""KAT.1,2"" ہے اگر دوسری ہٹ ڈیلے کی جائے۔ ""f+4"" بلاک کرنے کے بعد سائیڈ اسٹیپ آپ کو SET کے زیادہ تر اہم آپشنز سے بچاتا ہے، اور ""SET.2"" جیسے آپشنز کے خلاف حریف کو لانچ کرنے کا موقع دیتا ہے۔ لہٰذا کونیمتسو کے خلاف فاصلے پر آپ کو دائیں طرف سائیڈ اسٹیپ اور سائیڈ واک کرنا چاہیے۔ اور قریب سے بائیں طرف حرکت کرنی چاہیے۔"
"""SET"" کو چیلنج کریں";اگرچہ اسے چیلنج کرنا بہت ڈراؤنا لگ سکتا ہے، لیکن چیلنج کرنے سے آپ واقعی کونیمتسو کو SET پر انحصار کرنے سے روک سکتے ہیں۔ اس کے قریب آنے پر df+2 نکالنا بہت فائدہ دیتا ہے، اور خاص طور پر اگر آپ کے پاس محفوظ df+2 ہے تو ضرور کوشش کریں۔


#defense_moves
Command;Description
3,4;اس موو کی پہلی اور دوسری ہٹ سے جھکا جا سکتا ہے۔ متبادل طور پر، اگر آپ یوشیمتسو کھیل رہے ہیں تو دوسری ہٹ کو فلیش کر سکتے ہیں۔ بہرحال پہلی ہٹ بلاک کرنے کے بعد آپ کو جھکنا چاہیے، خاص طور پر اگر کونیمتسو کھلاڑی دوسری ہٹ کنفرم کرنے میں مشکل محسوس کرے۔
db+2,4,2;اس اسٹرنگ کی تیسری ہٹ محفوظ ہے لیکن دوسری ہٹ بلاک کرنے کے بعد i17 موو سے روکی جا سکتی ہے۔
1,2,2;"اگر اسے غلط طریقے سے پنش کے طور پر استعمال کیا جائے تو آخری ہٹ سے جھکا جا سکتا ہے۔ محتاط رہیں، کیونکہ کونیمتسو کھلاڑی ""1,2,4"" بھی استعمال کر سکتا ہے جو جھکنے کی کوششوں کو لگتا ہے۔"
SET.1,2,2;اس اسٹرنگ کی دوسری ہٹ سے جھکا جا سکتا ہے، اور تیسری ہٹ سے دائیں سائیڈ اسٹیپ کیا جا سکتا ہے۔ اگر آپ جھکنے کا فیصلہ کریں تو کونیمتسو دوسری ہٹ کی ٹائمنگ بہت ڈیلے کر کے آپ کی جھکنے کی ٹائمنگ بگاڑ سکتی ہے؛ اپنے حریف کے خلاف جو بہتر لگے اس کے مطابق جھکے رہیں یا جلدی سے دبائیں۔
BT.1,4;کونیمتسو کھلاڑی ہیٹ ڈیش کرنے کے لیے یہ موو استعمال کر سکتے ہیں۔ پہلی اور دوسری ہٹ ہائی ہیں اور ان سے جھکا جا سکتا ہے۔





#resources_external
Url;Name
https://youtu.be/uL2cfy23FkU?si=6ct1JxjcJGx6EQQu;کومبو گائیڈ، از RyzingSol
https://www.youtube.com/watch?v=cxVTSX3ghK4;جامع ویڈیو گائیڈ، از TekRavenger
https://youtu.be/7bzQboSDHjU?si=Pa9Ls8IeGUkmbz0q;ون جیب ویڈیو، از JDCR
https://www.youtube.com/playlist?list=PLOr4jyX65St5IBAcUfzTnku197jCS0LjG;کونیمتسو ری پلے ذخیرہ
https://wavu.wiki/t/Kunimitsu;ویوو وکی پر کونیمتسو کا صفحہ

#credits
name;url;role
Koenji;https://x.com/koenjideck;author





#about_author
Section
ہیلو! میں ہوں Koenji، ایک اور گائیڈ کے ساتھ! اس بار کونیمتسو کے لیے۔ جو مجھے نہیں جانتے ان کے لیے: مقابلے کی سطح پر وقفے وقفے سے ٹیکن کھیلتے ہوئے مجھے ایک دہائی ہو گئی ہے، اور باقاعدہ آغاز ٹیکن 7 سے کیا۔ اس گیم میں میں نے دو سال تک زیادہ تر ازوسینا کھیلی، پھر سیزن 2 کے آخر میں کچھ عرصہ میاری کھیلی۔
سیزن 3 میں کونیمتسو میرا مرکزی کریکٹر رہی ہے۔ وہ بہت مضبوط کریکٹر ہے (لوگوں کی باتوں میں نہ آئیں کہ وہ نہیں ہے)، اور خاص طور پر ان لوگوں کے لیے اچھی ہے جو پنش کرنے میں ماہر ہیں اور کئی انٹرایکشنز کھیلنا پسند کرتے ہیں۔
اس گائیڈ کو تیار کرنے میں کافی وقت لگا، اس لیے امید ہے آپ اسے پڑھ کر اتنا ہی لطف اٹھائیں گے جتنی محنت میں نے اس میں کی!

#about
Property;Value
GameVersion;3.02.01
LastUpdated;2026-09-07




#matchups_good
Character;Description
Kuma | Panda;"کوما اور پانڈا کی سائیڈ موومنٹ بہت کمزور ہے۔ کونیمتسو اس کا فائدہ اٹھا کر ان کے خلاف اپنے مکس اپس کا بھرپور استعمال کر سکتی ہے۔ مثال کے طور پر ""f+4"" سے ""SET.2"" سے دونوں ریچھ سائیڈ اسٹیپ نہیں کر سکتے، جبکہ باقی سب کر سکتے ہیں۔ اس کے علاوہ ان کے بڑے جسم کی وجہ سے کونیمتسو df+1,2,2 کے بعد تھوڑا ڈیلے کیے گئے qcf+2 سے اضافی ڈیمج کر سکتی ہے۔"
Azucena;"کونیمتسو ازوسینا کے db+4 کو لانچ کر سکتی ہے، جو اس کا ہائی کرش کرنے والا اہم پوک ہے۔ ناکام پنش پر وہ 1,2 کو بھی لانچ پنش کر سکتی ہے۔ مزید یہ کہ کونیمتسو ""uf+3"" سے ازوسینا کی تمام f+4 ایکسٹینشنز کو آپشن سلیکٹ کر سکتی ہے، کیونکہ اس کی ہاپ کک ازوسینا کے f+4,4 کے ہائی سے بچ جاتی ہے۔"
Victor;"وکٹر کی کئی اہم موووز بلاک ہونے پر مائنس 14 ہیں، جیسے uf+1,1 اور f,f,f+1+2۔ اس کے علاوہ ہم ""ub+3"" سے کچھ آئی اے آئی اسٹانسز سے بچ سکتے ہیں، جن کے خلاف دوسرے کریکٹرز عام موومنٹ آپشنز استعمال نہیں کر سکتے۔"




#matchups_bad
Character;Description
Alisa;"عام طور پر بیک ٹرن میں جاتے وقت کی فریم برتری زیادہ تر میچ اپس میں اہم نہیں ہوتی؛ تاہم ایلیسا کے خلاف یہ نمبرز انتہائی اہم ہیں۔ پلس 5 پر (""1,1,2""، ہٹ ہونے پر ""hFC.1+2"" یا بلاک ہونے پر ""h.u+1+2"") ایلیسا کونیمتسو کے تقریباً تمام بیک ٹرن آپشنز سے چل کر بچ سکتی ہے۔ پلس 6 پر (ہٹ ہونے پر ""4,2"") BT.1,4 سے دوبارہ سائیڈ اسٹیپ نہیں ہو سکتا، اور پلس 8 پر (بیک ٹرن میں ""SET.1,2"") ""BT.1+2"" دوبارہ مڈ چیک کے طور پر استعمال ہو سکتا ہے۔ اگر آپ ایلیسا کو صحیح طریقے سے چیک نہ کریں تو وہ چل کر کونیمتسو کی پیٹھ تک پہنچ کر بیک ٹرن پنش کر سکتی ہے۔ ہمیں ""BT.4"" سے اس کی موومنٹ کو صحیح طریقے سے روک کر اس صورتحال سے مکمل طور پر بچنا چاہیے۔"
Lili | Zafina;"ایلیسا میچ اپ کی طرح لِلی اور زافینا دونوں کونیمتسو کے بیک ٹرن آپشنز سے سائیڈ اسٹیپ کر سکتی ہیں؛ تاہم ایلیسا کے برعکس، لِلی اور زافینا پلس 6 پر بھی ""BT.1,4"" سے سائیڈ اسٹیپ کر سکتی ہیں۔"
Kazuya;"اگرچہ یہ بدترین میچ اپ نہیں، کازویا کا ای ڈبلیو جی ایف کونیمتسو کو دور رکھنے میں بہت اچھا ہے؛ صحیح وقت پر لگایا گیا ای ڈبلیو جی ایف ""SET.3"" کے علاوہ SET کے تمام آپشنز کو روک سکتا ہے۔ اس میچ اپ میں آپ کو بہت دھیان رکھنا ہوگا کہ آپ SET کو کیسے استعمال کر رہے ہیں۔ زیادہ تر ""hFC.1+2"" اور ""db+4"" سے پوک کریں، اور ""d+1+2"" یا ""BT.d2"" جیسے آپشنز سے پوک کرتے وقت محتاط رہیں۔"
