Command;Hit level;Damage;Start up frame;Block frame;Hit frame;Counter hit frame;Notes;Tags;Transitions;Name;Recovery;Image;Video;Wavu id;Character id
H.2+3;m,m (t);50;i16~17;+7;+0d;;"* Heat Smash
* Balcony Break
* Transition to Attack Throw on hit
* 55dmg on wall hit
* 2nd hit damage 25
* +27a (+1) If only last hit connects on standing opponent
* 5 chip damage on block
* Low crush 15~43";hs bbr chp:5 js15~43;;Hanuman Impact;r37;;File:t8-p2-fahkumram-H.2+3.mp4;Fahkumram-H.2+3;fahkumram
R.df+1+2;m,t;55+;i20;-18;+0d;;"* Rage Art
* Removes Recoverable Health
* Reversal Break
* Damage increases with lower health, maximum 82
* Freezes match timer on activation and on hit
* Restores recoverable health on hit
* Transition to attack throw on hit
* Consumes Rage
* Power crush 8~";ra rbr pc8~;;Avatar of Garuda;r39;;t8-p2-fahkumram-r.df+1+2.mp4;Fahkumram-R.df+1+2;fahkumram
1;h;5;i10;+1;+8;;Recovers 2f faster on hit or block (t27 r17);;;Jab;r19;;File:t8-p2-fahkumram-1.mp4;Fahkumram-1;fahkumram
1,1;h, m;5, 20;i10, i20~21;-9;+8c;;"* Floor Break
* Elbow
* Combo from 1st CH with 2F delay
* Input can be delayed by 2F
* Move cannot be delayed
* +10a on BT hit
* Interrupt with i3 from 1st block";fbr elb intr:3;;Jab > Elbow Scythe;r29;;File:t8-p2-fahkumram-1,1.mp4;Fahkumram-1,1;fahkumram
1,2;h, h;5, 8;i10, i10;-3;+5;;"* Jail from 1st block with 2f delay
* Combo from 1st hit with 2F delay";;;Left Right Combo;r21;;File:t8-p2-fahkumram-1,2.mp4;Fahkumram-1,2;fahkumram
1,2,1;h, h, m;5, 8, 15;i10, ,i17~18;-10;+3;;"* Move cannot be interrupted
* Move can be delayed by 10F
* Input can be delayed by 12F";;;;r28;;File:t8-p2-fahkumram-1,2,1.mp4;Fahkumram-1,2,1;fahkumram
1,2,1,4;h, h, m, m;5, 8, 15, 23;i10, ,i21~22;-14;+13a (+4);;"* Balcony Break
* Knee
* Combo from 3rd hit with 10f delay
* Interrupt with i4 from 1st block
* Input can be delayed 12f
* Move can be delayed 10f";bbr kne intr:4;;Ban Chiang Combination;r34;;File:t8-p2-fahkumram-1,2,1,4.mp4;Fahkumram-1,2,1,4;fahkumram
1,2,4;h, h, h;5, 8, 10;i10, ,i17;-9;+6;;"* Move cannot be interrupted
* Input can be delayed 2f
* Move cannot be delayed";;;;r27;;File:t8-p2-fahkumram-1,2,4.mp4;Fahkumram-1,2,4;fahkumram
1,2,4,3;h, h, h, h;5, 8, 10, 14;i10, ,i19~20;-7;+6;+29a;"* Balcony Break (airborne)
* Combo from 3rd hit
* Move cannot be interrupted";;;Left Right Combo > Thunderstorm;r25;;File:t8-p2-fahkumram-1,2,4,3.mp4;Fahkumram-1,2,4,3;fahkumram
1,2,4,3~4;h, h, h, m;5, 8, 10, 20;i10, ,i21~22;-5;+9;+44a;"* Knee
* Can be charged with held input
* Effective startup i36~37
* Interrupt with i17 from 3rd block
* Interrupt with i5 from 3rd hit
* Move can be delayed by 2F
* Recovers 2f slower on hit or block";kne intr:17;;Left Right Combo > Erupting Knee Convergence;r23;;File:t8-p2-fahkumram-1,2,4,3~4.mp4;Fahkumram-1,2,4,3~4;fahkumram
1,2,4,3~4*;h, h, h, m;5, 8, 10, 25;i10, ,i36~37;+9;+73a (+57);;"* Knee
* Unparryable
* Instant Tornado on hit
* Chip damage on block
* Effective startup i51~52
* Interrupt with i32 from 3rd block
* Interrupt with i20 from 3rd hit
* Whiffs vs SS, SW from 3rd block
* Whiffs vs SWL from 3rd hit (SSR/SWR inconsistent)
* Cancel to r20 FC with F at frames 16-24 (frames 31-39 from 3rd attack)
** Interrupt with i33? mid/low from 3rd block
** Interrupt with i21? mid/low from 3rd hit
* Move can be delayed by 2F
* Power up in Heat or GRF";kne stp:SS stp:SWL intr:32 chp;FC;Left Right Combo > Charged Erupting Knee;r30;;File:t8-p2-fahkumram-1,2,4,3~4x.mp4;Fahkumram-1,2,4,3~4*;fahkumram
1,2,4,3~4*~B;h, h, h, m;5, 8, 10, 25;i10, ,i22;-7;+6;;"* Homing
* Balcony Break
* Effective startup i53
* Interrupt with i34 from 3rd block
* Interrupt with i22 from 3rd hit
* Input B during frames 16-24 of Eruption Maw (charged)
* Move can be delayed by 8F from Eruption Maw (charged)";hom bbr intr:34;;Eruption Maw;r37;;File:t8-p2-fahkumram-1,2,4,3~4x~B.mp4;Fahkumram-1,2,4,3~4*~B;fahkumram
1,2,4,4;h, h, h, L;5, 8, 10, 15;i10, ,i25;-15;-4;+0d;"* Combo from 3rd hit
* Interrupt with i6 from 3rd block
* Shift to attack throw Murderous Sweep and gain GRF on CH";intr:6;;Left Right Combo > Twin Bolts;r34;;File:t8-p2-fahkumram-1,2,4,4.mp4;Fahkumram-1,2,4,4;fahkumram
1,4;h, h;5, 17;i10, i17~18;-8;+8;;"* Combo from 1st hit with 2F delay
* Move cannot be interrupted
* Move cannot be delayed
* Input can be delayed by 2F";;;Jab > High Kick;r26;;File:t8-p2-fahkumram-1,4.mp4;Fahkumram-1,4;fahkumram
2;h;13;i12~13;-8;+3;;* Elbow;elb;;;r26;;File:t8-p2-fahkumram-2.mp4;Fahkumram-2;fahkumram
2,1;h, h;13, 20;i12~13, i20~21;-12;+15a (+6);;"* Balcony Break
* Elbow
* Combo from 1st hit with 5F delay
* Interrupt with i1
* r29 on hit";bbr elb intr:1;;Double Elbow Strike;r32;;File:t8-p2-fahkumram-2,1.mp4;Fahkumram-2,1;fahkumram
2,3;h, m;13, 22;i12~13, i31~32;-4;+27a (+17);;"*
Balcony Break
* Combo from 1st CH
* Interrupt with i12
* Move can be delayed by 5F";bbr intr:12;;Double Blast;r28;;File:t8-p2-fahkumram-2,3.mp4;Fahkumram-2,3;fahkumram
3;m;11;i13;-9;+2;+9;;;;;r28;;File:t8-p2-fahkumram-3.mp4;Fahkumram-3;fahkumram
3,1;m, h;11, 12;i13, i18;-3;+7;;"* Combo from 1st hit with 2F delay
* Move cannot be interrupted
* Move cannot be delayed
* Input can be delayed by 2F";;;;r21;;File:t8-p2-fahkumram-3,1.mp4;Fahkumram-3,1;fahkumram
3,1,2;m, h, h;11, 12, 20;i13, ,i21~22;+0;+38d (+30);;"* Balcony Break
* Tornado
* Combo from 2nd CH with 6F delay
* Interrupt with i3 from 2nd block
* Move can be delayed by 5F
* Input can be delayed by 6F";bbr trn intr:3;;Ayutthaya Piercing Thunder;r26;;File:t8-p2-fahkumram-3,1,2.mp4;Fahkumram-3,1,2;fahkumram
3,1,4;m, h, m;11, 12, 23;i13, ,i21;-14;+8d (-1);;"* Balcony Break
* Combo from 2nd CH with 6F delay 
* Interrupt with i3 from 2nd block
* Move can be delayed by 5F
* Input can be delayed by 6F";bbr intr:3;;Ayutthaya Roaring Thunder;r37;;File:t8-p2-fahkumram-3,1,4.mp4;Fahkumram-3,1,4;fahkumram
3,1,d+4;m, h, L;11, 12, 15;i13, ,i20;-15;-4;+0d;"* Combo from 2nd CH with 6F delay
* Shift to attack throw Murderous Sweep and gain GRF on CH
* Interrupt with i2";intr:2;;Ayutthaya Rumbling Thunder;r34;;File:t8-p2-fahkumram-3,1,d+4.mp4;Fahkumram-3,1,d+4;fahkumram
3,4;m, m;11, 18;i13, i19;-12;+24g;+34d (+26);"* Knee
* Wallbreak on CH
* Combo from 1st hit CH with 7F delay
* Move can be delayed by 5F
* Input can be delayed by 7F";kne;;Ayutthaya Rush;;;File:t8-p2-fahkumram-3,4.mp4;Fahkumram-3,4;fahkumram
3,4~3;m, m;11, 20;i13, i18;-7;+9;+37d (+29);"* Tornado
* Balcony Break on CH
* Effective startup i34 
* Interrupt with i16 from 1st block
* Interrupt with i5 from 1st hit
* Combo from 1st CH with no delay
* Move cannot be delayed
* Input can be delayed by 15F
* Can be charged";trn intr:16;;Tornado Kick Convergence;r28;;File:t8-p2-fahkumram-3,4~3.mp4;Fahkumram-3,4~3;fahkumram
3,4~3*;m, m;11, 23;i13, i36;+9;+70a (+54);;"* Tornado
* Balcony Break
* Effective startup i52
* Interrupt with i34 from 1st block
* Interrupt with i23 from 1st hit
* Cancel to r20 FC with F at frames 20-24 (frames 36-40 from 1st attack)
** Interrupt with i39? from 1st block
** Interrupt with i28? from 1st attack
* 9 chip damage on block
* Powered up with GRF";trn bbr intr:34 chp:9;FC;Tornado Kick Convergence (charged);r31;;File:t8-p2-fahkumram-3,4~3x.mp4;Fahkumram-3,4~3*;fahkumram
3,4~3*~B;m, m;11, 25;i13, i22;-7;+9;;"* Homing
* Balcony Break
* Effective startup i54
* Interrupt with i36 from 3rd block
* Interrupt with i25 from 3rd hit
* Input B during frames 16-24 of Tornado Maw (charged)
* Move can be delayed by 8F from Tornado Maw (charged)";hom bbr intr:36;;Tornado Maw;r33;;File:t8-p2-fahkumram-3,4~3x~B.mp4;Fahkumram-3,4~3*~B;fahkumram
3,4~4;m, h;11, 20;i13, i16;+3;+13g;+30a;"* Homing
* Balcony Break
* Strong Aerial Tailspin
* Effective startup i29
* Interrupt with i11 from 1st block
* 6 chip damage on block
* Combos from 1st hit CH
* Interrupt with i11 from 1st block
* Just frame input 3,4:4; effective startup i32
** 24 damage, 7 chip damage, slightly different juggle properties
** Input 4 during frames 14~16 of 3,4
** Interrupt with i14 from 1st block or i3? from 1st hit";hom bbr intr:11 chp:6;;Ayutthaya Night Thunder;r29;;File:t8-p2-fahkumram-3,4~4.mp4;Fahkumram-3,4~4;fahkumram
4;h;10;i12;-12;+3;;* r27 on hit;;;;r30;;File:t8-p2-fahkumram-4.mp4;Fahkumram-4;fahkumram
4,3;h, h;10, 14;i12, i19;-7;+6;+29a;* Combos from 1st hit;;;Thunderstorm;r25;;File:t8-p2-fahkumram-4,3.mp4;Fahkumram-4,3;fahkumram
4,3~4;h, m;10, 20;i12, i21;-5;+9;+44a;"* Knee
* Can be charged
* r25 on block";kne;;Thunderstorm > Erupting Knee Convergence;r23;;File:t8-p2-fahkumram-4,3~4.mp4;Fahkumram-4,3~4;fahkumram
4,3~4*;h, m;10, 25;i12, i36;+9;+73a (+57);;"* Tornado
* Knee
* Powered up with GRF
* Cancel to FC with F";trn kne;FC;Thunderstorm > Erupting Knee Convergence (charged);r30;;File:t8-p2-fahkumram-4,3~4x.mp4;Fahkumram-4,3~4*;fahkumram
4,3~4*~B;h, m;10, 25;i12, i22;-7;+6;;"*
Homing
* Balcony Break";hom bbr;;Eruption Maw;r37;;File:t8-p2-fahkumram-4,3~4x~B.mp4;Fahkumram-4,3~4*~B;fahkumram
4,4;h, L;10, 15;i12, i25;-15;-4;+0d;"* Combos from 3rd hit
* Shift to attack throw Murderous Sweep and gain GRF on CH";;;Twin Bolts;;;File:t8-p2-fahkumram-4,4.mp4;Fahkumram-4,4;fahkumram
3+4;m;20;i18;-9;+18a (+9);+58cs;"* Balcony Break
* Good right sidestep tracking";bbr;;Heavy Middle Kick;r31;;File:t8-p2-fahkumram-3+4.mp4;Fahkumram-3+4;fahkumram
f+2;m;14;i15~16;-9;+0;;;;;;r29;;t8-p2-fahkumram-f+2.mp4;Fahkumram-f+2;fahkumram
f+2,1;m, M;14, 22;i15~16, i20~21;-14;+33a (+18);;"* Combo from 1st hit with 1F delay
* Move cannot be delayed
* Input can be delayed by 1F
* Recovers 3F faster on hit (t69 r31)";;;Cross Blitz;r34;;t8-p2-fahkumram-f+2,1.mp4;Fahkumram-f+2,1;fahkumram
GRF.f+2,1,2;m, M, m;14, 22, 20;i15~16, ,i29;+2;+15d;;"* Floor Break
* Elbow
* Consumes GRF
* Partially consumes remaining Heat Time
* Combos from 1st hit
* 6 chip damage on block
* Low crush";fbr elb chp:6 js;;Naga Slaughter;;;t8-p2-fahkumram-f+2,1,grf.2.mp4;Fahkumram-f+2,1,GRF.2;fahkumram
f+3;m;16;i17;-8;+3;;* Knee;kne;;;;;t8-p2-fahkumram-f+3.mp4;Fahkumram-f+3;fahkumram
f+3,2;m, m;16, 13;i17, i20;-12;-1;;;;;;;;t8-p2-fahkumram-f+3,2.mp4;Fahkumram-f+3,2;fahkumram
f+3,2,1;m, m, h;16, 13, 20;i17, ,i19;-5;+24a (+15);;"* Balcony Break
* Combos from 2nd hit CH
* Delayable";bbr;;Berserker Combination: Hook;;;t8-p2-fahkumram-f+3,2,1.mp4;Fahkumram-f+3,2,1;fahkumram
f+3,2,4;m, m, m;16, 13, 20;i17, ,i20;-12;+6;+36d (+28);"* Knee
* Combos from 2nd hit CH
* Delayable";kne;;Berserker Combination: Knee;;;t8-p2-fahkumram-f+3,2,4.mp4;Fahkumram-f+3,2,4;fahkumram
f+3,2,4~3;m, m, m;16, 13, 20;i17, ,i18;-7;+9;+37d (+29);"* Tornado
* Wallbreak on CH
* Combos from 1st hit CH
* Can be charged";trn;;Berserker Combination > Tornado Kick Convergence;;;t8-p2-fahkumram-f+3,2,4~3.mp4;Fahkumram-f+3,2,4~3;fahkumram
f+3,2,4~3*;m, m, m;16, 13, 23;i17, ,i36;+9;+70a (+54);;"* Tornado
* Balcony Break
* 9 chip damage on block
* Powered up with GRF
* Cancel to FC with F";trn bbr chp:9;FC;Berserker Combination >Tornado Kick Convergence (charged);;;t8-p2-fahkumram-f+3,2,4~3x.mp4;Fahkumram-f+3,2,4~3*;fahkumram
f+3,2,4~3*~B;m, m, m;16, 13, 25;i17, ,i22;-7;+9;;"*
Homing
* Balcony Break";hom bbr;;Tornado Maw;;;t8-p2-fahkumram-f+3,2,4~3x~b.mp4;Fahkumram-f+3,2,4~3*~B;fahkumram
f+3,2,4~4;m, m, h;16, 13, 20;i17, ,i16;+3;+13g;+30a;"* Homing
* Balcony Break
* Strong Aerial Tailspin
* 6 chip damage on block
* Combos from 1st hit CH
* Just frame input 3,4:4
* 24 damage, 7 chip damage, slightly different juggle properties";hom bbr chp:6;;Berserker Night Thunder;;;t8-p2-fahkumram-f+3,2,4~4.mp4;Fahkumram-f+3,2,4~4;fahkumram
f+4;m;26;i25;+3c;+8c;+14c;* Floor Break;fbr;;Heel Strike;;;t8-p2-fahkumram-f+4.mp4;Fahkumram-f+4;fahkumram
f+1+2;m;25;i21;-4;+24a (+14);;"* Heat Engager

* Heat Dash +36a (+26)

* Balcony Break
* 7 chip damage on block";he bbr chp:7;;Horizon Dash;;;t8-p2-fahkumram-f+1+2.mp4;Fahkumram-f+1+2;fahkumram
f+3+4;m;22;i22;-14;+19a (+14);;"* Knee
* -9 frame advantage and 8 chip damage on block after absorbing an attack in power crush state
* Grants GRF on hit
* Power crush 7~21";kne pc7~21;;Deadly Knee;;;t8-p2-fahkumram-f+3+4.mp4;Fahkumram-f+3+4;fahkumram
df+1;m;12;i15~16;-3;+6;;;;;;r24;;t8-p2-fahkumram-df+1.mp4;Fahkumram-df+1;fahkumram
df+1,2;m, M;12, 20;i15~16, i27~28;-13;+12d;;"* Floor Break
* Elbow
* Combo from 1st hit with 3F delay
* Grants GRF on hit
* Interrupt with i7 from 1st block
* Move can be delayed by 2F
* Input can be delayed by 4F
* Low crush 12~27";fbr elb intr:7 js12~27;;Aiyara Combination: Mid;r36;;t8-p2-fahkumram-df+1,2.mp4;Fahkumram-df+1,2;fahkumram
df+1,4;m, h;12, 23;i15~16, i25~26;-5;+20a (+11);;"* Heat Engager

* Heat Dash +62a (+42)

* Knee
* Combo from 1st hit with 4F delay
* Interrupt with i3 from 1st block
* 4 chip damage on block";he kne intr:3 chp:4;;Aiyara Combination: High;r29;;t8-p2-fahkumram-df+1,4.mp4;Fahkumram-df+1,4;fahkumram
df+1,4~3;m, m;12, 20;i15~16, i18;-7;+9;+37a (+29);"* Tornado
* Balcony Break on CH
* Can be charged with up to 24F (up to i29) without performing charged version
* Can input 3 on frame 22 of df1,4
* i40 actual startup (cancel takes 22f)
* Interrupt with i18 from 1st block
* Interrupt with i9 from 1st hit";trn intr:18;;Aiyara Combination > Tornado Kick Convergence;r28;;t8-p2-fahkumram-df+1,4~3.mp4;Fahkumram-df+1,4~3;fahkumram
df+1,4~3*;m, m;12, 23;i15~16, i36;+9;+70a (+54);;"* Tornado
* Balcony Break
* 9 chip damage on block
* Powered up with GRF
* Cancel to FC with F
** Interrupt with i41? from 1st block or i32? from 1st hit
* Interrupt with i36 from 1st block
* Interrupt with i27 from 1st hit";trn bbr intr:36 chp:9;FC;Aiyara Combination > Tornado Kick Convergence (charged);;;t8-p2-fahkumram-df+1,4~3x.mp4;Fahkumram-df+1,4~3*;fahkumram
df+1,4~3*~B;m, m;12, 25;i15~16, i22;-7;+9;;"*
Homing
* Balcony Break
* Interrupt with i38 from 1st block
* Interrupt with i29 from 1st hit";hom bbr intr:38;;Tornado Maw;;;t8-p2-fahkumram-df+1,4~3x~b.mp4;Fahkumram-df+1,4~3*~B;fahkumram
df+1,4~4;m, h;12, 20;i15~16, i16;+3;+13g;+30a;"* Homing
* Balcony Break
* Strong Aerial Tailspin
* 6 chip damage on block
* Combos from 1st hit CH
* Just frame input 3,4:4
** 24 damage, 7 chip damage, slightly different juggle properties
** Interrupt with i16 from 1st block or i7 from 1st hit
* Interrupt with i13 from 1st block
* Interrupt with i4 from 1st hit";hom bbr intr:13 chp:6;;Aiyara Night Thunder;;;t8-p2-fahkumram-df+1,4~4.mp4;Fahkumram-df+1,4~4;fahkumram
df+2;m;10;i15;-7;+4;;;;;;;;t8-p2-fahkumram-df+2.mp4;Fahkumram-df+2;fahkumram
df+2,1;m, m;10, 22;i15, i24;-13;+13d;;"* Balcony Break
* Floor Break
* Elbow
* Combos from 1st hit";bbr fbr elb;;Searing Elbow;;;t8-p2-fahkumram-df+2,1.mp4;Fahkumram-df+2,1;fahkumram
df+2,3;m, h;10, 11;i15, i21;-13;+52cs;;"* Balcony Break
* Combos from 1st hit";bbr;;Searing High Switch;;;t8-p2-fahkumram-df+2,3.mp4;Fahkumram-df+2,3;fahkumram
df+3;l;15;i20;-13;-1c;+28g;;;;Sweeping Thunder;;;t8-p2-fahkumram-df+3.mp4;Fahkumram-df+3;fahkumram
df+3~3;m;20;i17;+2;+12d;;* 6 chip damage on block;chp:6;;Thunderbolt;;;t8-p2-fahkumram-df+3~3.mp4;Fahkumram-df+3~3;fahkumram
df+3~4;M;20;i25;-10;+21a (+4);;"* Balcony Break
* Knee
* Just frame input 4 on frames 1-2 for 6 more damage";bbr kne;;Lightning Streamer;;;t8-p2-fahkumram-df+3~4.mp4;Fahkumram-df+3~4;fahkumram
df+4;m;15;i16;-6;+3;;;;;;;;t8-p2-fahkumram-df+4.mp4;Fahkumram-df+4;fahkumram
df+4,1;m, h;15, 25;i16, i22;-6;+14a (+5);;"* Balcony Break
* Combos from 1st hit";bbr;;Chao Suea Rush;;;t8-p2-fahkumram-df+4,1.mp4;Fahkumram-df+4,1;fahkumram
df+4,3;m, m;15, 23;i16, i25;-12;+9d;;"* Tornado
* Knee
* Combos from 1st hit
* Low crush";trn kne js;;Chao Suea Raid;;;t8-p2-fahkumram-df+4,3.mp4;Fahkumram-df+4,3;fahkumram
df+3+4;m,m;8,16;i13;-10;+8;;* Good right sidestep tracking;;;Stomach Rupture;;;t8-p2-fahkumram-df+3+4.mp4;Fahkumram-df+3+4;fahkumram
GRF.df+3+4,3;m,m, m;8,16, 23;i13, i26;-9;+13g;;"* Consumes GRF
* Partially consumes remaining Heat Time
* Transition to +13g RAM on hit
* Combos from 1st hit
* 9 chip damage on block";chp:9;RAM;Naga Devourer;;;t8-p2-fahkumram-df+3+4,grf.3.mp4;Fahkumram-df+3+4,GRF.3;fahkumram
d+1;M;20;i18;-5;+8c;+13c;* Elbow;elb;FC;Lightning Elbow;FC;;t8-p2-fahkumram-d+1.mp4;Fahkumram-d+1;fahkumram
d+2;sl;13;i12;-9;+2;;"* Elbow
* High crush";elb cs;;Quick Low Elbow;;;t8-p2-fahkumram-d+2.mp4;Fahkumram-d+2;fahkumram
d+3;L;11;i16;-16;-5;;;;;;;;t8-p2-fahkumram-d+3.mp4;Fahkumram-d+3;fahkumram
d+3,4;L, h;11, 10;i16, i20;-9;+6;;* Combos from 1st hit CH;;;;;;t8-p2-fahkumram-d+3,4.mp4;Fahkumram-d+3,4;fahkumram
d+3,4,3;L, h, h;11, 10, 14;i16, ,i19;-7;+6;+29a;* Combos from 1st hit CH;;;Left Low Kick > Thunderstorm;;;t8-p2-fahkumram-d+3,4,3.mp4;Fahkumram-d+3,4,3;fahkumram
d+3,4,3~4;L, h, m;11, 10, 20;i16, ,i21;-5;+9;+44a;"* Knee
* Can be charged";kne;;Left Low Kick > Erupting Knee Convergence;;;t8-p2-fahkumram-d+3,4,3~4.mp4;Fahkumram-d+3,4,3~4;fahkumram
d+3,4,3~4*;L, h, m;11, 10, 25;i16, ,i36;+9;+73a (+57);;"* Tornado
* Knee
* Powered up with GRF
* Cancel to FC with F";trn kne;FC;Left Low Kick > Erupting Knee Convergence (charged);;;t8-p2-fahkumram-d+3,4,3~4x.mp4;Fahkumram-d+3,4,3~4*;fahkumram
d+3,4,3~4*~B;L, h, m;11, 10, 25;i16, ,i22;-7;+6;;"*
Homing
* Balcony Break";hom bbr;;Eruption Maw;;;t8-p2-fahkumram-d+3,4,3~4x~b.mp4;Fahkumram-d+3,4,3~4*~B;fahkumram
d+3,4,4;L, h, L;11, 10, 15;i16, ,i25;-15;-4;+0d;"* Combos from 3rd hit
* Shift to attack throw Murderous Sweep and gain GRF on CH";;;Left Low Kick > Twin Bolts;;;t8-p2-fahkumram-d+3,4,4.mp4;Fahkumram-d+3,4,4;fahkumram
d+4;L;18;i14;-15;-4;+0d;* Shift to attack throw Murderous Sweep and gain GRF on CH;;;Rumbling Thunder;;;t8-p2-fahkumram-d+4.mp4;Fahkumram-d+4;fahkumram
d+4 (counterhit);l (t);41;i14;;+0d;;"* Shifts to throw on front gounded CH
* Grants GRF on hit";;;Murderous Sweep;;;t8-p2-fahkumram-ch-d+4.mp4;Fahkumram-CH d+4;fahkumram
db+1;sl;5;i10;-5;+6;;;;;;;;File:t8-p2-fahkumram-db+1;Fahkumram-db+1;fahkumram
db+2;m;16;i16;-10;+1;;* High evasion;;;;;;File:t8-p2-fahkumram-db+2;Fahkumram-db+2;fahkumram
db+2,2;m, m;16, 16;i16, i25;-13;+1;;"* Elbow
* Combos from 1st hit";elb;;Lightning Rod;;;File:t8-p2-fahkumram-db+2,2;Fahkumram-db+2,2;fahkumram
db+4;h;23;i20~21;-6;+35d;;"* Strong Aerial Tailspin
* Balcony Break
* Recovers 1f slower on block
* High crush 6~19";bbr cs6~19;;Haang Jora Khee;r31;;File:t8-p2-fahkumram-db+4;Fahkumram-db+4;fahkumram
db+3+4;m;25;i30;-9;+15a;;* Balcony Break;bbr;;Encroaching Storm;;;File:t8-p2-fahkumram-db+3+4;Fahkumram-db+3+4;fahkumram
b+1;m;20;i14;-13;+34d;;;;;Surging Elbow;;;t8-p2-fahkumram-b+1.mp4;Fahkumram-b+1;fahkumram
b+1+3;;;;;;;"* Parries high, mid and low kicks
* Parry state 5~12";ps5~12;;Kick Parry;;;t8-p2-fahkumram-b+1+3.mp4;Fahkumram-b+1+3;fahkumram
b+1+3,P;m,m,h;40;i19;;+19a (+10);;"* Balcony Break
* Only occurs upon successful b+1+3 Parry";bbr;;Triple Vengeance;;;t8-p2-fahkumram-b+1+3,p.mp4;Fahkumram-b+1+3,P;fahkumram
b+2;h;17;i14;-15;-6;;;;;Backhand Blow;;;t8-p2-fahkumram-b+2.mp4;Fahkumram-b+2;fahkumram
b+2,1;h, h;17, 25;i14, i21;-9;+15a (+6);;"* Balcony Break
* Combos from 1st hit";bbr;;Backhand Blow > Piercing Bolt;;;t8-p2-fahkumram-b+2,1.mp4;Fahkumram-b+2,1;fahkumram
b+2+4;;;;;;;"* Parries high and mid punches
* Grants GRF on successful parry
* Regains recoverable health on successful parry
* Parry state 5~12";ps5~12;;Force Interrupt;;;t8-p2-fahkumram-b+2+4.mp4;Fahkumram-b+2+4;fahkumram
b+3;h;27;i16;-7;+15a (+6);;"* Heat Engager

* Heat Dash +5, +43d (+35)

* Homing
* 5 chip damage on block";he hom chp:5;;Thundershock Kick;r34;;t8-p2-fahkumram-b+3.mp4;Fahkumram-b+3;fahkumram
b+4;m;14;i14;-5;+6;;* Knee;kne;;;;;t8-p2-fahkumram-b+4.mp4;Fahkumram-b+4;fahkumram
b+4,3;m, m;14, 14;i14, i24;-10;-1;;"* Knee
* Combos from 1st hit";kne;;;;;t8-p2-fahkumram-b+4,3.mp4;Fahkumram-b+4,3;fahkumram
b+4,3,2;m, m, m;14, 14, 21;i14, ,i31;-12;+16d;;"* Knee
* Elbow
* Grants GRF on hit";kne elb;;Triple Crush;;;t8-p2-fahkumram-b+4,3,2.mp4;Fahkumram-b+4,3,2;fahkumram
b+1+4;m!;50;i60;!;+9a;;* Unblockable;;;Maximum Voltage;;;t8-p2-fahkumram-b+1+4.mp4;Fahkumram-b+1+4;fahkumram
b+3+4;m;22;i17;-13;+3;+33d (+25);* Balcony Break;bbr;;Heavy Teep;;;t8-p2-fahkumram-b+3+4.mp4;Fahkumram-b+3+4;fahkumram
uf+1;m;20;i28;+6;+24d;;"* Floor Break
* Elbow
* ub+1,u+1: no forward momentum
* 4 chip damage on block
* Low crush 9~28";fbr elb chp:4 js9~28;;Thundercloud;;;t8-p2-fahkumram-uf+1.mp4;Fahkumram-uf+1;fahkumram
uf+2;h;20;i18~19;-7;+22a (+13);;"* Balcony Break
* Elbow
* +0 and 8 chip damage on block after attack absorption
* Power crush 7~17";bbr elb pc7~17;;Beast Elbow;r27;;t8-p2-fahkumram-uf+2.mp4;Fahkumram-uf+2;fahkumram
uf+3;m;23;i14~15;-14;+9a (+0);;"* Heat Engager

* Heat Dash +43d (+35)

* Knee
* Balcony Break
* Recovers 3F faster on hit (t50 r35)
* Low crush 9~26
* Floating state 27";he kne bbr js9~26 fs27;;Erawan Tusk;r38;;t8-p2-fahkumram-uf+3.mp4;Fahkumram-uf+3;fahkumram
uf+4;m;22;i20~21;-16;+66a (+55);;"* Tornado
* Balcony Break
* Instant tornado
* Low crush 9~19";trn bbr js9~19;;Tyrant Teep;r34;;t8-p2-fahkumram-uf+4.mp4;Fahkumram-uf+4;fahkumram
uf+3+4;m,h;10,20;i18~19 i7~8;-11;+16a (-1);;"* Tornado
* Balcony Break
* Knee
* Low crush 18~42";trn bbr kne js18~42;;Twin Knee Barrage;r33;;File:t8-p2-fahkumram-uf+3+4.mp4;Fahkumram-uf+3+4;fahkumram
1+2+3+4;;;;;;;;;;Ki Charge;;;t8-p2-fahkumram-1+2+3+4.mp4;Fahkumram-1+2+3+4;fahkumram
b,f+4;h;25;i18~19;+6;+47a;;"* Reversal Break
* Has good left sidestep tracking
* Crumple stun
* 20f timestop on hit
* Recovers 3f faster on hit (t57 r38)
* 10 chip damage on block";rbr chp:10;;Lashing Squall;r41;;t8-p2-fahkumram-b,f+4.mp4;Fahkumram-b,f+4;fahkumram
f,F+3;L;20;i21;-14;+4;;;;;Flash Channel;r33;;t8-p2-fahkumram-f,f+3.mp4;Fahkumram-f,F+3;fahkumram
f,F+4;m;25;i22~23;-13;+33a;;"* Homing
* Balcony Break";hom bbr;;Stormbreaker;r35;;t8-p2-fahkumram-f,f+4.mp4;Fahkumram-f,F+4;fahkumram
f,F+4~1;m;20;i21;-3c;+8c;+32d;"* Spike (CH)
* Floor Break
* Input 1 at frame 18 of f,F+4
* Effective startup i39, cancel adds 18f
* 6 chip damage on block";fbr chp:6;;Barbaric Elbow;r28;;t8-p2-fahkumram-f,f+4~1.mp4;Fahkumram-f,F+4~1;fahkumram
f,F+4~3;L;15;i19~20;-23;+1c;;"* Stagger on block
* Input 3 at frame 18 of f,F+4
* Effective startup i37~38, cancel adds 18f";;;;r33;;t8-p2-fahkumram-f,f+4~3.mp4;Fahkumram-f,F+4~3;fahkumram
f,F+4~3,2;L, m;15, 20;i19~20, i25~26;+0~+1;+13d (-4);;"* Balcony Break
* Elbow
* Powered up in GRF
* Combo from 1st CH
* Move is delayed 2F
* Move cannot be interrupted from 1st hit (Cannot be counterhit)
* Input cannot be delayed
* 6 chip damage on block
* Inconsistent grounded hit";bbr elb chp:6;;Ramasura;r36;;t8-p2-fahkumram-f,f+4~3,2.mp4;Fahkumram-f,F+4~3,2;fahkumram
f,F+1+2;m;22;i18~19;-14;+43a (+33);;"* Grants GRF on hit
* Recovers 4F faster on hit (t49 r30)";;;Vicious Uppercut;r34;;t8-p2-fahkumram-f,f+1+2.mp4;Fahkumram-f,F+1+2;fahkumram
uf,n,4;m;20;i23~25;-13;+32a (+22);;"* Low crush 9~30
* Floating state 31~33";js9~30 fs31~33;;Delayed Rising Toe kick;r30;;t8-p2-fahkumram-uf,n,4.mp4;Fahkumram-uf,n,4;fahkumram
f,f,F+3;m;30;i19~22;+6;+15a (+5);;"* Balcony Break
* Knee
* 9 chip damage on block
* Low crush 3~29
* Floating state 30~32";bbr kne chp:9 js3~29 fs30~32;;Gale Force;r32;;t8-p2-fahkumram-f,f,f+3.mp4;Fahkumram-f,f,F+3;fahkumram
ws1;m;12;i13~14;-4;+4;;* Elbow;elb;;Quick Elbow;r22;;t8-p2-fahkumram-ws1.mp4;Fahkumram-ws1;fahkumram
ws1,2;m, h;12, 25;i13~14, i18~19;-9;+20a (11);;"* Heat Engager

* Heat Dash +43d (+35)

* Elbow
* Balcony Break
* Combo from 1st hit with 8F delay
* Move can be delayed by 10F
* Input can be delayed by 12F";he elb bbr;;Khorat Combination;r29;;t8-p2-fahkumram-ws1,2.mp4;Fahkumram-ws1,2;fahkumram
ws2;m;13;i14~15;-9;+7;;;;;;r29;;t8-p2-fahkumram-ws2.mp4;Fahkumram-ws2;fahkumram
ws2,4;m, m;13, 20;i14~15, i22~23;-13;+34a;;"* Balcony Break
* Homing
* Combo from 1st hit with 5F delay
* Interrupt with i6 from 1st block
* Move cannot be delayed
* Input can be delayed by 5F
* Can cancel into the same options as f,F+4 (f,F+4~1 and f,F+4~3,2)";bbr hom intr:6;;Demonbreaker;r34;;t8-p2-fahkumram-ws2,4.mp4;Fahkumram-ws2,4;fahkumram
ws2,4~1;m, m;13, 20;i14~15, i21;-3c;+8c;+32d;"* Spike (CH)
* Floor Break
* Input 1 at frame 18 of ws2,4
* Effective startup i39, cancel adds 18f
* Interrupt with i23 from 1st block (i7 from 1st hit)
* Whiffs vs SS, SW from 1st block
* 6 chip damage on block";fbr stp:SS intr:23 chp:6;;Barbaric Elbow;r28;;t8-p2-fahkumram-ws2,4~1.mp4;Fahkumram-ws2,4~1;fahkumram
ws2,4~3;m, L;13, 15;i14~15, i19~20;-23;+1c;;"* Input 3 at frame 18 of ws2,4
* Interrupt with i21 from 1st block (i5 from 1st hit)
* Effective startup i37~38, cancel adds 18f
* Whiffs vs SS, SW from 1st block";stp:SS intr:21;;;r33;;t8-p2-fahkumram-ws2,4~3.mp4;Fahkumram-ws2,4~3;fahkumram
ws2,4~3,2;m, L, m;13, 15, 20;i14~15, ,i25~26;+0~+1;+13d (-4);;"* Balcony Break
* Elbow
* Combo from 1st CH
* Powered up in GRF
* Move is delayed 2F
* Move cannot be interrupted from 2nd hit (Cannot be counterhit)
* Input cannot be delayed
* 6 chip damage on block
* Inconsistent grounded hit";bbr elb chp:6;;Ramasura;r36;;t8-p2-fahkumram-ws2,4~3,2.mp4;Fahkumram-ws2,4~3,2;fahkumram
ws3;m;20;i15~16;-14;+55a;;"* Knee
* Crumple stun";kne;;Sumeru Knee;r33;;t8-p2-fahkumram-ws3.mp4;Fahkumram-ws3;fahkumram
ws4;m;20;i11~12;-6;+5;;;;;Toe Smash;r24;;t8-p2-fahkumram-ws4.mp4;Fahkumram-ws4;fahkumram
SS.4;m;23;i15~16;-11;+38a;;"* Tornado
* Knee
* Sidestep adds 9f, effective move startup: i24
* Low crush 9~15";trn kne js9~15;;Sky Needle;r31;;t8-p2-fahkumram-ss.4.mp4;Fahkumram-SS.4;fahkumram
FC.df+2;L;22;i19~20;-14;+4;+12a;"* Elbow
* Opponent recovers in FDFT on CH
* High crush 1~20";elb cs1~20;;Slant Elbow;r32;;t8-p2-fahkumram-fc.df+2.mp4;Fahkumram-FC.df+2;fahkumram
...GRF.3*;m;25;i36;+13 RAM;+58cs;;"* Tornado
* Guard Break
* Reversal Break
* Consumes GRF
* Partially consumes remaining Heat time
* Transition to +13 RAM on block
* Cancel to FC with F
* Cancel to Surendrajit with D at frames 16-24? of Tornado Kick
* 10 chip damage on block";trn rbr chp:10;RAM,FC,Surendrajit;Fatal Tornado Kick;;;t8-p2-fahkumram-grf.3x.mp4;Fahkumram-GRF.3*;fahkumram
...GRF.3*~d;L,h;15,17;i27,i23;-12;+11a (+10);;"* Balcony Break
* Consumes GRF
* Partially consumes remaining Heat time
* +31a (+5) if only the 2nd hit hits";bbr;;Surenradjit;;;t8-p2-fahkumram-grf.3x~d.mp4;Fahkumram-GRF.3*~d;fahkumram
...GRF.4*;m;25;i36;+13 RAM;+42a (+32);;"* Tornado
* Guard Break
* Reversal Break
* Consumes GRF
* Partially consumes remaining Heat time
* Transition to +13 RAM on block
* Cancel to FC with F
* Cancel to Surendrajit with D at frames 16-24? of Tornado Kick
* 10 chip damage on block";trn rbr chp:10;RAM,FC,Surendrajit;Fatal Erupting Knee;;;t8-p2-fahkumram-grf.4x.mp4;Fahkumram-GRF.4*;fahkumram
GRF.1+2;sp;;;;;;"* Consumes GRF
* Partially consumes remaining Heat time
* Power crush 5~19";pc5~19;;Garuda Pressure;;;t8-p2-fahkumram-grf.1+2.mp4;Fahkumram-GRF.1+2;fahkumram
GRF.1+2,P;sp, m;20;i21;-9;+13g;;"* Transitions to +13g RAM
* Only occurs when GRF.1+2 absorbs an attack
* r21? freeze for the opponent after absorbing an attack 
* i36? effective startup
* 8 chip damage on block";chp:8;RAM;Garuda Pressure (counterattack);RAM;;t8-p2-fahkumram-grf.1+2,p.mp4;Fahkumram-GRF.1+2,P;fahkumram
RAM.1;m;20;i19;+1;+20a (+3);;"* Balcony Break
* Elbow
* 6 chip damage on block";bbr elb chp:6;;Nandaka;;;t8-p2-fahkumram-ram.1.mp4;Fahkumram-RAM.1;fahkumram
RAM.2;m!;43;i40;!;+18a (+8);;"* Balcony Break
* Unblockable";bbr;;Sharnga;;;t8-p2-fahkumram-ram.2.mp4;Fahkumram-RAM.2;fahkumram
RAM.3;m;20;i21;-11;-6;;;;;;;;t8-p2-fahkumram-ram.3.mp4;Fahkumram-RAM.3;fahkumram
RAM.3,4;m, h;20, 25;i21, i24;-9;+13a;;"* Balcony Break
* Combos from 1st hit
* 10 chip damage on block
* Jails from 1st hit";bbr chp:10;;Brahmastra;;;t8-p2-fahkumram-ram.3,4.mp4;Fahkumram-RAM.3,4;fahkumram
RAM.4;l;31;i21;-13;+11a;;* Balcony Break;bbr;;Varunapasha;;;t8-p2-fahkumram-ram.4.mp4;Fahkumram-RAM.4;fahkumram
RAM.db;;;;;;;* Cancels RAM;;;;;;t8-p2-fahkumram-ram.db.mp4;Fahkumram-RAM.db;fahkumram
GRF.f,F+4~3,2;L, m (t);15, 30;i19~20, i25;+0;+0d;;"* Balcony Break
* Consumes GRF
* Partially consumes remaining Heat Time
* Shift to attack throw on hit
* Combos from 1st hit
* 6 chip damage on block";bbr chp:6;;Fatal Ramasura;;;t8-p2-fahkumram-f,f+4~3,grf.2.mp4;Fahkumram-f,F+4~3,GRF.2;fahkumram
hFC.1;sl;5;i10;-5;+6;;"* Transition to r24 with f
* +6c on crouching hit
* High crush 1~";cs1~;FC;Crouch Jab;r24 FC;;t8-p2-fahkumram-hfc.1.mp4;Fahkumram-hFC.1;fahkumram
hFC.2;sl;13;i12;-9;+2;;"* Elbow
* High crush 1~40";elb cs1~40;FC;Quick Low Elbow;r28 FC;;t8-p2-fahkumram-hfc.2.mp4;Fahkumram-hFC.2;fahkumram
hFC.3;L;10;i16;-17;-6;;"* -6c on crouching hit
* High crush 1~";cs1~;FC;Crouch Spin Kick;r36 FC;;t8-p2-fahkumram-hfc.3.mp4;Fahkumram-hFC.3;fahkumram
hFC.4;l;6;i12;-15;-4;;"* -4c on crouching hit
* High crush 1~";cs1~;FC;Crouch Shin Kick;r34 FC;;t8-p2-fahkumram-hfc.4.mp4;Fahkumram-hFC.4;fahkumram
1+3;t;35;i12;-3;+0d;;"* Homing
* Throw break 1 or 2";hom;;Killer Sweep;r31;;t8-p2-fahkumram-1+3.mp4;Fahkumram-1+3;fahkumram
2+4;t;35;i12;-6;+0d;;"* Homing
* Throw break 1 or 2
* Sideswaps on hit";hom;;Raging Knee;r31;;t8-p2-fahkumram-2+4.mp4;Fahkumram-2+4;fahkumram
Back Throw;t;50;i12;;+0d;;* Unbreakable throw;;;Checkmate;;;t8-p2-fahkumram-back-throw.mp4;Fahkumram-Back Throw;fahkumram
Left Throw;t;40;i12;-3;+0d;;"* Homing
* Throw break 1";hom;;Killer Sweep;;;t8-p2-fahkumram-left-throw.mp4;Fahkumram-Left Throw;fahkumram
RAM.1+3;t!;40;i23;!;-3d;;"* Homing
* Floor Break
* Unbreakable throw
* Grants GRF on hit";hom fbr;;Sudarshana Chakra;;;t8-p2-fahkumram-ram.1+3.mp4;Fahkumram-RAM.1+3;fahkumram
Right Throw;t;40;i12;-3;+0d;;"* Homing
* Throw break 2
* Sideswaps on hit";hom;;Raging Knee;;;t8-p2-fahkumram-right-throw.mp4;Fahkumram-Right Throw;fahkumram
uf+1+2;t;40;i12;-3;+0d;;"* Balcony Break
* Throw break 1+2";bbr;;Genocidal Rush;r27;;t8-p2-fahkumram-uf+1+2.mp4;Fahkumram-uf+1+2;fahkumram
